"success","trial_type","trial_index","time_elapsed","internal_node_id","assignmentID","mturkID","hitID","view_history","rt","stimulus","key_press","reactionTime","a","r","s","cond","reward_cond","reward_cond_actual","reward_matrix_idx","responses","question_order"
"true","fullscreen","0","2315","0.0-0.0","3G5F9DBFOQJ2ISONZKZSGDEII9MVHP","A17K1CHOI773VZ","32XN26MTXZ5MP383W6LZYTLBY7P0LI","","","","","","","","","","","","","",""
"","instructions","1","46982","0.0-1.0","3G5F9DBFOQJ2ISONZKZSGDEII9MVHP","A17K1CHOI773VZ","32XN26MTXZ5MP383W6LZYTLBY7P0LI","[{""page_index"":0,""viewing_time"":5982},{""page_index"":1,""viewing_time"":3936},{""page_index"":2,""viewing_time"":2664},{""page_index"":3,""viewing_time"":9952},{""page_index"":4,""viewing_time"":10360.300000000047},{""page_index"":5,""viewing_time"":3199.899999999907},{""page_index"":6,""viewing_time"":1064.1000000000931},{""page_index"":5,""viewing_time"":4456.09999999986},{""page_index"":6,""viewing_time"":3048}]","44663.19999999995","","","","","","","","","","","",""
"","image-keyboard-response","2","48630","0.0-2.0","3G5F9DBFOQJ2ISONZKZSGDEII9MVHP","A17K1CHOI773VZ","32XN26MTXZ5MP383W6LZYTLBY7P0LI","","1646.5","img/land1.png","74","1647.7999999998137","1","1","1","2","1,0.7,0.7,0.7,1,0.7,0.7,0.7,1","1,0.7,0.7,0.7,1,0.7,0.7,0.7,1","","",""
"","html-keyboard-response","3","48939","0.0-3.0","3G5F9DBFOQJ2ISONZKZSGDEII9MVHP","A17K1CHOI773VZ","32XN26MTXZ5MP383W6LZYTLBY7P0LI","","null","<img src=""img/land1.png"" style=""width:200px; border:14px solid green;"">","null","","","","","","","","","",""
"","image-keyboard-response","4","49373","0.0-4.0","3G5F9DBFOQJ2ISONZKZSGDEII9MVHP","A17K1CHOI773VZ","32XN26MTXZ5MP383W6LZYTLBY7P0LI","","433.4000000001397","img/land1.png","74","434.60000000009313","1","1","1","2","1,0.7,0.7,0.7,1,0.7,0.7,0.7,1","1,0.7,0.7,0.7,1,0.7,0.7,0.7,1","","",""
"","html-keyboard-response","5","49683","0.0-5.0","3G5F9DBFOQJ2ISONZKZSGDEII9MVHP","A17K1CHOI773VZ","32XN26MTXZ5MP383W6LZYTLBY7P0LI","","null","<img src=""img/land1.png"" style=""width:200px; border:14px solid green;"">","null","","","","","","","","","",""
"","image-keyboard-response","6","50158","0.0-6.0","3G5F9DBFOQJ2ISONZKZSGDEII9MVHP","A17K1CHOI773VZ","32XN26MTXZ5MP383W6LZYTLBY7P0LI","","473.89999999990687","img/land3.png","75","475.30000000004657","2","1","3","2","1,0.7,0.7,0.7,1,0.7,0.7,0.7,1","1,0.7,0.7,0.7,1,0.7,0.7,0.7,1","","",""
"","html-keyboard-response","7","50467","0.0-7.0","3G5F9DBFOQJ2ISONZKZSGDEII9MVHP","A17K1CHOI773VZ","32XN26MTXZ5MP383W6LZYTLBY7P0LI","","null","<img src=""img/land3.png"" style=""width:200px; border:14px solid green;"">","null","","","","","","","","","",""
"","image-keyboard-response","8","50765","0.0-8.0","3G5F9DBFOQJ2ISONZKZSGDEII9MVHP","A17K1CHOI773VZ","32XN26MTXZ5MP383W6LZYTLBY7P0LI","","297.69999999995343","img/land3.png","75","298.60000000009313","2","0","3","2","1,0.7,0.7,0.7,1,0.7,0.7,0.7,1","1,0.7,0.7,0.7,1,0.7,0.7,0.7,1","","",""
"","html-keyboard-response","9","51075","0.0-9.0","3G5F9DBFOQJ2ISONZKZSGDEII9MVHP","A17K1CHOI773VZ","32XN26MTXZ5MP383W6LZYTLBY7P0LI","","null","<img src=""img/land3.png"" style=""width:200px;border:14px solid red;"">","null","","","","","","","","","",""
"","image-keyboard-response","10","51741","0.0-10.0","3G5F9DBFOQJ2ISONZKZSGDEII9MVHP","A17K1CHOI773VZ","32XN26MTXZ5MP383W6LZYTLBY7P0LI","","665.0999999998603","img/land1.png","74","666.1999999999534","1","1","1","2","1,0.7,0.7,0.7,1,0.7,0.7,0.7,1","1,0.7,0.7,0.7,1,0.7,0.7,0.7,1","","",""
"","html-keyboard-response","11","52051","0.0-11.0","3G5F9DBFOQJ2ISONZKZSGDEII9MVHP","A17K1CHOI773VZ","32XN26MTXZ5MP383W6LZYTLBY7P0LI","","null","<img src=""img/land1.png"" style=""width:200px; border:14px solid green;"">","null","","","","","","","","","",""
"","image-keyboard-response","12","52294","0.0-12.0","3G5F9DBFOQJ2ISONZKZSGDEII9MVHP","A17K1CHOI773VZ","32XN26MTXZ5MP383W6LZYTLBY7P0LI","","241.5999999998603","img/land1.png","74","242.60000000009313","1","1","1","2","1,0.7,0.7,0.7,1,0.7,0.7,0.7,1","1,0.7,0.7,0.7,1,0.7,0.7,0.7,1","","",""
"","html-keyboard-response","13","52595","0.0-13.0","3G5F9DBFOQJ2ISONZKZSGDEII9MVHP","A17K1CHOI773VZ","32XN26MTXZ5MP383W6LZYTLBY7P0LI","","null","<img src=""img/land1.png"" style=""width:200px; border:14px solid green;"">","null","","","","","","","","","",""
"","image-keyboard-response","14","52989","0.0-14.0","3G5F9DBFOQJ2ISONZKZSGDEII9MVHP","A17K1CHOI773VZ","32XN26MTXZ5MP383W6LZYTLBY7P0LI","","393.5999999998603","img/land3.png","75","394.70000000018626","2","1","3","2","1,0.7,0.7,0.7,1,0.7,0.7,0.7,1","1,0.7,0.7,0.7,1,0.7,0.7,0.7,1","","",""
"","html-keyboard-response","15","53299","0.0-15.0","3G5F9DBFOQJ2ISONZKZSGDEII9MVHP","A17K1CHOI773VZ","32XN26MTXZ5MP383W6LZYTLBY7P0LI","","null","<img src=""img/land3.png"" style=""width:200px; border:14px solid green;"">","null","","","","","","","","","",""
"","image-keyboard-response","16","53533","0.0-16.0","3G5F9DBFOQJ2ISONZKZSGDEII9MVHP","A17K1CHOI773VZ","32XN26MTXZ5MP383W6LZYTLBY7P0LI","","233.69999999995343","img/land3.png","75","234.39999999990687","2","1","3","2","1,0.7,0.7,0.7,1,0.7,0.7,0.7,1","1,0.7,0.7,0.7,1,0.7,0.7,0.7,1","","",""
"","html-keyboard-response","17","53843","0.0-17.0","3G5F9DBFOQJ2ISONZKZSGDEII9MVHP","A17K1CHOI773VZ","32XN26MTXZ5MP383W6LZYTLBY7P0LI","","null","<img src=""img/land3.png"" style=""width:200px; border:14px solid green;"">","null","","","","","","","","","",""
"","image-keyboard-response","18","54037","0.0-18.0","3G5F9DBFOQJ2ISONZKZSGDEII9MVHP","A17K1CHOI773VZ","32XN26MTXZ5MP383W6LZYTLBY7P0LI","","193.5","img/land2.png","75","194.5","2","1","2","2","1,0.7,0.7,0.7,1,0.7,0.7,0.7,1","1,0.7,0.7,0.7,1,0.7,0.7,0.7,1","","",""
"","html-keyboard-response","19","54346","0.0-19.0","3G5F9DBFOQJ2ISONZKZSGDEII9MVHP","A17K1CHOI773VZ","32XN26MTXZ5MP383W6LZYTLBY7P0LI","","null","<img src=""img/land2.png"" style=""width:200px; border:14px solid green;"">","null","","","","","","","","","",""
"","image-keyboard-response","20","55022","0.0-20.0","3G5F9DBFOQJ2ISONZKZSGDEII9MVHP","A17K1CHOI773VZ","32XN26MTXZ5MP383W6LZYTLBY7P0LI","","674.1000000000931","img/land1.png","74","675","1","1","1","2","1,0.7,0.7,0.7,1,0.7,0.7,0.7,1","1,0.7,0.7,0.7,1,0.7,0.7,0.7,1","","",""
"","html-keyboard-response","21","55330","0.0-21.0","3G5F9DBFOQJ2ISONZKZSGDEII9MVHP","A17K1CHOI773VZ","32XN26MTXZ5MP383W6LZYTLBY7P0LI","","null","<img src=""img/land1.png"" style=""width:200px; border:14px solid green;"">","null","","","","","","","","","",""
"","image-keyboard-response","22","55806","0.0-22.0","3G5F9DBFOQJ2ISONZKZSGDEII9MVHP","A17K1CHOI773VZ","32XN26MTXZ5MP383W6LZYTLBY7P0LI","","474.10000000009313","img/land3.png","75","475","2","0","3","2","1,0.7,0.7,0.7,1,0.7,0.7,0.7,1","1,0.7,0.7,0.7,1,0.7,0.7,0.7,1","","",""
"","html-keyboard-response","23","56114","0.0-23.0","3G5F9DBFOQJ2ISONZKZSGDEII9MVHP","A17K1CHOI773VZ","32XN26MTXZ5MP383W6LZYTLBY7P0LI","","null","<img src=""img/land3.png"" style=""width:200px;border:14px solid red;"">","null","","","","","","","","","",""
"","image-keyboard-response","24","56750","0.0-24.0","3G5F9DBFOQJ2ISONZKZSGDEII9MVHP","A17K1CHOI773VZ","32XN26MTXZ5MP383W6LZYTLBY7P0LI","","633.8000000000466","img/land1.png","74","634.9000000001397","1","1","1","2","1,0.7,0.7,0.7,1,0.7,0.7,0.7,1","1,0.7,0.7,0.7,1,0.7,0.7,0.7,1","","",""
"","html-keyboard-response","25","57059","0.0-25.0","3G5F9DBFOQJ2ISONZKZSGDEII9MVHP","A17K1CHOI773VZ","32XN26MTXZ5MP383W6LZYTLBY7P0LI","","null","<img src=""img/land1.png"" style=""width:200px; border:14px solid green;"">","null","","","","","","","","","",""
"","image-keyboard-response","26","57358","0.0-26.0","3G5F9DBFOQJ2ISONZKZSGDEII9MVHP","A17K1CHOI773VZ","32XN26MTXZ5MP383W6LZYTLBY7P0LI","","297.9000000001397","img/land1.png","74","298.80000000004657","1","1","1","2","1,0.7,0.7,0.7,1,0.7,0.7,0.7,1","1,0.7,0.7,0.7,1,0.7,0.7,0.7,1","","",""
"","html-keyboard-response","27","57666","0.0-27.0","3G5F9DBFOQJ2ISONZKZSGDEII9MVHP","A17K1CHOI773VZ","32XN26MTXZ5MP383W6LZYTLBY7P0LI","","null","<img src=""img/land1.png"" style=""width:200px; border:14px solid green;"">","null","","","","","","","","","",""
"","image-keyboard-response","28","58110","0.0-28.0","3G5F9DBFOQJ2ISONZKZSGDEII9MVHP","A17K1CHOI773VZ","32XN26MTXZ5MP383W6LZYTLBY7P0LI","","442","img/land2.png","76","443","3","1","2","2","1,0.7,0.7,0.7,1,0.7,0.7,0.7,1","1,0.7,0.7,0.7,1,0.7,0.7,0.7,1","","",""
"","html-keyboard-response","29","58419","0.0-29.0","3G5F9DBFOQJ2ISONZKZSGDEII9MVHP","A17K1CHOI773VZ","32XN26MTXZ5MP383W6LZYTLBY7P0LI","","null","<img src=""img/land2.png"" style=""width:200px; border:14px solid green;"">","null","","","","","","","","","",""
"","image-keyboard-response","30","59302","0.0-30.0","3G5F9DBFOQJ2ISONZKZSGDEII9MVHP","A17K1CHOI773VZ","32XN26MTXZ5MP383W6LZYTLBY7P0LI","","882.2000000001863","img/land1.png","74","883.0999999998603","1","1","1","2","1,0.7,0.7,0.7,1,0.7,0.7,0.7,1","1,0.7,0.7,0.7,1,0.7,0.7,0.7,1","","",""
"","html-keyboard-response","31","59611","0.0-31.0","3G5F9DBFOQJ2ISONZKZSGDEII9MVHP","A17K1CHOI773VZ","32XN26MTXZ5MP383W6LZYTLBY7P0LI","","null","<img src=""img/land1.png"" style=""width:200px; border:14px solid green;"">","null","","","","","","","","","",""
"","image-keyboard-response","32","60101","0.0-32.0","3G5F9DBFOQJ2ISONZKZSGDEII9MVHP","A17K1CHOI773VZ","32XN26MTXZ5MP383W6LZYTLBY7P0LI","","489.4000000001397","img/land3.png","75","490.20000000018626","2","1","3","2","1,0.7,0.7,0.7,1,0.7,0.7,0.7,1","1,0.7,0.7,0.7,1,0.7,0.7,0.7,1","","",""
"","html-keyboard-response","33","60411","0.0-33.0","3G5F9DBFOQJ2ISONZKZSGDEII9MVHP","A17K1CHOI773VZ","32XN26MTXZ5MP383W6LZYTLBY7P0LI","","null","<img src=""img/land3.png"" style=""width:200px; border:14px solid green;"">","null","","","","","","","","","",""
"","image-keyboard-response","34","60926","0.0-34.0","3G5F9DBFOQJ2ISONZKZSGDEII9MVHP","A17K1CHOI773VZ","32XN26MTXZ5MP383W6LZYTLBY7P0LI","","513.4000000001397","img/land1.png","76","514.3000000000466","3","0","1","2","1,0.7,0.7,0.7,1,0.7,0.7,0.7,1","1,0.7,0.7,0.7,1,0.7,0.7,0.7,1","","",""
"","html-keyboard-response","35","61235","0.0-35.0","3G5F9DBFOQJ2ISONZKZSGDEII9MVHP","A17K1CHOI773VZ","32XN26MTXZ5MP383W6LZYTLBY7P0LI","","null","<img src=""img/land1.png"" style=""width:200px;border:14px solid red;"">","null","","","","","","","","","",""
"","image-keyboard-response","36","61870","0.0-36.0","3G5F9DBFOQJ2ISONZKZSGDEII9MVHP","A17K1CHOI773VZ","32XN26MTXZ5MP383W6LZYTLBY7P0LI","","633.6000000000931","img/land2.png","76","634.7000000001863","3","0","2","2","1,0.7,0.7,0.7,1,0.7,0.7,0.7,1","1,0.7,0.7,0.7,1,0.7,0.7,0.7,1","","",""
"","html-keyboard-response","37","62178","0.0-37.0","3G5F9DBFOQJ2ISONZKZSGDEII9MVHP","A17K1CHOI773VZ","32XN26MTXZ5MP383W6LZYTLBY7P0LI","","null","<img src=""img/land2.png"" style=""width:200px;border:14px solid red;"">","null","","","","","","","","","",""
"","image-keyboard-response","38","62686","0.0-38.0","3G5F9DBFOQJ2ISONZKZSGDEII9MVHP","A17K1CHOI773VZ","32XN26MTXZ5MP383W6LZYTLBY7P0LI","","506.10000000009313","img/land1.png","74","507.0999999998603","1","1","1","2","1,0.7,0.7,0.7,1,0.7,0.7,0.7,1","1,0.7,0.7,0.7,1,0.7,0.7,0.7,1","","",""
"","html-keyboard-response","39","62994","0.0-39.0","3G5F9DBFOQJ2ISONZKZSGDEII9MVHP","A17K1CHOI773VZ","32XN26MTXZ5MP383W6LZYTLBY7P0LI","","null","<img src=""img/land1.png"" style=""width:200px; border:14px solid green;"">","null","","","","","","","","","",""
"","image-keyboard-response","40","63446","0.0-40.0","3G5F9DBFOQJ2ISONZKZSGDEII9MVHP","A17K1CHOI773VZ","32XN26MTXZ5MP383W6LZYTLBY7P0LI","","450.30000000004657","img/land1.png","74","451.20000000018626","1","1","1","2","1,0.7,0.7,0.7,1,0.7,0.7,0.7,1","1,0.7,0.7,0.7,1,0.7,0.7,0.7,1","","",""
"","html-keyboard-response","41","63754","0.0-41.0","3G5F9DBFOQJ2ISONZKZSGDEII9MVHP","A17K1CHOI773VZ","32XN26MTXZ5MP383W6LZYTLBY7P0LI","","null","<img src=""img/land1.png"" style=""width:200px; border:14px solid green;"">","null","","","","","","","","","",""
"","image-keyboard-response","42","64278","0.0-42.0","3G5F9DBFOQJ2ISONZKZSGDEII9MVHP","A17K1CHOI773VZ","32XN26MTXZ5MP383W6LZYTLBY7P0LI","","522.6999999999534","img/land2.png","75","523.6000000000931","2","1","2","2","1,0.7,0.7,0.7,1,0.7,0.7,0.7,1","1,0.7,0.7,0.7,1,0.7,0.7,0.7,1","","",""
"","html-keyboard-response","43","64586","0.0-43.0","3G5F9DBFOQJ2ISONZKZSGDEII9MVHP","A17K1CHOI773VZ","32XN26MTXZ5MP383W6LZYTLBY7P0LI","","null","<img src=""img/land2.png"" style=""width:200px; border:14px solid green;"">","null","","","","","","","","","",""
"","image-keyboard-response","44","65230","0.0-44.0","3G5F9DBFOQJ2ISONZKZSGDEII9MVHP","A17K1CHOI773VZ","32XN26MTXZ5MP383W6LZYTLBY7P0LI","","642.1999999999534","img/land1.png","74","643.0999999998603","1","1","1","2","1,0.7,0.7,0.7,1,0.7,0.7,0.7,1","1,0.7,0.7,0.7,1,0.7,0.7,0.7,1","","",""
"","html-keyboard-response","45","65538","0.0-45.0","3G5F9DBFOQJ2ISONZKZSGDEII9MVHP","A17K1CHOI773VZ","32XN26MTXZ5MP383W6LZYTLBY7P0LI","","null","<img src=""img/land1.png"" style=""width:200px; border:14px solid green;"">","null","","","","","","","","","",""
"","image-keyboard-response","46","66134","0.0-46.0","3G5F9DBFOQJ2ISONZKZSGDEII9MVHP","A17K1CHOI773VZ","32XN26MTXZ5MP383W6LZYTLBY7P0LI","","594.2999999998137","img/land3.png","75","595.0999999998603","2","0","3","2","1,0.7,0.7,0.7,1,0.7,0.7,0.7,1","1,0.7,0.7,0.7,1,0.7,0.7,0.7,1","","",""
"","html-keyboard-response","47","66442","0.0-47.0","3G5F9DBFOQJ2ISONZKZSGDEII9MVHP","A17K1CHOI773VZ","32XN26MTXZ5MP383W6LZYTLBY7P0LI","","null","<img src=""img/land3.png"" style=""width:200px;border:14px solid red;"">","null","","","","","","","","","",""
"","image-keyboard-response","48","68606","0.0-48.0","3G5F9DBFOQJ2ISONZKZSGDEII9MVHP","A17K1CHOI773VZ","32XN26MTXZ5MP383W6LZYTLBY7P0LI","","2162.100000000093","img/land1.png","74","2163.1999999999534","1","1","1","2","1,0.7,0.7,0.7,1,0.7,0.7,0.7,1","1,0.7,0.7,0.7,1,0.7,0.7,0.7,1","","",""
"","html-keyboard-response","49","68914","0.0-49.0","3G5F9DBFOQJ2ISONZKZSGDEII9MVHP","A17K1CHOI773VZ","32XN26MTXZ5MP383W6LZYTLBY7P0LI","","null","<img src=""img/land1.png"" style=""width:200px; border:14px solid green;"">","null","","","","","","","","","",""
"","image-keyboard-response","50","69550","0.0-50.0","3G5F9DBFOQJ2ISONZKZSGDEII9MVHP","A17K1CHOI773VZ","32XN26MTXZ5MP383W6LZYTLBY7P0LI","","634.3999999999069","img/land2.png","76","635.3000000000466","3","0","2","2","1,0.7,0.7,0.7,1,0.7,0.7,0.7,1","1,0.7,0.7,0.7,1,0.7,0.7,0.7,1","","",""
"","html-keyboard-response","51","69859","0.0-51.0","3G5F9DBFOQJ2ISONZKZSGDEII9MVHP","A17K1CHOI773VZ","32XN26MTXZ5MP383W6LZYTLBY7P0LI","","null","<img src=""img/land2.png"" style=""width:200px;border:14px solid red;"">","null","","","","","","","","","",""
"","image-keyboard-response","52","70502","0.0-52.0","3G5F9DBFOQJ2ISONZKZSGDEII9MVHP","A17K1CHOI773VZ","32XN26MTXZ5MP383W6LZYTLBY7P0LI","","642.0999999998603","img/land2.png","74","642.8999999999069","1","1","2","2","1,0.7,0.7,0.7,1,0.7,0.7,0.7,1","1,0.7,0.7,0.7,1,0.7,0.7,0.7,1","","",""
"","html-keyboard-response","53","70811","0.0-53.0","3G5F9DBFOQJ2ISONZKZSGDEII9MVHP","A17K1CHOI773VZ","32XN26MTXZ5MP383W6LZYTLBY7P0LI","","null","<img src=""img/land2.png"" style=""width:200px; border:14px solid green;"">","null","","","","","","","","","",""
"","image-keyboard-response","54","71646","0.0-54.0","3G5F9DBFOQJ2ISONZKZSGDEII9MVHP","A17K1CHOI773VZ","32XN26MTXZ5MP383W6LZYTLBY7P0LI","","834.1999999999534","img/land1.png","74","834.8999999999069","1","1","1","2","1,0.7,0.7,0.7,1,0.7,0.7,0.7,1","1,0.7,0.7,0.7,1,0.7,0.7,0.7,1","","",""
"","html-keyboard-response","55","71955","0.0-55.0","3G5F9DBFOQJ2ISONZKZSGDEII9MVHP","A17K1CHOI773VZ","32XN26MTXZ5MP383W6LZYTLBY7P0LI","","null","<img src=""img/land1.png"" style=""width:200px; border:14px solid green;"">","null","","","","","","","","","",""
"","image-keyboard-response","56","72254","0.0-56.0","3G5F9DBFOQJ2ISONZKZSGDEII9MVHP","A17K1CHOI773VZ","32XN26MTXZ5MP383W6LZYTLBY7P0LI","","298.19999999995343","img/land1.png","74","299.10000000009313","1","1","1","2","1,0.7,0.7,0.7,1,0.7,0.7,0.7,1","1,0.7,0.7,0.7,1,0.7,0.7,0.7,1","","",""
"","html-keyboard-response","57","72563","0.0-57.0","3G5F9DBFOQJ2ISONZKZSGDEII9MVHP","A17K1CHOI773VZ","32XN26MTXZ5MP383W6LZYTLBY7P0LI","","null","<img src=""img/land1.png"" style=""width:200px; border:14px solid green;"">","null","","","","","","","","","",""
"","image-keyboard-response","58","72878","0.0-58.0","3G5F9DBFOQJ2ISONZKZSGDEII9MVHP","A17K1CHOI773VZ","32XN26MTXZ5MP383W6LZYTLBY7P0LI","","314.10000000009313","img/land1.png","74","314.89999999990687","1","1","1","2","1,0.7,0.7,0.7,1,0.7,0.7,0.7,1","1,0.7,0.7,0.7,1,0.7,0.7,0.7,1","","",""
"","html-keyboard-response","59","73187","0.0-59.0","3G5F9DBFOQJ2ISONZKZSGDEII9MVHP","A17K1CHOI773VZ","32XN26MTXZ5MP383W6LZYTLBY7P0LI","","null","<img src=""img/land1.png"" style=""width:200px; border:14px solid green;"">","null","","","","","","","","","",""
"","image-keyboard-response","60","73406","0.0-60.0","3G5F9DBFOQJ2ISONZKZSGDEII9MVHP","A17K1CHOI773VZ","32XN26MTXZ5MP383W6LZYTLBY7P0LI","","218.10000000009313","img/land3.png","74","218.80000000004657","1","0","3","2","1,0.7,0.7,0.7,1,0.7,0.7,0.7,1","1,0.7,0.7,0.7,1,0.7,0.7,0.7,1","","",""
"","html-keyboard-response","61","73715","0.0-61.0","3G5F9DBFOQJ2ISONZKZSGDEII9MVHP","A17K1CHOI773VZ","32XN26MTXZ5MP383W6LZYTLBY7P0LI","","null","<img src=""img/land3.png"" style=""width:200px;border:14px solid red;"">","null","","","","","","","","","",""
"","image-keyboard-response","62","74094","0.0-62.0","3G5F9DBFOQJ2ISONZKZSGDEII9MVHP","A17K1CHOI773VZ","32XN26MTXZ5MP383W6LZYTLBY7P0LI","","378.10000000009313","img/land3.png","75","379","2","1","3","2","1,0.7,0.7,0.7,1,0.7,0.7,0.7,1","1,0.7,0.7,0.7,1,0.7,0.7,0.7,1","","",""
"","html-keyboard-response","63","74403","0.0-63.0","3G5F9DBFOQJ2ISONZKZSGDEII9MVHP","A17K1CHOI773VZ","32XN26MTXZ5MP383W6LZYTLBY7P0LI","","null","<img src=""img/land3.png"" style=""width:200px; border:14px solid green;"">","null","","","","","","","","","",""
"","image-keyboard-response","64","75294","0.0-64.0","3G5F9DBFOQJ2ISONZKZSGDEII9MVHP","A17K1CHOI773VZ","32XN26MTXZ5MP383W6LZYTLBY7P0LI","","890.0999999998603","img/land2.png","76","891","3","0","2","2","1,0.7,0.7,0.7,1,0.7,0.7,0.7,1","1,0.7,0.7,0.7,1,0.7,0.7,0.7,1","","",""
"","html-keyboard-response","65","75603","0.0-65.0","3G5F9DBFOQJ2ISONZKZSGDEII9MVHP","A17K1CHOI773VZ","32XN26MTXZ5MP383W6LZYTLBY7P0LI","","null","<img src=""img/land2.png"" style=""width:200px;border:14px solid red;"">","null","","","","","","","","","",""
"","image-keyboard-response","66","76238","0.0-66.0","3G5F9DBFOQJ2ISONZKZSGDEII9MVHP","A17K1CHOI773VZ","32XN26MTXZ5MP383W6LZYTLBY7P0LI","","634.1000000000931","img/land1.png","74","635","1","1","1","2","1,0.7,0.7,0.7,1,0.7,0.7,0.7,1","1,0.7,0.7,0.7,1,0.7,0.7,0.7,1","","",""
"","html-keyboard-response","67","76547","0.0-67.0","3G5F9DBFOQJ2ISONZKZSGDEII9MVHP","A17K1CHOI773VZ","32XN26MTXZ5MP383W6LZYTLBY7P0LI","","null","<img src=""img/land1.png"" style=""width:200px; border:14px solid green;"">","null","","","","","","","","","",""
"","image-keyboard-response","68","76934","0.0-68.0","3G5F9DBFOQJ2ISONZKZSGDEII9MVHP","A17K1CHOI773VZ","32XN26MTXZ5MP383W6LZYTLBY7P0LI","","386","img/land3.png","75","386.9000000001397","2","1","3","2","1,0.7,0.7,0.7,1,0.7,0.7,0.7,1","1,0.7,0.7,0.7,1,0.7,0.7,0.7,1","","",""
"","html-keyboard-response","69","77235","0.0-69.0","3G5F9DBFOQJ2ISONZKZSGDEII9MVHP","A17K1CHOI773VZ","32XN26MTXZ5MP383W6LZYTLBY7P0LI","","null","<img src=""img/land3.png"" style=""width:200px; border:14px solid green;"">","null","","","","","","","","","",""
"","image-keyboard-response","70","77686","0.0-70.0","3G5F9DBFOQJ2ISONZKZSGDEII9MVHP","A17K1CHOI773VZ","32XN26MTXZ5MP383W6LZYTLBY7P0LI","","450","img/land1.png","76","451","3","0","1","2","1,0.7,0.7,0.7,1,0.7,0.7,0.7,1","1,0.7,0.7,0.7,1,0.7,0.7,0.7,1","","",""
"","html-keyboard-response","71","77995","0.0-71.0","3G5F9DBFOQJ2ISONZKZSGDEII9MVHP","A17K1CHOI773VZ","32XN26MTXZ5MP383W6LZYTLBY7P0LI","","null","<img src=""img/land1.png"" style=""width:200px;border:14px solid red;"">","null","","","","","","","","","",""
"","image-keyboard-response","72","78246","0.0-72.0","3G5F9DBFOQJ2ISONZKZSGDEII9MVHP","A17K1CHOI773VZ","32XN26MTXZ5MP383W6LZYTLBY7P0LI","","249.89999999990687","img/land2.png","74","251","1","1","2","2","1,0.7,0.7,0.7,1,0.7,0.7,0.7,1","1,0.7,0.7,0.7,1,0.7,0.7,0.7,1","","",""
"","html-keyboard-response","73","78555","0.0-73.0","3G5F9DBFOQJ2ISONZKZSGDEII9MVHP","A17K1CHOI773VZ","32XN26MTXZ5MP383W6LZYTLBY7P0LI","","null","<img src=""img/land2.png"" style=""width:200px; border:14px solid green;"">","null","","","","","","","","","",""
"","image-keyboard-response","74","79142","0.0-74.0","3G5F9DBFOQJ2ISONZKZSGDEII9MVHP","A17K1CHOI773VZ","32XN26MTXZ5MP383W6LZYTLBY7P0LI","","586.0999999998603","img/land1.png","74","586.8999999999069","1","1","1","2","1,0.7,0.7,0.7,1,0.7,0.7,0.7,1","1,0.7,0.7,0.7,1,0.7,0.7,0.7,1","","",""
"","html-keyboard-response","75","79451","0.0-75.0","3G5F9DBFOQJ2ISONZKZSGDEII9MVHP","A17K1CHOI773VZ","32XN26MTXZ5MP383W6LZYTLBY7P0LI","","null","<img src=""img/land1.png"" style=""width:200px; border:14px solid green;"">","null","","","","","","","","","",""
"","image-keyboard-response","76","79838","0.0-76.0","3G5F9DBFOQJ2ISONZKZSGDEII9MVHP","A17K1CHOI773VZ","32XN26MTXZ5MP383W6LZYTLBY7P0LI","","386.19999999995343","img/land1.png","74","387","1","1","1","2","1,0.7,0.7,0.7,1,0.7,0.7,0.7,1","1,0.7,0.7,0.7,1,0.7,0.7,0.7,1","","",""
"","html-keyboard-response","77","80147","0.0-77.0","3G5F9DBFOQJ2ISONZKZSGDEII9MVHP","A17K1CHOI773VZ","32XN26MTXZ5MP383W6LZYTLBY7P0LI","","null","<img src=""img/land1.png"" style=""width:200px; border:14px solid green;"">","null","","","","","","","","","",""
"","image-keyboard-response","78","80542","0.0-78.0","3G5F9DBFOQJ2ISONZKZSGDEII9MVHP","A17K1CHOI773VZ","32XN26MTXZ5MP383W6LZYTLBY7P0LI","","394","img/land1.png","74","394.80000000004657","1","1","1","2","1,0.7,0.7,0.7,1,0.7,0.7,0.7,1","1,0.7,0.7,0.7,1,0.7,0.7,0.7,1","","",""
"","html-keyboard-response","79","80851","0.0-79.0","3G5F9DBFOQJ2ISONZKZSGDEII9MVHP","A17K1CHOI773VZ","32XN26MTXZ5MP383W6LZYTLBY7P0LI","","null","<img src=""img/land1.png"" style=""width:200px; border:14px solid green;"">","null","","","","","","","","","",""
"","image-keyboard-response","80","81686","0.0-80.0","3G5F9DBFOQJ2ISONZKZSGDEII9MVHP","A17K1CHOI773VZ","32XN26MTXZ5MP383W6LZYTLBY7P0LI","","833.8999999999069","img/land2.png","76","834.8999999999069","3","1","2","2","1,0.7,0.7,0.7,1,0.7,0.7,0.7,1","1,0.7,0.7,0.7,1,0.7,0.7,0.7,1","","",""
"","html-keyboard-response","81","81995","0.0-81.0","3G5F9DBFOQJ2ISONZKZSGDEII9MVHP","A17K1CHOI773VZ","32XN26MTXZ5MP383W6LZYTLBY7P0LI","","null","<img src=""img/land2.png"" style=""width:200px; border:14px solid green;"">","null","","","","","","","","","",""
"","image-keyboard-response","82","82302","0.0-82.0","3G5F9DBFOQJ2ISONZKZSGDEII9MVHP","A17K1CHOI773VZ","32XN26MTXZ5MP383W6LZYTLBY7P0LI","","305.80000000004657","img/land2.png","76","306.69999999995343","3","1","2","2","1,0.7,0.7,0.7,1,0.7,0.7,0.7,1","1,0.7,0.7,0.7,1,0.7,0.7,0.7,1","","",""
"","html-keyboard-response","83","82603","0.0-83.0","3G5F9DBFOQJ2ISONZKZSGDEII9MVHP","A17K1CHOI773VZ","32XN26MTXZ5MP383W6LZYTLBY7P0LI","","null","<img src=""img/land2.png"" style=""width:200px; border:14px solid green;"">","null","","","","","","","","","",""
"","image-keyboard-response","84","83142","0.0-84.0","3G5F9DBFOQJ2ISONZKZSGDEII9MVHP","A17K1CHOI773VZ","32XN26MTXZ5MP383W6LZYTLBY7P0LI","","537.8999999999069","img/land3.png","75","538.9000000001397","2","1","3","2","1,0.7,0.7,0.7,1,0.7,0.7,0.7,1","1,0.7,0.7,0.7,1,0.7,0.7,0.7,1","","",""
"","html-keyboard-response","85","83443","0.0-85.0","3G5F9DBFOQJ2ISONZKZSGDEII9MVHP","A17K1CHOI773VZ","32XN26MTXZ5MP383W6LZYTLBY7P0LI","","null","<img src=""img/land3.png"" style=""width:200px; border:14px solid green;"">","null","","","","","","","","","",""
"","image-keyboard-response","86","83998","0.0-86.0","3G5F9DBFOQJ2ISONZKZSGDEII9MVHP","A17K1CHOI773VZ","32XN26MTXZ5MP383W6LZYTLBY7P0LI","","553.6000000000931","img/land2.png","76","554.6999999999534","3","1","2","2","1,0.7,0.7,0.7,1,0.7,0.7,0.7,1","1,0.7,0.7,0.7,1,0.7,0.7,0.7,1","","",""
"","html-keyboard-response","87","84307","0.0-87.0","3G5F9DBFOQJ2ISONZKZSGDEII9MVHP","A17K1CHOI773VZ","32XN26MTXZ5MP383W6LZYTLBY7P0LI","","null","<img src=""img/land2.png"" style=""width:200px; border:14px solid green;"">","null","","","","","","","","","",""
"","image-keyboard-response","88","85406","0.0-88.0","3G5F9DBFOQJ2ISONZKZSGDEII9MVHP","A17K1CHOI773VZ","32XN26MTXZ5MP383W6LZYTLBY7P0LI","","1097.8000000000466","img/land3.png","75","1098.6999999999534","2","1","3","2","1,0.7,0.7,0.7,1,0.7,0.7,0.7,1","1,0.7,0.7,0.7,1,0.7,0.7,0.7,1","","",""
"","html-keyboard-response","89","85715","0.0-89.0","3G5F9DBFOQJ2ISONZKZSGDEII9MVHP","A17K1CHOI773VZ","32XN26MTXZ5MP383W6LZYTLBY7P0LI","","null","<img src=""img/land3.png"" style=""width:200px; border:14px solid green;"">","null","","","","","","","","","",""
"","image-keyboard-response","90","86438","0.0-90.0","3G5F9DBFOQJ2ISONZKZSGDEII9MVHP","A17K1CHOI773VZ","32XN26MTXZ5MP383W6LZYTLBY7P0LI","","721.8000000000466","img/land2.png","76","722.6999999999534","3","1","2","2","1,0.7,0.7,0.7,1,0.7,0.7,0.7,1","1,0.7,0.7,0.7,1,0.7,0.7,0.7,1","","",""
"","html-keyboard-response","91","86747","0.0-91.0","3G5F9DBFOQJ2ISONZKZSGDEII9MVHP","A17K1CHOI773VZ","32XN26MTXZ5MP383W6LZYTLBY7P0LI","","null","<img src=""img/land2.png"" style=""width:200px; border:14px solid green;"">","null","","","","","","","","","",""
"","image-keyboard-response","92","87078","0.0-92.0","3G5F9DBFOQJ2ISONZKZSGDEII9MVHP","A17K1CHOI773VZ","32XN26MTXZ5MP383W6LZYTLBY7P0LI","","330.30000000004657","img/land2.png","76","331.0999999998603","3","0","2","2","1,0.7,0.7,0.7,1,0.7,0.7,0.7,1","1,0.7,0.7,0.7,1,0.7,0.7,0.7,1","","",""
"","html-keyboard-response","93","87387","0.0-93.0","3G5F9DBFOQJ2ISONZKZSGDEII9MVHP","A17K1CHOI773VZ","32XN26MTXZ5MP383W6LZYTLBY7P0LI","","null","<img src=""img/land2.png"" style=""width:200px;border:14px solid red;"">","null","","","","","","","","","",""
"","image-keyboard-response","94","88062","0.0-94.0","3G5F9DBFOQJ2ISONZKZSGDEII9MVHP","A17K1CHOI773VZ","32XN26MTXZ5MP383W6LZYTLBY7P0LI","","674.1999999999534","img/land1.png","74","675.0999999998603","1","1","1","2","1,0.7,0.7,0.7,1,0.7,0.7,0.7,1","1,0.7,0.7,0.7,1,0.7,0.7,0.7,1","","",""
"","html-keyboard-response","95","88371","0.0-95.0","3G5F9DBFOQJ2ISONZKZSGDEII9MVHP","A17K1CHOI773VZ","32XN26MTXZ5MP383W6LZYTLBY7P0LI","","null","<img src=""img/land1.png"" style=""width:200px; border:14px solid green;"">","null","","","","","","","","","",""
"","image-keyboard-response","96","88686","0.0-96.0","3G5F9DBFOQJ2ISONZKZSGDEII9MVHP","A17K1CHOI773VZ","32XN26MTXZ5MP383W6LZYTLBY7P0LI","","313.60000000009313","img/land1.png","74","314.60000000009313","1","1","1","2","1,0.7,0.7,0.7,1,0.7,0.7,0.7,1","1,0.7,0.7,0.7,1,0.7,0.7,0.7,1","","",""
"","html-keyboard-response","97","88995","0.0-97.0","3G5F9DBFOQJ2ISONZKZSGDEII9MVHP","A17K1CHOI773VZ","32XN26MTXZ5MP383W6LZYTLBY7P0LI","","null","<img src=""img/land1.png"" style=""width:200px; border:14px solid green;"">","null","","","","","","","","","",""
"","image-keyboard-response","98","89558","0.0-98.0","3G5F9DBFOQJ2ISONZKZSGDEII9MVHP","A17K1CHOI773VZ","32XN26MTXZ5MP383W6LZYTLBY7P0LI","","561.6000000000931","img/land3.png","75","562.6000000000931","2","1","3","2","1,0.7,0.7,0.7,1,0.7,0.7,0.7,1","1,0.7,0.7,0.7,1,0.7,0.7,0.7,1","","",""
"","html-keyboard-response","99","89867","0.0-99.0","3G5F9DBFOQJ2ISONZKZSGDEII9MVHP","A17K1CHOI773VZ","32XN26MTXZ5MP383W6LZYTLBY7P0LI","","null","<img src=""img/land3.png"" style=""width:200px; border:14px solid green;"">","null","","","","","","","","","",""
"","image-keyboard-response","100","91038","0.0-100.0","3G5F9DBFOQJ2ISONZKZSGDEII9MVHP","A17K1CHOI773VZ","32XN26MTXZ5MP383W6LZYTLBY7P0LI","","1169.8999999999069","img/land1.png","74","1170.8000000000466","1","1","1","2","1,0.7,0.7,0.7,1,0.7,0.7,0.7,1","1,0.7,0.7,0.7,1,0.7,0.7,0.7,1","","",""
"","html-keyboard-response","101","91346","0.0-101.0","3G5F9DBFOQJ2ISONZKZSGDEII9MVHP","A17K1CHOI773VZ","32XN26MTXZ5MP383W6LZYTLBY7P0LI","","null","<img src=""img/land1.png"" style=""width:200px; border:14px solid green;"">","null","","","","","","","","","",""
"","image-keyboard-response","102","92462","0.0-102.0","3G5F9DBFOQJ2ISONZKZSGDEII9MVHP","A17K1CHOI773VZ","32XN26MTXZ5MP383W6LZYTLBY7P0LI","","1114.8000000000466","img/land2.png","76","1115.5","3","0","2","2","1,0.7,0.7,0.7,1,0.7,0.7,0.7,1","1,0.7,0.7,0.7,1,0.7,0.7,0.7,1","","",""
"","html-keyboard-response","103","92770","0.0-103.0","3G5F9DBFOQJ2ISONZKZSGDEII9MVHP","A17K1CHOI773VZ","32XN26MTXZ5MP383W6LZYTLBY7P0LI","","null","<img src=""img/land2.png"" style=""width:200px;border:14px solid red;"">","null","","","","","","","","","",""
"","image-keyboard-response","104","93950","0.0-104.0","3G5F9DBFOQJ2ISONZKZSGDEII9MVHP","A17K1CHOI773VZ","32XN26MTXZ5MP383W6LZYTLBY7P0LI","","1178.5999999998603","img/land1.png","74","1179.3999999999069","1","1","1","2","1,0.7,0.7,0.7,1,0.7,0.7,0.7,1","1,0.7,0.7,0.7,1,0.7,0.7,0.7,1","","",""
"","html-keyboard-response","105","94258","0.0-105.0","3G5F9DBFOQJ2ISONZKZSGDEII9MVHP","A17K1CHOI773VZ","32XN26MTXZ5MP383W6LZYTLBY7P0LI","","null","<img src=""img/land1.png"" style=""width:200px; border:14px solid green;"">","null","","","","","","","","","",""
"","image-keyboard-response","106","95158","0.0-106.0","3G5F9DBFOQJ2ISONZKZSGDEII9MVHP","A17K1CHOI773VZ","32XN26MTXZ5MP383W6LZYTLBY7P0LI","","899","img/land3.png","75","899.8999999999069","2","1","3","2","1,0.7,0.7,0.7,1,0.7,0.7,0.7,1","1,0.7,0.7,0.7,1,0.7,0.7,0.7,1","","",""
"","html-keyboard-response","107","95466","0.0-107.0","3G5F9DBFOQJ2ISONZKZSGDEII9MVHP","A17K1CHOI773VZ","32XN26MTXZ5MP383W6LZYTLBY7P0LI","","null","<img src=""img/land3.png"" style=""width:200px; border:14px solid green;"">","null","","","","","","","","","",""
"","image-keyboard-response","108","96622","0.0-108.0","3G5F9DBFOQJ2ISONZKZSGDEII9MVHP","A17K1CHOI773VZ","32XN26MTXZ5MP383W6LZYTLBY7P0LI","","1154.5999999998603","img/land2.png","76","1155.5","3","1","2","2","1,0.7,0.7,0.7,1,0.7,0.7,0.7,1","1,0.7,0.7,0.7,1,0.7,0.7,0.7,1","","",""
"","html-keyboard-response","109","96930","0.0-109.0","3G5F9DBFOQJ2ISONZKZSGDEII9MVHP","A17K1CHOI773VZ","32XN26MTXZ5MP383W6LZYTLBY7P0LI","","null","<img src=""img/land2.png"" style=""width:200px; border:14px solid green;"">","null","","","","","","","","","",""
"","image-keyboard-response","110","97502","0.0-110.0","3G5F9DBFOQJ2ISONZKZSGDEII9MVHP","A17K1CHOI773VZ","32XN26MTXZ5MP383W6LZYTLBY7P0LI","","570.5","img/land1.png","74","571.4000000001397","1","1","1","2","1,0.7,0.7,0.7,1,0.7,0.7,0.7,1","1,0.7,0.7,0.7,1,0.7,0.7,0.7,1","","",""
"","html-keyboard-response","111","97810","0.0-111.0","3G5F9DBFOQJ2ISONZKZSGDEII9MVHP","A17K1CHOI773VZ","32XN26MTXZ5MP383W6LZYTLBY7P0LI","","null","<img src=""img/land1.png"" style=""width:200px; border:14px solid green;"">","null","","","","","","","","","",""
"","image-keyboard-response","112","98582","0.0-112.0","3G5F9DBFOQJ2ISONZKZSGDEII9MVHP","A17K1CHOI773VZ","32XN26MTXZ5MP383W6LZYTLBY7P0LI","","770.6000000000931","img/land2.png","75","771.5","2","1","2","2","1,0.7,0.7,0.7,1,0.7,0.7,0.7,1","1,0.7,0.7,0.7,1,0.7,0.7,0.7,1","","",""
"","html-keyboard-response","113","98891","0.0-113.0","3G5F9DBFOQJ2ISONZKZSGDEII9MVHP","A17K1CHOI773VZ","32XN26MTXZ5MP383W6LZYTLBY7P0LI","","null","<img src=""img/land2.png"" style=""width:200px; border:14px solid green;"">","null","","","","","","","","","",""
"","image-keyboard-response","114","100102","0.0-114.0","3G5F9DBFOQJ2ISONZKZSGDEII9MVHP","A17K1CHOI773VZ","32XN26MTXZ5MP383W6LZYTLBY7P0LI","","1210.4000000001397","img/land3.png","75","1211.3000000000466","2","0","3","2","1,0.7,0.7,0.7,1,0.7,0.7,0.7,1","1,0.7,0.7,0.7,1,0.7,0.7,0.7,1","","",""
"","html-keyboard-response","115","100411","0.0-115.0","3G5F9DBFOQJ2ISONZKZSGDEII9MVHP","A17K1CHOI773VZ","32XN26MTXZ5MP383W6LZYTLBY7P0LI","","null","<img src=""img/land3.png"" style=""width:200px;border:14px solid red;"">","null","","","","","","","","","",""
"","image-keyboard-response","116","100982","0.0-116.0","3G5F9DBFOQJ2ISONZKZSGDEII9MVHP","A17K1CHOI773VZ","32XN26MTXZ5MP383W6LZYTLBY7P0LI","","570.4000000001397","img/land1.png","74","571.1999999999534","1","1","1","2","1,0.7,0.7,0.7,1,0.7,0.7,0.7,1","1,0.7,0.7,0.7,1,0.7,0.7,0.7,1","","",""
"","html-keyboard-response","117","101291","0.0-117.0","3G5F9DBFOQJ2ISONZKZSGDEII9MVHP","A17K1CHOI773VZ","32XN26MTXZ5MP383W6LZYTLBY7P0LI","","null","<img src=""img/land1.png"" style=""width:200px; border:14px solid green;"">","null","","","","","","","","","",""
"","image-keyboard-response","118","101606","0.0-118.0","3G5F9DBFOQJ2ISONZKZSGDEII9MVHP","A17K1CHOI773VZ","32XN26MTXZ5MP383W6LZYTLBY7P0LI","","314.70000000018626","img/land1.png","74","315.69999999995343","1","1","1","2","1,0.7,0.7,0.7,1,0.7,0.7,0.7,1","1,0.7,0.7,0.7,1,0.7,0.7,0.7,1","","",""
"","html-keyboard-response","119","101915","0.0-119.0","3G5F9DBFOQJ2ISONZKZSGDEII9MVHP","A17K1CHOI773VZ","32XN26MTXZ5MP383W6LZYTLBY7P0LI","","null","<img src=""img/land1.png"" style=""width:200px; border:14px solid green;"">","null","","","","","","","","","",""
"","image-keyboard-response","120","102382","0.0-120.0","3G5F9DBFOQJ2ISONZKZSGDEII9MVHP","A17K1CHOI773VZ","32XN26MTXZ5MP383W6LZYTLBY7P0LI","","466.4000000001397","img/land2.png","76","467.20000000018626","3","1","2","2","1,0.7,0.7,0.7,1,0.7,0.7,0.7,1","1,0.7,0.7,0.7,1,0.7,0.7,0.7,1","","",""
"","html-keyboard-response","121","102691","0.0-121.0","3G5F9DBFOQJ2ISONZKZSGDEII9MVHP","A17K1CHOI773VZ","32XN26MTXZ5MP383W6LZYTLBY7P0LI","","null","<img src=""img/land2.png"" style=""width:200px; border:14px solid green;"">","null","","","","","","","","","",""
"","image-keyboard-response","122","104719","0.0-122.0","3G5F9DBFOQJ2ISONZKZSGDEII9MVHP","A17K1CHOI773VZ","32XN26MTXZ5MP383W6LZYTLBY7P0LI","","2026.5","img/land1.png","74","2027.5","1","1","1","2","1,0.7,0.7,0.7,1,0.7,0.7,0.7,1","1,0.7,0.7,0.7,1,0.7,0.7,0.7,1","","",""
"","html-keyboard-response","123","105028","0.0-123.0","3G5F9DBFOQJ2ISONZKZSGDEII9MVHP","A17K1CHOI773VZ","32XN26MTXZ5MP383W6LZYTLBY7P0LI","","null","<img src=""img/land1.png"" style=""width:200px; border:14px solid green;"">","null","","","","","","","","","",""
"","image-keyboard-response","124","105367","0.0-124.0","3G5F9DBFOQJ2ISONZKZSGDEII9MVHP","A17K1CHOI773VZ","32XN26MTXZ5MP383W6LZYTLBY7P0LI","","338.39999999990687","img/land1.png","74","339.20000000018626","1","1","1","2","1,0.7,0.7,0.7,1,0.7,0.7,0.7,1","1,0.7,0.7,0.7,1,0.7,0.7,0.7,1","","",""
"","html-keyboard-response","125","105676","0.0-125.0","3G5F9DBFOQJ2ISONZKZSGDEII9MVHP","A17K1CHOI773VZ","32XN26MTXZ5MP383W6LZYTLBY7P0LI","","null","<img src=""img/land1.png"" style=""width:200px; border:14px solid green;"">","null","","","","","","","","","",""
"","image-keyboard-response","126","106287","0.0-126.0","3G5F9DBFOQJ2ISONZKZSGDEII9MVHP","A17K1CHOI773VZ","32XN26MTXZ5MP383W6LZYTLBY7P0LI","","610.1999999999534","img/land3.png","75","611.1000000000931","2","1","3","2","1,0.7,0.7,0.7,1,0.7,0.7,0.7,1","1,0.7,0.7,0.7,1,0.7,0.7,0.7,1","","",""
"","html-keyboard-response","127","106596","0.0-127.0","3G5F9DBFOQJ2ISONZKZSGDEII9MVHP","A17K1CHOI773VZ","32XN26MTXZ5MP383W6LZYTLBY7P0LI","","null","<img src=""img/land3.png"" style=""width:200px; border:14px solid green;"">","null","","","","","","","","","",""
"","image-keyboard-response","128","106935","0.0-128.0","3G5F9DBFOQJ2ISONZKZSGDEII9MVHP","A17K1CHOI773VZ","32XN26MTXZ5MP383W6LZYTLBY7P0LI","","338.19999999995343","img/land3.png","75","339.0999999998603","2","1","3","2","1,0.7,0.7,0.7,1,0.7,0.7,0.7,1","1,0.7,0.7,0.7,1,0.7,0.7,0.7,1","","",""
"","html-keyboard-response","129","107244","0.0-129.0","3G5F9DBFOQJ2ISONZKZSGDEII9MVHP","A17K1CHOI773VZ","32XN26MTXZ5MP383W6LZYTLBY7P0LI","","null","<img src=""img/land3.png"" style=""width:200px; border:14px solid green;"">","null","","","","","","","","","",""
"","image-keyboard-response","130","108575","0.0-130.0","3G5F9DBFOQJ2ISONZKZSGDEII9MVHP","A17K1CHOI773VZ","32XN26MTXZ5MP383W6LZYTLBY7P0LI","","1330.5","img/land3.png","75","1331.5","2","1","3","2","1,0.7,0.7,0.7,1,0.7,0.7,0.7,1","1,0.7,0.7,0.7,1,0.7,0.7,0.7,1","","",""
"","html-keyboard-response","131","108884","0.0-131.0","3G5F9DBFOQJ2ISONZKZSGDEII9MVHP","A17K1CHOI773VZ","32XN26MTXZ5MP383W6LZYTLBY7P0LI","","null","<img src=""img/land3.png"" style=""width:200px; border:14px solid green;"">","null","","","","","","","","","",""
"","image-keyboard-response","132","109519","0.0-132.0","3G5F9DBFOQJ2ISONZKZSGDEII9MVHP","A17K1CHOI773VZ","32XN26MTXZ5MP383W6LZYTLBY7P0LI","","634.3999999999069","img/land1.png","74","635.3000000000466","1","1","1","2","1,0.7,0.7,0.7,1,0.7,0.7,0.7,1","1,0.7,0.7,0.7,1,0.7,0.7,0.7,1","","",""
"","html-keyboard-response","133","109828","0.0-133.0","3G5F9DBFOQJ2ISONZKZSGDEII9MVHP","A17K1CHOI773VZ","32XN26MTXZ5MP383W6LZYTLBY7P0LI","","null","<img src=""img/land1.png"" style=""width:200px; border:14px solid green;"">","null","","","","","","","","","",""
"","image-keyboard-response","134","110095","0.0-134.0","3G5F9DBFOQJ2ISONZKZSGDEII9MVHP","A17K1CHOI773VZ","32XN26MTXZ5MP383W6LZYTLBY7P0LI","","266.19999999995343","img/land1.png","74","267.0999999998603","1","1","1","2","1,0.7,0.7,0.7,1,0.7,0.7,0.7,1","1,0.7,0.7,0.7,1,0.7,0.7,0.7,1","","",""
"","html-keyboard-response","135","110404","0.0-135.0","3G5F9DBFOQJ2ISONZKZSGDEII9MVHP","A17K1CHOI773VZ","32XN26MTXZ5MP383W6LZYTLBY7P0LI","","null","<img src=""img/land1.png"" style=""width:200px; border:14px solid green;"">","null","","","","","","","","","",""
"","image-keyboard-response","136","110687","0.0-136.0","3G5F9DBFOQJ2ISONZKZSGDEII9MVHP","A17K1CHOI773VZ","32XN26MTXZ5MP383W6LZYTLBY7P0LI","","282.30000000004657","img/land1.png","74","283","1","1","1","2","1,0.7,0.7,0.7,1,0.7,0.7,0.7,1","1,0.7,0.7,0.7,1,0.7,0.7,0.7,1","","",""
"","html-keyboard-response","137","110996","0.0-137.0","3G5F9DBFOQJ2ISONZKZSGDEII9MVHP","A17K1CHOI773VZ","32XN26MTXZ5MP383W6LZYTLBY7P0LI","","null","<img src=""img/land1.png"" style=""width:200px; border:14px solid green;"">","null","","","","","","","","","",""
"","image-keyboard-response","138","111271","0.0-138.0","3G5F9DBFOQJ2ISONZKZSGDEII9MVHP","A17K1CHOI773VZ","32XN26MTXZ5MP383W6LZYTLBY7P0LI","","274.30000000004657","img/land1.png","74","275.0999999998603","1","1","1","2","1,0.7,0.7,0.7,1,0.7,0.7,0.7,1","1,0.7,0.7,0.7,1,0.7,0.7,0.7,1","","",""
"","html-keyboard-response","139","111580","0.0-139.0","3G5F9DBFOQJ2ISONZKZSGDEII9MVHP","A17K1CHOI773VZ","32XN26MTXZ5MP383W6LZYTLBY7P0LI","","null","<img src=""img/land1.png"" style=""width:200px; border:14px solid green;"">","null","","","","","","","","","",""
"","image-keyboard-response","140","111759","0.0-140.0","3G5F9DBFOQJ2ISONZKZSGDEII9MVHP","A17K1CHOI773VZ","32XN26MTXZ5MP383W6LZYTLBY7P0LI","","178.39999999990687","img/land3.png","74","179.4000000001397","1","1","3","2","1,0.7,0.7,0.7,1,0.7,0.7,0.7,1","1,0.7,0.7,0.7,1,0.7,0.7,0.7,1","","",""
"","html-keyboard-response","141","112068","0.0-141.0","3G5F9DBFOQJ2ISONZKZSGDEII9MVHP","A17K1CHOI773VZ","32XN26MTXZ5MP383W6LZYTLBY7P0LI","","null","<img src=""img/land3.png"" style=""width:200px; border:14px solid green;"">","null","","","","","","","","","",""
"","image-keyboard-response","142","113047","0.0-142.0","3G5F9DBFOQJ2ISONZKZSGDEII9MVHP","A17K1CHOI773VZ","32XN26MTXZ5MP383W6LZYTLBY7P0LI","","977.3000000000466","img/land1.png","74","978.5999999998603","1","1","1","2","1,0.7,0.7,0.7,1,0.7,0.7,0.7,1","1,0.7,0.7,0.7,1,0.7,0.7,0.7,1","","",""
"","html-keyboard-response","143","113356","0.0-143.0","3G5F9DBFOQJ2ISONZKZSGDEII9MVHP","A17K1CHOI773VZ","32XN26MTXZ5MP383W6LZYTLBY7P0LI","","null","<img src=""img/land1.png"" style=""width:200px; border:14px solid green;"">","null","","","","","","","","","",""
"","image-keyboard-response","144","113527","0.0-144.0","3G5F9DBFOQJ2ISONZKZSGDEII9MVHP","A17K1CHOI773VZ","32XN26MTXZ5MP383W6LZYTLBY7P0LI","","170.10000000009313","img/land1.png","74","171","1","1","1","2","1,0.7,0.7,0.7,1,0.7,0.7,0.7,1","1,0.7,0.7,0.7,1,0.7,0.7,0.7,1","","",""
"","html-keyboard-response","145","113836","0.0-145.0","3G5F9DBFOQJ2ISONZKZSGDEII9MVHP","A17K1CHOI773VZ","32XN26MTXZ5MP383W6LZYTLBY7P0LI","","null","<img src=""img/land1.png"" style=""width:200px; border:14px solid green;"">","null","","","","","","","","","",""
"","image-keyboard-response","146","114439","0.0-146.0","3G5F9DBFOQJ2ISONZKZSGDEII9MVHP","A17K1CHOI773VZ","32XN26MTXZ5MP383W6LZYTLBY7P0LI","","601.8999999999069","img/land2.png","76","602.8000000000466","3","1","2","2","1,0.7,0.7,0.7,1,0.7,0.7,0.7,1","1,0.7,0.7,0.7,1,0.7,0.7,0.7,1","","",""
"","html-keyboard-response","147","114748","0.0-147.0","3G5F9DBFOQJ2ISONZKZSGDEII9MVHP","A17K1CHOI773VZ","32XN26MTXZ5MP383W6LZYTLBY7P0LI","","null","<img src=""img/land2.png"" style=""width:200px; border:14px solid green;"">","null","","","","","","","","","",""
"","image-keyboard-response","148","115095","0.0-148.0","3G5F9DBFOQJ2ISONZKZSGDEII9MVHP","A17K1CHOI773VZ","32XN26MTXZ5MP383W6LZYTLBY7P0LI","","346.10000000009313","img/land2.png","76","346.89999999990687","3","1","2","2","1,0.7,0.7,0.7,1,0.7,0.7,0.7,1","1,0.7,0.7,0.7,1,0.7,0.7,0.7,1","","",""
"","html-keyboard-response","149","115404","0.0-149.0","3G5F9DBFOQJ2ISONZKZSGDEII9MVHP","A17K1CHOI773VZ","32XN26MTXZ5MP383W6LZYTLBY7P0LI","","null","<img src=""img/land2.png"" style=""width:200px; border:14px solid green;"">","null","","","","","","","","","",""
"","image-keyboard-response","150","116039","0.0-150.0","3G5F9DBFOQJ2ISONZKZSGDEII9MVHP","A17K1CHOI773VZ","32XN26MTXZ5MP383W6LZYTLBY7P0LI","","634.3000000000466","img/land3.png","75","635.1999999999534","2","0","3","2","1,0.7,0.7,0.7,1,0.7,0.7,0.7,1","1,0.7,0.7,0.7,1,0.7,0.7,0.7,1","","",""
"","html-keyboard-response","151","116348","0.0-151.0","3G5F9DBFOQJ2ISONZKZSGDEII9MVHP","A17K1CHOI773VZ","32XN26MTXZ5MP383W6LZYTLBY7P0LI","","null","<img src=""img/land3.png"" style=""width:200px;border:14px solid red;"">","null","","","","","","","","","",""
"","image-keyboard-response","152","117023","0.0-152.0","3G5F9DBFOQJ2ISONZKZSGDEII9MVHP","A17K1CHOI773VZ","32XN26MTXZ5MP383W6LZYTLBY7P0LI","","674","img/land2.png","76","674.9000000001397","3","0","2","2","1,0.7,0.7,0.7,1,0.7,0.7,0.7,1","1,0.7,0.7,0.7,1,0.7,0.7,0.7,1","","",""
"","html-keyboard-response","153","117332","0.0-153.0","3G5F9DBFOQJ2ISONZKZSGDEII9MVHP","A17K1CHOI773VZ","32XN26MTXZ5MP383W6LZYTLBY7P0LI","","null","<img src=""img/land2.png"" style=""width:200px;border:14px solid red;"">","null","","","","","","","","","",""
"","image-keyboard-response","154","117647","0.0-154.0","3G5F9DBFOQJ2ISONZKZSGDEII9MVHP","A17K1CHOI773VZ","32XN26MTXZ5MP383W6LZYTLBY7P0LI","","314.10000000009313","img/land2.png","76","314.80000000004657","3","1","2","2","1,0.7,0.7,0.7,1,0.7,0.7,0.7,1","1,0.7,0.7,0.7,1,0.7,0.7,0.7,1","","",""
"","html-keyboard-response","155","117956","0.0-155.0","3G5F9DBFOQJ2ISONZKZSGDEII9MVHP","A17K1CHOI773VZ","32XN26MTXZ5MP383W6LZYTLBY7P0LI","","null","<img src=""img/land2.png"" style=""width:200px; border:14px solid green;"">","null","","","","","","","","","",""
"","image-keyboard-response","156","118439","0.0-156.0","3G5F9DBFOQJ2ISONZKZSGDEII9MVHP","A17K1CHOI773VZ","32XN26MTXZ5MP383W6LZYTLBY7P0LI","","481.5","img/land1.png","74","482.89999999990687","1","1","1","2","1,0.7,0.7,0.7,1,0.7,0.7,0.7,1","1,0.7,0.7,0.7,1,0.7,0.7,0.7,1","","",""
"","html-keyboard-response","157","118748","0.0-157.0","3G5F9DBFOQJ2ISONZKZSGDEII9MVHP","A17K1CHOI773VZ","32XN26MTXZ5MP383W6LZYTLBY7P0LI","","null","<img src=""img/land1.png"" style=""width:200px; border:14px solid green;"">","null","","","","","","","","","",""
"","image-keyboard-response","158","119015","0.0-158.0","3G5F9DBFOQJ2ISONZKZSGDEII9MVHP","A17K1CHOI773VZ","32XN26MTXZ5MP383W6LZYTLBY7P0LI","","266.10000000009313","img/land1.png","74","266.9000000001397","1","1","1","2","1,0.7,0.7,0.7,1,0.7,0.7,0.7,1","1,0.7,0.7,0.7,1,0.7,0.7,0.7,1","","",""
"","html-keyboard-response","159","119324","0.0-159.0","3G5F9DBFOQJ2ISONZKZSGDEII9MVHP","A17K1CHOI773VZ","32XN26MTXZ5MP383W6LZYTLBY7P0LI","","null","<img src=""img/land1.png"" style=""width:200px; border:14px solid green;"">","null","","","","","","","","","",""
"","image-keyboard-response","160","119583","0.0-160.0","3G5F9DBFOQJ2ISONZKZSGDEII9MVHP","A17K1CHOI773VZ","32XN26MTXZ5MP383W6LZYTLBY7P0LI","","258.10000000009313","img/land1.png","74","258.89999999990687","1","1","1","2","1,0.7,0.7,0.7,1,0.7,0.7,0.7,1","1,0.7,0.7,0.7,1,0.7,0.7,0.7,1","","",""
"","html-keyboard-response","161","119891","0.0-161.0","3G5F9DBFOQJ2ISONZKZSGDEII9MVHP","A17K1CHOI773VZ","32XN26MTXZ5MP383W6LZYTLBY7P0LI","","null","<img src=""img/land1.png"" style=""width:200px; border:14px solid green;"">","null","","","","","","","","","",""
"","image-keyboard-response","162","120103","0.0-162.0","3G5F9DBFOQJ2ISONZKZSGDEII9MVHP","A17K1CHOI773VZ","32XN26MTXZ5MP383W6LZYTLBY7P0LI","","211","img/land1.png","74","212","1","1","1","2","1,0.7,0.7,0.7,1,0.7,0.7,0.7,1","1,0.7,0.7,0.7,1,0.7,0.7,0.7,1","","",""
"","html-keyboard-response","163","120411","0.0-163.0","3G5F9DBFOQJ2ISONZKZSGDEII9MVHP","A17K1CHOI773VZ","32XN26MTXZ5MP383W6LZYTLBY7P0LI","","null","<img src=""img/land1.png"" style=""width:200px; border:14px solid green;"">","null","","","","","","","","","",""
"","image-keyboard-response","164","120887","0.0-164.0","3G5F9DBFOQJ2ISONZKZSGDEII9MVHP","A17K1CHOI773VZ","32XN26MTXZ5MP383W6LZYTLBY7P0LI","","475","img/land1.png","74","475.80000000004657","1","1","1","2","1,0.7,0.7,0.7,1,0.7,0.7,0.7,1","1,0.7,0.7,0.7,1,0.7,0.7,0.7,1","","",""
"","html-keyboard-response","165","121195","0.0-165.0","3G5F9DBFOQJ2ISONZKZSGDEII9MVHP","A17K1CHOI773VZ","32XN26MTXZ5MP383W6LZYTLBY7P0LI","","null","<img src=""img/land1.png"" style=""width:200px; border:14px solid green;"">","null","","","","","","","","","",""
"","image-keyboard-response","166","121351","0.0-166.0","3G5F9DBFOQJ2ISONZKZSGDEII9MVHP","A17K1CHOI773VZ","32XN26MTXZ5MP383W6LZYTLBY7P0LI","","155.10000000009313","img/land1.png","74","155.89999999990687","1","1","1","2","1,0.7,0.7,0.7,1,0.7,0.7,0.7,1","1,0.7,0.7,0.7,1,0.7,0.7,0.7,1","","",""
"","html-keyboard-response","167","121659","0.0-167.0","3G5F9DBFOQJ2ISONZKZSGDEII9MVHP","A17K1CHOI773VZ","32XN26MTXZ5MP383W6LZYTLBY7P0LI","","null","<img src=""img/land1.png"" style=""width:200px; border:14px solid green;"">","null","","","","","","","","","",""
"","image-keyboard-response","168","122271","0.0-168.0","3G5F9DBFOQJ2ISONZKZSGDEII9MVHP","A17K1CHOI773VZ","32XN26MTXZ5MP383W6LZYTLBY7P0LI","","611.2999999998137","img/land3.png","75","612","2","1","3","2","1,0.7,0.7,0.7,1,0.7,0.7,0.7,1","1,0.7,0.7,0.7,1,0.7,0.7,0.7,1","","",""
"","html-keyboard-response","169","122579","0.0-169.0","3G5F9DBFOQJ2ISONZKZSGDEII9MVHP","A17K1CHOI773VZ","32XN26MTXZ5MP383W6LZYTLBY7P0LI","","null","<img src=""img/land3.png"" style=""width:200px; border:14px solid green;"">","null","","","","","","","","","",""
"","html-keyboard-response","170","168394","0.0-170.0","3G5F9DBFOQJ2ISONZKZSGDEII9MVHP","A17K1CHOI773VZ","32XN26MTXZ5MP383W6LZYTLBY7P0LI","","","","","","","","","","","","","",""
"","image-keyboard-response","171","170026","0.0-171.0","3G5F9DBFOQJ2ISONZKZSGDEII9MVHP","A17K1CHOI773VZ","32XN26MTXZ5MP383W6LZYTLBY7P0LI","","1630.7000000001863","img/land5.png","74","1631.8999999999069","1","1","2","2","1,0.7,0.7,0.7,1,0.7,0.7,0.7,1","1,0.7,0.7,0.7,1,0.7,0.7,0.7,1","","",""
"","html-keyboard-response","172","170334","0.0-172.0","3G5F9DBFOQJ2ISONZKZSGDEII9MVHP","A17K1CHOI773VZ","32XN26MTXZ5MP383W6LZYTLBY7P0LI","","null","<img src=""img/land5.png"" style=""width:200px; border:14px solid green;"">","null","","","","","","","","","",""
"","image-keyboard-response","173","170778","0.0-173.0","3G5F9DBFOQJ2ISONZKZSGDEII9MVHP","A17K1CHOI773VZ","32XN26MTXZ5MP383W6LZYTLBY7P0LI","","442.89999999990687","img/land6.png","75","443.69999999995343","2","1","3","2","1,0.7,0.7,0.7,1,0.7,0.7,0.7,1","1,0.7,0.7,0.7,1,0.7,0.7,0.7,1","","",""
"","html-keyboard-response","174","171086","0.0-174.0","3G5F9DBFOQJ2ISONZKZSGDEII9MVHP","A17K1CHOI773VZ","32XN26MTXZ5MP383W6LZYTLBY7P0LI","","null","<img src=""img/land6.png"" style=""width:200px; border:14px solid green;"">","null","","","","","","","","","",""
"","image-keyboard-response","175","171642","0.0-175.0","3G5F9DBFOQJ2ISONZKZSGDEII9MVHP","A17K1CHOI773VZ","32XN26MTXZ5MP383W6LZYTLBY7P0LI","","554.7999999998137","img/land5.png","74","555.9000000001397","1","0","2","2","1,0.7,0.7,0.7,1,0.7,0.7,0.7,1","1,0.7,0.7,0.7,1,0.7,0.7,0.7,1","","",""
"","html-keyboard-response","176","171950","0.0-176.0","3G5F9DBFOQJ2ISONZKZSGDEII9MVHP","A17K1CHOI773VZ","32XN26MTXZ5MP383W6LZYTLBY7P0LI","","null","<img src=""img/land5.png"" style=""width:200px;border:14px solid red;"">","null","","","","","","","","","",""
"","image-keyboard-response","177","172754","0.0-177.0","3G5F9DBFOQJ2ISONZKZSGDEII9MVHP","A17K1CHOI773VZ","32XN26MTXZ5MP383W6LZYTLBY7P0LI","","802.6999999999534","img/land4.png","76","803.6999999999534","3","1","1","2","1,0.7,0.7,0.7,1,0.7,0.7,0.7,1","1,0.7,0.7,0.7,1,0.7,0.7,0.7,1","","",""
"","html-keyboard-response","178","173062","0.0-178.0","3G5F9DBFOQJ2ISONZKZSGDEII9MVHP","A17K1CHOI773VZ","32XN26MTXZ5MP383W6LZYTLBY7P0LI","","null","<img src=""img/land4.png"" style=""width:200px; border:14px solid green;"">","null","","","","","","","","","",""
"","image-keyboard-response","179","173410","0.0-179.0","3G5F9DBFOQJ2ISONZKZSGDEII9MVHP","A17K1CHOI773VZ","32XN26MTXZ5MP383W6LZYTLBY7P0LI","","346.5","img/land4.png","76","347.39999999990687","3","1","1","2","1,0.7,0.7,0.7,1,0.7,0.7,0.7,1","1,0.7,0.7,0.7,1,0.7,0.7,0.7,1","","",""
"","html-keyboard-response","180","173718","0.0-180.0","3G5F9DBFOQJ2ISONZKZSGDEII9MVHP","A17K1CHOI773VZ","32XN26MTXZ5MP383W6LZYTLBY7P0LI","","null","<img src=""img/land4.png"" style=""width:200px; border:14px solid green;"">","null","","","","","","","","","",""
"","image-keyboard-response","181","174330","0.0-181.0","3G5F9DBFOQJ2ISONZKZSGDEII9MVHP","A17K1CHOI773VZ","32XN26MTXZ5MP383W6LZYTLBY7P0LI","","610.6999999999534","img/land5.png","75","611.5","2","1","2","2","1,0.7,0.7,0.7,1,0.7,0.7,0.7,1","1,0.7,0.7,0.7,1,0.7,0.7,0.7,1","","",""
"","html-keyboard-response","182","174638","0.0-182.0","3G5F9DBFOQJ2ISONZKZSGDEII9MVHP","A17K1CHOI773VZ","32XN26MTXZ5MP383W6LZYTLBY7P0LI","","null","<img src=""img/land5.png"" style=""width:200px; border:14px solid green;"">","null","","","","","","","","","",""
"","image-keyboard-response","183","175106","0.0-183.0","3G5F9DBFOQJ2ISONZKZSGDEII9MVHP","A17K1CHOI773VZ","32XN26MTXZ5MP383W6LZYTLBY7P0LI","","466.60000000009313","img/land4.png","74","467.70000000018626","1","1","1","2","1,0.7,0.7,0.7,1,0.7,0.7,0.7,1","1,0.7,0.7,0.7,1,0.7,0.7,0.7,1","","",""
"","html-keyboard-response","184","175414","0.0-184.0","3G5F9DBFOQJ2ISONZKZSGDEII9MVHP","A17K1CHOI773VZ","32XN26MTXZ5MP383W6LZYTLBY7P0LI","","null","<img src=""img/land4.png"" style=""width:200px; border:14px solid green;"">","null","","","","","","","","","",""
"","image-keyboard-response","185","175922","0.0-185.0","3G5F9DBFOQJ2ISONZKZSGDEII9MVHP","A17K1CHOI773VZ","32XN26MTXZ5MP383W6LZYTLBY7P0LI","","506.5999999998603","img/land5.png","75","507.70000000018626","2","1","2","2","1,0.7,0.7,0.7,1,0.7,0.7,0.7,1","1,0.7,0.7,0.7,1,0.7,0.7,0.7,1","","",""
"","html-keyboard-response","186","176230","0.0-186.0","3G5F9DBFOQJ2ISONZKZSGDEII9MVHP","A17K1CHOI773VZ","32XN26MTXZ5MP383W6LZYTLBY7P0LI","","null","<img src=""img/land5.png"" style=""width:200px; border:14px solid green;"">","null","","","","","","","","","",""
"","image-keyboard-response","187","176554","0.0-187.0","3G5F9DBFOQJ2ISONZKZSGDEII9MVHP","A17K1CHOI773VZ","32XN26MTXZ5MP383W6LZYTLBY7P0LI","","323.0999999998603","img/land5.png","75","323.89999999990687","2","1","2","2","1,0.7,0.7,0.7,1,0.7,0.7,0.7,1","1,0.7,0.7,0.7,1,0.7,0.7,0.7,1","","",""
"","html-keyboard-response","188","176862","0.0-188.0","3G5F9DBFOQJ2ISONZKZSGDEII9MVHP","A17K1CHOI773VZ","32XN26MTXZ5MP383W6LZYTLBY7P0LI","","null","<img src=""img/land5.png"" style=""width:200px; border:14px solid green;"">","null","","","","","","","","","",""
"","image-keyboard-response","189","177490","0.0-189.0","3G5F9DBFOQJ2ISONZKZSGDEII9MVHP","A17K1CHOI773VZ","32XN26MTXZ5MP383W6LZYTLBY7P0LI","","627","img/land6.png","76","627.8999999999069","3","1","3","2","1,0.7,0.7,0.7,1,0.7,0.7,0.7,1","1,0.7,0.7,0.7,1,0.7,0.7,0.7,1","","",""
"","html-keyboard-response","190","177798","0.0-190.0","3G5F9DBFOQJ2ISONZKZSGDEII9MVHP","A17K1CHOI773VZ","32XN26MTXZ5MP383W6LZYTLBY7P0LI","","null","<img src=""img/land6.png"" style=""width:200px; border:14px solid green;"">","null","","","","","","","","","",""
"","image-keyboard-response","191","178498","0.0-191.0","3G5F9DBFOQJ2ISONZKZSGDEII9MVHP","A17K1CHOI773VZ","32XN26MTXZ5MP383W6LZYTLBY7P0LI","","699.1000000000931","img/land4.png","74","700","1","1","1","2","1,0.7,0.7,0.7,1,0.7,0.7,0.7,1","1,0.7,0.7,0.7,1,0.7,0.7,0.7,1","","",""
"","html-keyboard-response","192","178806","0.0-192.0","3G5F9DBFOQJ2ISONZKZSGDEII9MVHP","A17K1CHOI773VZ","32XN26MTXZ5MP383W6LZYTLBY7P0LI","","null","<img src=""img/land4.png"" style=""width:200px; border:14px solid green;"">","null","","","","","","","","","",""
"","image-keyboard-response","193","179506","0.0-193.0","3G5F9DBFOQJ2ISONZKZSGDEII9MVHP","A17K1CHOI773VZ","32XN26MTXZ5MP383W6LZYTLBY7P0LI","","699.1000000000931","img/land6.png","76","700","3","1","3","2","1,0.7,0.7,0.7,1,0.7,0.7,0.7,1","1,0.7,0.7,0.7,1,0.7,0.7,0.7,1","","",""
"","html-keyboard-response","194","179814","0.0-194.0","3G5F9DBFOQJ2ISONZKZSGDEII9MVHP","A17K1CHOI773VZ","32XN26MTXZ5MP383W6LZYTLBY7P0LI","","null","<img src=""img/land6.png"" style=""width:200px; border:14px solid green;"">","null","","","","","","","","","",""
"","image-keyboard-response","195","180426","0.0-195.0","3G5F9DBFOQJ2ISONZKZSGDEII9MVHP","A17K1CHOI773VZ","32XN26MTXZ5MP383W6LZYTLBY7P0LI","","611.0999999998603","img/land4.png","74","612.0999999998603","1","1","1","2","1,0.7,0.7,0.7,1,0.7,0.7,0.7,1","1,0.7,0.7,0.7,1,0.7,0.7,0.7,1","","",""
"","html-keyboard-response","196","180734","0.0-196.0","3G5F9DBFOQJ2ISONZKZSGDEII9MVHP","A17K1CHOI773VZ","32XN26MTXZ5MP383W6LZYTLBY7P0LI","","null","<img src=""img/land4.png"" style=""width:200px; border:14px solid green;"">","null","","","","","","","","","",""
"","image-keyboard-response","197","181130","0.0-197.0","3G5F9DBFOQJ2ISONZKZSGDEII9MVHP","A17K1CHOI773VZ","32XN26MTXZ5MP383W6LZYTLBY7P0LI","","395","img/land5.png","75","395.9000000001397","2","1","2","2","1,0.7,0.7,0.7,1,0.7,0.7,0.7,1","1,0.7,0.7,0.7,1,0.7,0.7,0.7,1","","",""
"","html-keyboard-response","198","181438","0.0-198.0","3G5F9DBFOQJ2ISONZKZSGDEII9MVHP","A17K1CHOI773VZ","32XN26MTXZ5MP383W6LZYTLBY7P0LI","","null","<img src=""img/land5.png"" style=""width:200px; border:14px solid green;"">","null","","","","","","","","","",""
"","image-keyboard-response","199","182083","0.0-199.0","3G5F9DBFOQJ2ISONZKZSGDEII9MVHP","A17K1CHOI773VZ","32XN26MTXZ5MP383W6LZYTLBY7P0LI","","644","img/land6.png","76","645","3","1","3","2","1,0.7,0.7,0.7,1,0.7,0.7,0.7,1","1,0.7,0.7,0.7,1,0.7,0.7,0.7,1","","",""
"","html-keyboard-response","200","182390","0.0-200.0","3G5F9DBFOQJ2ISONZKZSGDEII9MVHP","A17K1CHOI773VZ","32XN26MTXZ5MP383W6LZYTLBY7P0LI","","null","<img src=""img/land6.png"" style=""width:200px; border:14px solid green;"">","null","","","","","","","","","",""
"","image-keyboard-response","201","182930","0.0-201.0","3G5F9DBFOQJ2ISONZKZSGDEII9MVHP","A17K1CHOI773VZ","32XN26MTXZ5MP383W6LZYTLBY7P0LI","","539","img/land4.png","74","539.8999999999069","1","1","1","2","1,0.7,0.7,0.7,1,0.7,0.7,0.7,1","1,0.7,0.7,0.7,1,0.7,0.7,0.7,1","","",""
"","html-keyboard-response","202","183238","0.0-202.0","3G5F9DBFOQJ2ISONZKZSGDEII9MVHP","A17K1CHOI773VZ","32XN26MTXZ5MP383W6LZYTLBY7P0LI","","null","<img src=""img/land4.png"" style=""width:200px; border:14px solid green;"">","null","","","","","","","","","",""
"","image-keyboard-response","203","183834","0.0-203.0","3G5F9DBFOQJ2ISONZKZSGDEII9MVHP","A17K1CHOI773VZ","32XN26MTXZ5MP383W6LZYTLBY7P0LI","","595.0999999998603","img/land6.png","75","595.8000000000466","2","1","3","2","1,0.7,0.7,0.7,1,0.7,0.7,0.7,1","1,0.7,0.7,0.7,1,0.7,0.7,0.7,1","","",""
"","html-keyboard-response","204","184143","0.0-204.0","3G5F9DBFOQJ2ISONZKZSGDEII9MVHP","A17K1CHOI773VZ","32XN26MTXZ5MP383W6LZYTLBY7P0LI","","null","<img src=""img/land6.png"" style=""width:200px; border:14px solid green;"">","null","","","","","","","","","",""
"","image-keyboard-response","205","184978","0.0-205.0","3G5F9DBFOQJ2ISONZKZSGDEII9MVHP","A17K1CHOI773VZ","32XN26MTXZ5MP383W6LZYTLBY7P0LI","","834.1000000000931","img/land5.png","75","835.1999999999534","2","1","2","2","1,0.7,0.7,0.7,1,0.7,0.7,0.7,1","1,0.7,0.7,0.7,1,0.7,0.7,0.7,1","","",""
"","html-keyboard-response","206","185286","0.0-206.0","3G5F9DBFOQJ2ISONZKZSGDEII9MVHP","A17K1CHOI773VZ","32XN26MTXZ5MP383W6LZYTLBY7P0LI","","null","<img src=""img/land5.png"" style=""width:200px; border:14px solid green;"">","null","","","","","","","","","",""
"","image-keyboard-response","207","185634","0.0-207.0","3G5F9DBFOQJ2ISONZKZSGDEII9MVHP","A17K1CHOI773VZ","32XN26MTXZ5MP383W6LZYTLBY7P0LI","","346.80000000004657","img/land5.png","75","347.70000000018626","2","1","2","2","1,0.7,0.7,0.7,1,0.7,0.7,0.7,1","1,0.7,0.7,0.7,1,0.7,0.7,0.7,1","","",""
"","html-keyboard-response","208","185942","0.0-208.0","3G5F9DBFOQJ2ISONZKZSGDEII9MVHP","A17K1CHOI773VZ","32XN26MTXZ5MP383W6LZYTLBY7P0LI","","null","<img src=""img/land5.png"" style=""width:200px; border:14px solid green;"">","null","","","","","","","","","",""
"","image-keyboard-response","209","186226","0.0-209.0","3G5F9DBFOQJ2ISONZKZSGDEII9MVHP","A17K1CHOI773VZ","32XN26MTXZ5MP383W6LZYTLBY7P0LI","","282.79999999981374","img/land5.png","75","283.80000000004657","2","1","2","2","1,0.7,0.7,0.7,1,0.7,0.7,0.7,1","1,0.7,0.7,0.7,1,0.7,0.7,0.7,1","","",""
"","html-keyboard-response","210","186534","0.0-210.0","3G5F9DBFOQJ2ISONZKZSGDEII9MVHP","A17K1CHOI773VZ","32XN26MTXZ5MP383W6LZYTLBY7P0LI","","null","<img src=""img/land5.png"" style=""width:200px; border:14px solid green;"">","null","","","","","","","","","",""
"","image-keyboard-response","211","186810","0.0-211.0","3G5F9DBFOQJ2ISONZKZSGDEII9MVHP","A17K1CHOI773VZ","32XN26MTXZ5MP383W6LZYTLBY7P0LI","","274.80000000004657","img/land5.png","75","275.69999999995343","2","1","2","2","1,0.7,0.7,0.7,1,0.7,0.7,0.7,1","1,0.7,0.7,0.7,1,0.7,0.7,0.7,1","","",""
"","html-keyboard-response","212","187118","0.0-212.0","3G5F9DBFOQJ2ISONZKZSGDEII9MVHP","A17K1CHOI773VZ","32XN26MTXZ5MP383W6LZYTLBY7P0LI","","null","<img src=""img/land5.png"" style=""width:200px; border:14px solid green;"">","null","","","","","","","","","",""
"","image-keyboard-response","213","187810","0.0-213.0","3G5F9DBFOQJ2ISONZKZSGDEII9MVHP","A17K1CHOI773VZ","32XN26MTXZ5MP383W6LZYTLBY7P0LI","","690.9000000001397","img/land4.png","74","691.6999999999534","1","1","1","2","1,0.7,0.7,0.7,1,0.7,0.7,0.7,1","1,0.7,0.7,0.7,1,0.7,0.7,0.7,1","","",""
"","html-keyboard-response","214","188117","0.0-214.0","3G5F9DBFOQJ2ISONZKZSGDEII9MVHP","A17K1CHOI773VZ","32XN26MTXZ5MP383W6LZYTLBY7P0LI","","null","<img src=""img/land4.png"" style=""width:200px; border:14px solid green;"">","null","","","","","","","","","",""
"","image-keyboard-response","215","189162","0.0-215.0","3G5F9DBFOQJ2ISONZKZSGDEII9MVHP","A17K1CHOI773VZ","32XN26MTXZ5MP383W6LZYTLBY7P0LI","","1044.2999999998137","img/land6.png","76","1045.2999999998137","3","1","3","2","1,0.7,0.7,0.7,1,0.7,0.7,0.7,1","1,0.7,0.7,0.7,1,0.7,0.7,0.7,1","","",""
"","html-keyboard-response","216","189469","0.0-216.0","3G5F9DBFOQJ2ISONZKZSGDEII9MVHP","A17K1CHOI773VZ","32XN26MTXZ5MP383W6LZYTLBY7P0LI","","null","<img src=""img/land6.png"" style=""width:200px; border:14px solid green;"">","null","","","","","","","","","",""
"","image-keyboard-response","217","190090","0.0-217.0","3G5F9DBFOQJ2ISONZKZSGDEII9MVHP","A17K1CHOI773VZ","32XN26MTXZ5MP383W6LZYTLBY7P0LI","","619.7999999998137","img/land5.png","75","620.7999999998137","2","1","2","2","1,0.7,0.7,0.7,1,0.7,0.7,0.7,1","1,0.7,0.7,0.7,1,0.7,0.7,0.7,1","","",""
"","html-keyboard-response","218","190397","0.0-218.0","3G5F9DBFOQJ2ISONZKZSGDEII9MVHP","A17K1CHOI773VZ","32XN26MTXZ5MP383W6LZYTLBY7P0LI","","null","<img src=""img/land5.png"" style=""width:200px; border:14px solid green;"">","null","","","","","","","","","",""
"","image-keyboard-response","219","191130","0.0-219.0","3G5F9DBFOQJ2ISONZKZSGDEII9MVHP","A17K1CHOI773VZ","32XN26MTXZ5MP383W6LZYTLBY7P0LI","","731.8000000000466","img/land6.png","76","732.7999999998137","3","1","3","2","1,0.7,0.7,0.7,1,0.7,0.7,0.7,1","1,0.7,0.7,0.7,1,0.7,0.7,0.7,1","","",""
"","html-keyboard-response","220","191437","0.0-220.0","3G5F9DBFOQJ2ISONZKZSGDEII9MVHP","A17K1CHOI773VZ","32XN26MTXZ5MP383W6LZYTLBY7P0LI","","null","<img src=""img/land6.png"" style=""width:200px; border:14px solid green;"">","null","","","","","","","","","",""
"","image-keyboard-response","221","192034","0.0-221.0","3G5F9DBFOQJ2ISONZKZSGDEII9MVHP","A17K1CHOI773VZ","32XN26MTXZ5MP383W6LZYTLBY7P0LI","","595.5999999998603","img/land5.png","74","596.6999999999534","1","0","2","2","1,0.7,0.7,0.7,1,0.7,0.7,0.7,1","1,0.7,0.7,0.7,1,0.7,0.7,0.7,1","","",""
"","html-keyboard-response","222","192341","0.0-222.0","3G5F9DBFOQJ2ISONZKZSGDEII9MVHP","A17K1CHOI773VZ","32XN26MTXZ5MP383W6LZYTLBY7P0LI","","null","<img src=""img/land5.png"" style=""width:200px;border:14px solid red;"">","null","","","","","","","","","",""
"","image-keyboard-response","223","192658","0.0-223.0","3G5F9DBFOQJ2ISONZKZSGDEII9MVHP","A17K1CHOI773VZ","32XN26MTXZ5MP383W6LZYTLBY7P0LI","","316","img/land5.png","75","316.89999999990687","2","1","2","2","1,0.7,0.7,0.7,1,0.7,0.7,0.7,1","1,0.7,0.7,0.7,1,0.7,0.7,0.7,1","","",""
"","html-keyboard-response","224","192965","0.0-224.0","3G5F9DBFOQJ2ISONZKZSGDEII9MVHP","A17K1CHOI773VZ","32XN26MTXZ5MP383W6LZYTLBY7P0LI","","null","<img src=""img/land5.png"" style=""width:200px; border:14px solid green;"">","null","","","","","","","","","",""
"","image-keyboard-response","225","193626","0.0-225.0","3G5F9DBFOQJ2ISONZKZSGDEII9MVHP","A17K1CHOI773VZ","32XN26MTXZ5MP383W6LZYTLBY7P0LI","","659.5999999998603","img/land6.png","76","660.6000000000931","3","1","3","2","1,0.7,0.7,0.7,1,0.7,0.7,0.7,1","1,0.7,0.7,0.7,1,0.7,0.7,0.7,1","","",""
"","html-keyboard-response","226","193933","0.0-226.0","3G5F9DBFOQJ2ISONZKZSGDEII9MVHP","A17K1CHOI773VZ","32XN26MTXZ5MP383W6LZYTLBY7P0LI","","null","<img src=""img/land6.png"" style=""width:200px; border:14px solid green;"">","null","","","","","","","","","",""
"","image-keyboard-response","227","194554","0.0-227.0","3G5F9DBFOQJ2ISONZKZSGDEII9MVHP","A17K1CHOI773VZ","32XN26MTXZ5MP383W6LZYTLBY7P0LI","","619.5","img/land4.png","74","620.5","1","1","1","2","1,0.7,0.7,0.7,1,0.7,0.7,0.7,1","1,0.7,0.7,0.7,1,0.7,0.7,0.7,1","","",""
"","html-keyboard-response","228","194861","0.0-228.0","3G5F9DBFOQJ2ISONZKZSGDEII9MVHP","A17K1CHOI773VZ","32XN26MTXZ5MP383W6LZYTLBY7P0LI","","null","<img src=""img/land4.png"" style=""width:200px; border:14px solid green;"">","null","","","","","","","","","",""
"","image-keyboard-response","229","195970","0.0-229.0","3G5F9DBFOQJ2ISONZKZSGDEII9MVHP","A17K1CHOI773VZ","32XN26MTXZ5MP383W6LZYTLBY7P0LI","","1107.5","img/land6.png","76","1108.5","3","1","3","2","1,0.7,0.7,0.7,1,0.7,0.7,0.7,1","1,0.7,0.7,0.7,1,0.7,0.7,0.7,1","","",""
"","html-keyboard-response","230","196277","0.0-230.0","3G5F9DBFOQJ2ISONZKZSGDEII9MVHP","A17K1CHOI773VZ","32XN26MTXZ5MP383W6LZYTLBY7P0LI","","null","<img src=""img/land6.png"" style=""width:200px; border:14px solid green;"">","null","","","","","","","","","",""
"","image-keyboard-response","231","197074","0.0-231.0","3G5F9DBFOQJ2ISONZKZSGDEII9MVHP","A17K1CHOI773VZ","32XN26MTXZ5MP383W6LZYTLBY7P0LI","","795.6999999999534","img/land5.png","75","797","2","1","2","2","1,0.7,0.7,0.7,1,0.7,0.7,0.7,1","1,0.7,0.7,0.7,1,0.7,0.7,0.7,1","","",""
"","html-keyboard-response","232","197381","0.0-232.0","3G5F9DBFOQJ2ISONZKZSGDEII9MVHP","A17K1CHOI773VZ","32XN26MTXZ5MP383W6LZYTLBY7P0LI","","null","<img src=""img/land5.png"" style=""width:200px; border:14px solid green;"">","null","","","","","","","","","",""
"","image-keyboard-response","233","198114","0.0-233.0","3G5F9DBFOQJ2ISONZKZSGDEII9MVHP","A17K1CHOI773VZ","32XN26MTXZ5MP383W6LZYTLBY7P0LI","","731.6999999999534","img/land4.png","74","732.5","1","1","1","2","1,0.7,0.7,0.7,1,0.7,0.7,0.7,1","1,0.7,0.7,0.7,1,0.7,0.7,0.7,1","","",""
"","html-keyboard-response","234","198421","0.0-234.0","3G5F9DBFOQJ2ISONZKZSGDEII9MVHP","A17K1CHOI773VZ","32XN26MTXZ5MP383W6LZYTLBY7P0LI","","null","<img src=""img/land4.png"" style=""width:200px; border:14px solid green;"">","null","","","","","","","","","",""
"","image-keyboard-response","235","199027","0.0-235.0","3G5F9DBFOQJ2ISONZKZSGDEII9MVHP","A17K1CHOI773VZ","32XN26MTXZ5MP383W6LZYTLBY7P0LI","","604.3999999999069","img/land6.png","76","605.3999999999069","3","1","3","2","1,0.7,0.7,0.7,1,0.7,0.7,0.7,1","1,0.7,0.7,0.7,1,0.7,0.7,0.7,1","","",""
"","html-keyboard-response","236","199333","0.0-236.0","3G5F9DBFOQJ2ISONZKZSGDEII9MVHP","A17K1CHOI773VZ","32XN26MTXZ5MP383W6LZYTLBY7P0LI","","null","<img src=""img/land6.png"" style=""width:200px; border:14px solid green;"">","null","","","","","","","","","",""
"","image-keyboard-response","237","200282","0.0-237.0","3G5F9DBFOQJ2ISONZKZSGDEII9MVHP","A17K1CHOI773VZ","32XN26MTXZ5MP383W6LZYTLBY7P0LI","","947.3999999999069","img/land5.png","75","948.4000000001397","2","1","2","2","1,0.7,0.7,0.7,1,0.7,0.7,0.7,1","1,0.7,0.7,0.7,1,0.7,0.7,0.7,1","","",""
"","html-keyboard-response","238","200590","0.0-238.0","3G5F9DBFOQJ2ISONZKZSGDEII9MVHP","A17K1CHOI773VZ","32XN26MTXZ5MP383W6LZYTLBY7P0LI","","null","<img src=""img/land5.png"" style=""width:200px; border:14px solid green;"">","null","","","","","","","","","",""
"","image-keyboard-response","239","201306","0.0-239.0","3G5F9DBFOQJ2ISONZKZSGDEII9MVHP","A17K1CHOI773VZ","32XN26MTXZ5MP383W6LZYTLBY7P0LI","","715.5","img/land6.png","76","716.6000000000931","3","1","3","2","1,0.7,0.7,0.7,1,0.7,0.7,0.7,1","1,0.7,0.7,0.7,1,0.7,0.7,0.7,1","","",""
"","html-keyboard-response","240","201614","0.0-240.0","3G5F9DBFOQJ2ISONZKZSGDEII9MVHP","A17K1CHOI773VZ","32XN26MTXZ5MP383W6LZYTLBY7P0LI","","null","<img src=""img/land6.png"" style=""width:200px; border:14px solid green;"">","null","","","","","","","","","",""
"","image-keyboard-response","241","201962","0.0-241.0","3G5F9DBFOQJ2ISONZKZSGDEII9MVHP","A17K1CHOI773VZ","32XN26MTXZ5MP383W6LZYTLBY7P0LI","","347.39999999990687","img/land6.png","76","348.30000000004657","3","1","3","2","1,0.7,0.7,0.7,1,0.7,0.7,0.7,1","1,0.7,0.7,0.7,1,0.7,0.7,0.7,1","","",""
"","html-keyboard-response","242","202270","0.0-242.0","3G5F9DBFOQJ2ISONZKZSGDEII9MVHP","A17K1CHOI773VZ","32XN26MTXZ5MP383W6LZYTLBY7P0LI","","null","<img src=""img/land6.png"" style=""width:200px; border:14px solid green;"">","null","","","","","","","","","",""
"","image-keyboard-response","243","202690","0.0-243.0","3G5F9DBFOQJ2ISONZKZSGDEII9MVHP","A17K1CHOI773VZ","32XN26MTXZ5MP383W6LZYTLBY7P0LI","","419.9000000001397","img/land6.png","76","420.70000000018626","3","1","3","2","1,0.7,0.7,0.7,1,0.7,0.7,0.7,1","1,0.7,0.7,0.7,1,0.7,0.7,0.7,1","","",""
"","html-keyboard-response","244","202998","0.0-244.0","3G5F9DBFOQJ2ISONZKZSGDEII9MVHP","A17K1CHOI773VZ","32XN26MTXZ5MP383W6LZYTLBY7P0LI","","null","<img src=""img/land6.png"" style=""width:200px; border:14px solid green;"">","null","","","","","","","","","",""
"","image-keyboard-response","245","203322","0.0-245.0","3G5F9DBFOQJ2ISONZKZSGDEII9MVHP","A17K1CHOI773VZ","32XN26MTXZ5MP383W6LZYTLBY7P0LI","","323.39999999990687","img/land6.png","76","324.30000000004657","3","1","3","2","1,0.7,0.7,0.7,1,0.7,0.7,0.7,1","1,0.7,0.7,0.7,1,0.7,0.7,0.7,1","","",""
"","html-keyboard-response","246","203630","0.0-246.0","3G5F9DBFOQJ2ISONZKZSGDEII9MVHP","A17K1CHOI773VZ","32XN26MTXZ5MP383W6LZYTLBY7P0LI","","null","<img src=""img/land6.png"" style=""width:200px; border:14px solid green;"">","null","","","","","","","","","",""
"","image-keyboard-response","247","203898","0.0-247.0","3G5F9DBFOQJ2ISONZKZSGDEII9MVHP","A17K1CHOI773VZ","32XN26MTXZ5MP383W6LZYTLBY7P0LI","","267.5","img/land6.png","76","268.29999999981374","3","1","3","2","1,0.7,0.7,0.7,1,0.7,0.7,0.7,1","1,0.7,0.7,0.7,1,0.7,0.7,0.7,1","","",""
"","html-keyboard-response","248","204206","0.0-248.0","3G5F9DBFOQJ2ISONZKZSGDEII9MVHP","A17K1CHOI773VZ","32XN26MTXZ5MP383W6LZYTLBY7P0LI","","null","<img src=""img/land6.png"" style=""width:200px; border:14px solid green;"">","null","","","","","","","","","",""
"","image-keyboard-response","249","204434","0.0-249.0","3G5F9DBFOQJ2ISONZKZSGDEII9MVHP","A17K1CHOI773VZ","32XN26MTXZ5MP383W6LZYTLBY7P0LI","","227.39999999990687","img/land6.png","76","228.29999999981374","3","1","3","2","1,0.7,0.7,0.7,1,0.7,0.7,0.7,1","1,0.7,0.7,0.7,1,0.7,0.7,0.7,1","","",""
"","html-keyboard-response","250","204742","0.0-250.0","3G5F9DBFOQJ2ISONZKZSGDEII9MVHP","A17K1CHOI773VZ","32XN26MTXZ5MP383W6LZYTLBY7P0LI","","null","<img src=""img/land6.png"" style=""width:200px; border:14px solid green;"">","null","","","","","","","","","",""
"","image-keyboard-response","251","204882","0.0-251.0","3G5F9DBFOQJ2ISONZKZSGDEII9MVHP","A17K1CHOI773VZ","32XN26MTXZ5MP383W6LZYTLBY7P0LI","","139.5","img/land4.png","76","140.39999999990687","3","1","1","2","1,0.7,0.7,0.7,1,0.7,0.7,0.7,1","1,0.7,0.7,0.7,1,0.7,0.7,0.7,1","","",""
"","html-keyboard-response","252","205190","0.0-252.0","3G5F9DBFOQJ2ISONZKZSGDEII9MVHP","A17K1CHOI773VZ","32XN26MTXZ5MP383W6LZYTLBY7P0LI","","null","<img src=""img/land4.png"" style=""width:200px; border:14px solid green;"">","null","","","","","","","","","",""
"","image-keyboard-response","253","205890","0.0-253.0","3G5F9DBFOQJ2ISONZKZSGDEII9MVHP","A17K1CHOI773VZ","32XN26MTXZ5MP383W6LZYTLBY7P0LI","","699.5","img/land5.png","75","700.1999999999534","2","1","2","2","1,0.7,0.7,0.7,1,0.7,0.7,0.7,1","1,0.7,0.7,0.7,1,0.7,0.7,0.7,1","","",""
"","html-keyboard-response","254","206198","0.0-254.0","3G5F9DBFOQJ2ISONZKZSGDEII9MVHP","A17K1CHOI773VZ","32XN26MTXZ5MP383W6LZYTLBY7P0LI","","null","<img src=""img/land5.png"" style=""width:200px; border:14px solid green;"">","null","","","","","","","","","",""
"","image-keyboard-response","255","206906","0.0-255.0","3G5F9DBFOQJ2ISONZKZSGDEII9MVHP","A17K1CHOI773VZ","32XN26MTXZ5MP383W6LZYTLBY7P0LI","","707.3999999999069","img/land4.png","74","708.2999999998137","1","1","1","2","1,0.7,0.7,0.7,1,0.7,0.7,0.7,1","1,0.7,0.7,0.7,1,0.7,0.7,0.7,1","","",""
"","html-keyboard-response","256","207214","0.0-256.0","3G5F9DBFOQJ2ISONZKZSGDEII9MVHP","A17K1CHOI773VZ","32XN26MTXZ5MP383W6LZYTLBY7P0LI","","null","<img src=""img/land4.png"" style=""width:200px; border:14px solid green;"">","null","","","","","","","","","",""
"","image-keyboard-response","257","207866","0.0-257.0","3G5F9DBFOQJ2ISONZKZSGDEII9MVHP","A17K1CHOI773VZ","32XN26MTXZ5MP383W6LZYTLBY7P0LI","","651.4000000001397","img/land5.png","75","652.1999999999534","2","1","2","2","1,0.7,0.7,0.7,1,0.7,0.7,0.7,1","1,0.7,0.7,0.7,1,0.7,0.7,0.7,1","","",""
"","html-keyboard-response","258","208174","0.0-258.0","3G5F9DBFOQJ2ISONZKZSGDEII9MVHP","A17K1CHOI773VZ","32XN26MTXZ5MP383W6LZYTLBY7P0LI","","null","<img src=""img/land5.png"" style=""width:200px; border:14px solid green;"">","null","","","","","","","","","",""
"","image-keyboard-response","259","208546","0.0-259.0","3G5F9DBFOQJ2ISONZKZSGDEII9MVHP","A17K1CHOI773VZ","32XN26MTXZ5MP383W6LZYTLBY7P0LI","","371.4000000001397","img/land5.png","75","372.19999999995343","2","1","2","2","1,0.7,0.7,0.7,1,0.7,0.7,0.7,1","1,0.7,0.7,0.7,1,0.7,0.7,0.7,1","","",""
"","html-keyboard-response","260","208854","0.0-260.0","3G5F9DBFOQJ2ISONZKZSGDEII9MVHP","A17K1CHOI773VZ","32XN26MTXZ5MP383W6LZYTLBY7P0LI","","null","<img src=""img/land5.png"" style=""width:200px; border:14px solid green;"">","null","","","","","","","","","",""
"","image-keyboard-response","261","209442","0.0-261.0","3G5F9DBFOQJ2ISONZKZSGDEII9MVHP","A17K1CHOI773VZ","32XN26MTXZ5MP383W6LZYTLBY7P0LI","","587.5","img/land6.png","76","588.5","3","1","3","2","1,0.7,0.7,0.7,1,0.7,0.7,0.7,1","1,0.7,0.7,0.7,1,0.7,0.7,0.7,1","","",""
"","html-keyboard-response","262","209750","0.0-262.0","3G5F9DBFOQJ2ISONZKZSGDEII9MVHP","A17K1CHOI773VZ","32XN26MTXZ5MP383W6LZYTLBY7P0LI","","null","<img src=""img/land6.png"" style=""width:200px; border:14px solid green;"">","null","","","","","","","","","",""
"","image-keyboard-response","263","210538","0.0-263.0","3G5F9DBFOQJ2ISONZKZSGDEII9MVHP","A17K1CHOI773VZ","32XN26MTXZ5MP383W6LZYTLBY7P0LI","","787.2000000001863","img/land5.png","75","788.0999999998603","2","1","2","2","1,0.7,0.7,0.7,1,0.7,0.7,0.7,1","1,0.7,0.7,0.7,1,0.7,0.7,0.7,1","","",""
"","html-keyboard-response","264","210846","0.0-264.0","3G5F9DBFOQJ2ISONZKZSGDEII9MVHP","A17K1CHOI773VZ","32XN26MTXZ5MP383W6LZYTLBY7P0LI","","null","<img src=""img/land5.png"" style=""width:200px; border:14px solid green;"">","null","","","","","","","","","",""
"","image-keyboard-response","265","211546","0.0-265.0","3G5F9DBFOQJ2ISONZKZSGDEII9MVHP","A17K1CHOI773VZ","32XN26MTXZ5MP383W6LZYTLBY7P0LI","","699.3000000000466","img/land6.png","76","700.3000000000466","3","1","3","2","1,0.7,0.7,0.7,1,0.7,0.7,0.7,1","1,0.7,0.7,0.7,1,0.7,0.7,0.7,1","","",""
"","html-keyboard-response","266","211854","0.0-266.0","3G5F9DBFOQJ2ISONZKZSGDEII9MVHP","A17K1CHOI773VZ","32XN26MTXZ5MP383W6LZYTLBY7P0LI","","null","<img src=""img/land6.png"" style=""width:200px; border:14px solid green;"">","null","","","","","","","","","",""
"","image-keyboard-response","267","212602","0.0-267.0","3G5F9DBFOQJ2ISONZKZSGDEII9MVHP","A17K1CHOI773VZ","32XN26MTXZ5MP383W6LZYTLBY7P0LI","","747.4000000001397","img/land4.png","74","748.3999999999069","1","1","1","2","1,0.7,0.7,0.7,1,0.7,0.7,0.7,1","1,0.7,0.7,0.7,1,0.7,0.7,0.7,1","","",""
"","html-keyboard-response","268","212910","0.0-268.0","3G5F9DBFOQJ2ISONZKZSGDEII9MVHP","A17K1CHOI773VZ","32XN26MTXZ5MP383W6LZYTLBY7P0LI","","null","<img src=""img/land4.png"" style=""width:200px; border:14px solid green;"">","null","","","","","","","","","",""
"","image-keyboard-response","269","213219","0.0-269.0","3G5F9DBFOQJ2ISONZKZSGDEII9MVHP","A17K1CHOI773VZ","32XN26MTXZ5MP383W6LZYTLBY7P0LI","","307.5","img/land4.png","74","308.4000000001397","1","1","1","2","1,0.7,0.7,0.7,1,0.7,0.7,0.7,1","1,0.7,0.7,0.7,1,0.7,0.7,0.7,1","","",""
"","html-keyboard-response","270","213526","0.0-270.0","3G5F9DBFOQJ2ISONZKZSGDEII9MVHP","A17K1CHOI773VZ","32XN26MTXZ5MP383W6LZYTLBY7P0LI","","null","<img src=""img/land4.png"" style=""width:200px; border:14px solid green;"">","null","","","","","","","","","",""
"","image-keyboard-response","271","214242","0.0-271.0","3G5F9DBFOQJ2ISONZKZSGDEII9MVHP","A17K1CHOI773VZ","32XN26MTXZ5MP383W6LZYTLBY7P0LI","","715.1999999999534","img/land5.png","75","716","2","1","2","2","1,0.7,0.7,0.7,1,0.7,0.7,0.7,1","1,0.7,0.7,0.7,1,0.7,0.7,0.7,1","","",""
"","html-keyboard-response","272","214550","0.0-272.0","3G5F9DBFOQJ2ISONZKZSGDEII9MVHP","A17K1CHOI773VZ","32XN26MTXZ5MP383W6LZYTLBY7P0LI","","null","<img src=""img/land5.png"" style=""width:200px; border:14px solid green;"">","null","","","","","","","","","",""
"","image-keyboard-response","273","215074","0.0-273.0","3G5F9DBFOQJ2ISONZKZSGDEII9MVHP","A17K1CHOI773VZ","32XN26MTXZ5MP383W6LZYTLBY7P0LI","","523.3000000000466","img/land6.png","76","524.1999999999534","3","1","3","2","1,0.7,0.7,0.7,1,0.7,0.7,0.7,1","1,0.7,0.7,0.7,1,0.7,0.7,0.7,1","","",""
"","html-keyboard-response","274","215382","0.0-274.0","3G5F9DBFOQJ2ISONZKZSGDEII9MVHP","A17K1CHOI773VZ","32XN26MTXZ5MP383W6LZYTLBY7P0LI","","null","<img src=""img/land6.png"" style=""width:200px; border:14px solid green;"">","null","","","","","","","","","",""
"","image-keyboard-response","275","215842","0.0-275.0","3G5F9DBFOQJ2ISONZKZSGDEII9MVHP","A17K1CHOI773VZ","32XN26MTXZ5MP383W6LZYTLBY7P0LI","","459","img/land5.png","76","460.10000000009313","3","1","2","2","1,0.7,0.7,0.7,1,0.7,0.7,0.7,1","1,0.7,0.7,0.7,1,0.7,0.7,0.7,1","","",""
"","html-keyboard-response","276","216150","0.0-276.0","3G5F9DBFOQJ2ISONZKZSGDEII9MVHP","A17K1CHOI773VZ","32XN26MTXZ5MP383W6LZYTLBY7P0LI","","null","<img src=""img/land5.png"" style=""width:200px; border:14px solid green;"">","null","","","","","","","","","",""
"","image-keyboard-response","277","216842","0.0-277.0","3G5F9DBFOQJ2ISONZKZSGDEII9MVHP","A17K1CHOI773VZ","32XN26MTXZ5MP383W6LZYTLBY7P0LI","","691.1999999999534","img/land4.png","74","692.1999999999534","1","1","1","2","1,0.7,0.7,0.7,1,0.7,0.7,0.7,1","1,0.7,0.7,0.7,1,0.7,0.7,0.7,1","","",""
"","html-keyboard-response","278","217149","0.0-278.0","3G5F9DBFOQJ2ISONZKZSGDEII9MVHP","A17K1CHOI773VZ","32XN26MTXZ5MP383W6LZYTLBY7P0LI","","null","<img src=""img/land4.png"" style=""width:200px; border:14px solid green;"">","null","","","","","","","","","",""
"","image-keyboard-response","279","219002","0.0-279.0","3G5F9DBFOQJ2ISONZKZSGDEII9MVHP","A17K1CHOI773VZ","32XN26MTXZ5MP383W6LZYTLBY7P0LI","","1851.8999999999069","img/land6.png","76","1852.8000000000466","3","1","3","2","1,0.7,0.7,0.7,1,0.7,0.7,0.7,1","1,0.7,0.7,0.7,1,0.7,0.7,0.7,1","","",""
"","html-keyboard-response","280","219309","0.0-280.0","3G5F9DBFOQJ2ISONZKZSGDEII9MVHP","A17K1CHOI773VZ","32XN26MTXZ5MP383W6LZYTLBY7P0LI","","null","<img src=""img/land6.png"" style=""width:200px; border:14px solid green;"">","null","","","","","","","","","",""
"","image-keyboard-response","281","220650","0.0-281.0","3G5F9DBFOQJ2ISONZKZSGDEII9MVHP","A17K1CHOI773VZ","32XN26MTXZ5MP383W6LZYTLBY7P0LI","","1340.0999999998603","img/land4.png","74","1341","1","1","1","2","1,0.7,0.7,0.7,1,0.7,0.7,0.7,1","1,0.7,0.7,0.7,1,0.7,0.7,0.7,1","","",""
"","html-keyboard-response","282","220957","0.0-282.0","3G5F9DBFOQJ2ISONZKZSGDEII9MVHP","A17K1CHOI773VZ","32XN26MTXZ5MP383W6LZYTLBY7P0LI","","null","<img src=""img/land4.png"" style=""width:200px; border:14px solid green;"">","null","","","","","","","","","",""
"","image-keyboard-response","283","221266","0.0-283.0","3G5F9DBFOQJ2ISONZKZSGDEII9MVHP","A17K1CHOI773VZ","32XN26MTXZ5MP383W6LZYTLBY7P0LI","","308.10000000009313","img/land4.png","74","309.10000000009313","1","1","1","2","1,0.7,0.7,0.7,1,0.7,0.7,0.7,1","1,0.7,0.7,0.7,1,0.7,0.7,0.7,1","","",""
"","html-keyboard-response","284","221573","0.0-284.0","3G5F9DBFOQJ2ISONZKZSGDEII9MVHP","A17K1CHOI773VZ","32XN26MTXZ5MP383W6LZYTLBY7P0LI","","null","<img src=""img/land4.png"" style=""width:200px; border:14px solid green;"">","null","","","","","","","","","",""
"","image-keyboard-response","285","222258","0.0-285.0","3G5F9DBFOQJ2ISONZKZSGDEII9MVHP","A17K1CHOI773VZ","32XN26MTXZ5MP383W6LZYTLBY7P0LI","","684","img/land5.png","75","684.9000000001397","2","1","2","2","1,0.7,0.7,0.7,1,0.7,0.7,0.7,1","1,0.7,0.7,0.7,1,0.7,0.7,0.7,1","","",""
"","html-keyboard-response","286","222565","0.0-286.0","3G5F9DBFOQJ2ISONZKZSGDEII9MVHP","A17K1CHOI773VZ","32XN26MTXZ5MP383W6LZYTLBY7P0LI","","null","<img src=""img/land5.png"" style=""width:200px; border:14px solid green;"">","null","","","","","","","","","",""
"","image-keyboard-response","287","223715","0.0-287.0","3G5F9DBFOQJ2ISONZKZSGDEII9MVHP","A17K1CHOI773VZ","32XN26MTXZ5MP383W6LZYTLBY7P0LI","","1148.3000000000466","img/land4.png","74","1149.1999999999534","1","1","1","2","1,0.7,0.7,0.7,1,0.7,0.7,0.7,1","1,0.7,0.7,0.7,1,0.7,0.7,0.7,1","","",""
"","html-keyboard-response","288","224021","0.0-288.0","3G5F9DBFOQJ2ISONZKZSGDEII9MVHP","A17K1CHOI773VZ","32XN26MTXZ5MP383W6LZYTLBY7P0LI","","null","<img src=""img/land4.png"" style=""width:200px; border:14px solid green;"">","null","","","","","","","","","",""
"","image-keyboard-response","289","224314","0.0-289.0","3G5F9DBFOQJ2ISONZKZSGDEII9MVHP","A17K1CHOI773VZ","32XN26MTXZ5MP383W6LZYTLBY7P0LI","","292","img/land4.png","74","292.89999999990687","1","1","1","2","1,0.7,0.7,0.7,1,0.7,0.7,0.7,1","1,0.7,0.7,0.7,1,0.7,0.7,0.7,1","","",""
"","html-keyboard-response","290","224623","0.0-290.0","3G5F9DBFOQJ2ISONZKZSGDEII9MVHP","A17K1CHOI773VZ","32XN26MTXZ5MP383W6LZYTLBY7P0LI","","null","<img src=""img/land4.png"" style=""width:200px; border:14px solid green;"">","null","","","","","","","","","",""
"","image-keyboard-response","291","225026","0.0-291.0","3G5F9DBFOQJ2ISONZKZSGDEII9MVHP","A17K1CHOI773VZ","32XN26MTXZ5MP383W6LZYTLBY7P0LI","","402.4000000001397","img/land4.png","74","403.5999999998603","1","1","1","2","1,0.7,0.7,0.7,1,0.7,0.7,0.7,1","1,0.7,0.7,0.7,1,0.7,0.7,0.7,1","","",""
"","html-keyboard-response","292","225333","0.0-292.0","3G5F9DBFOQJ2ISONZKZSGDEII9MVHP","A17K1CHOI773VZ","32XN26MTXZ5MP383W6LZYTLBY7P0LI","","null","<img src=""img/land4.png"" style=""width:200px; border:14px solid green;"">","null","","","","","","","","","",""
"","image-keyboard-response","293","226210","0.0-293.0","3G5F9DBFOQJ2ISONZKZSGDEII9MVHP","A17K1CHOI773VZ","32XN26MTXZ5MP383W6LZYTLBY7P0LI","","875.9000000001397","img/land5.png","75","876.8999999999069","2","1","2","2","1,0.7,0.7,0.7,1,0.7,0.7,0.7,1","1,0.7,0.7,0.7,1,0.7,0.7,0.7,1","","",""
"","html-keyboard-response","294","226517","0.0-294.0","3G5F9DBFOQJ2ISONZKZSGDEII9MVHP","A17K1CHOI773VZ","32XN26MTXZ5MP383W6LZYTLBY7P0LI","","null","<img src=""img/land5.png"" style=""width:200px; border:14px solid green;"">","null","","","","","","","","","",""
"","image-keyboard-response","295","227060","0.0-295.0","3G5F9DBFOQJ2ISONZKZSGDEII9MVHP","A17K1CHOI773VZ","32XN26MTXZ5MP383W6LZYTLBY7P0LI","","540.4000000001397","img/land6.png","76","541.5","3","1","3","2","1,0.7,0.7,0.7,1,0.7,0.7,0.7,1","1,0.7,0.7,0.7,1,0.7,0.7,0.7,1","","",""
"","html-keyboard-response","296","227366","0.0-296.0","3G5F9DBFOQJ2ISONZKZSGDEII9MVHP","A17K1CHOI773VZ","32XN26MTXZ5MP383W6LZYTLBY7P0LI","","null","<img src=""img/land6.png"" style=""width:200px; border:14px solid green;"">","null","","","","","","","","","",""
"","image-keyboard-response","297","228051","0.0-297.0","3G5F9DBFOQJ2ISONZKZSGDEII9MVHP","A17K1CHOI773VZ","32XN26MTXZ5MP383W6LZYTLBY7P0LI","","683.8999999999069","img/land4.png","74","684.9000000001397","1","1","1","2","1,0.7,0.7,0.7,1,0.7,0.7,0.7,1","1,0.7,0.7,0.7,1,0.7,0.7,0.7,1","","",""
"","html-keyboard-response","298","228358","0.0-298.0","3G5F9DBFOQJ2ISONZKZSGDEII9MVHP","A17K1CHOI773VZ","32XN26MTXZ5MP383W6LZYTLBY7P0LI","","null","<img src=""img/land4.png"" style=""width:200px; border:14px solid green;"">","null","","","","","","","","","",""
"","image-keyboard-response","299","229019","0.0-299.0","3G5F9DBFOQJ2ISONZKZSGDEII9MVHP","A17K1CHOI773VZ","32XN26MTXZ5MP383W6LZYTLBY7P0LI","","659.8000000000466","img/land6.png","76","660.8000000000466","3","1","3","2","1,0.7,0.7,0.7,1,0.7,0.7,0.7,1","1,0.7,0.7,0.7,1,0.7,0.7,0.7,1","","",""
"","html-keyboard-response","300","229326","0.0-300.0","3G5F9DBFOQJ2ISONZKZSGDEII9MVHP","A17K1CHOI773VZ","32XN26MTXZ5MP383W6LZYTLBY7P0LI","","null","<img src=""img/land6.png"" style=""width:200px; border:14px solid green;"">","null","","","","","","","","","",""
"","image-keyboard-response","301","230123","0.0-301.0","3G5F9DBFOQJ2ISONZKZSGDEII9MVHP","A17K1CHOI773VZ","32XN26MTXZ5MP383W6LZYTLBY7P0LI","","796","img/land4.png","74","796.8999999999069","1","1","1","2","1,0.7,0.7,0.7,1,0.7,0.7,0.7,1","1,0.7,0.7,0.7,1,0.7,0.7,0.7,1","","",""
"","html-keyboard-response","302","230430","0.0-302.0","3G5F9DBFOQJ2ISONZKZSGDEII9MVHP","A17K1CHOI773VZ","32XN26MTXZ5MP383W6LZYTLBY7P0LI","","null","<img src=""img/land4.png"" style=""width:200px; border:14px solid green;"">","null","","","","","","","","","",""
"","image-keyboard-response","303","230963","0.0-303.0","3G5F9DBFOQJ2ISONZKZSGDEII9MVHP","A17K1CHOI773VZ","32XN26MTXZ5MP383W6LZYTLBY7P0LI","","531.7999999998137","img/land6.png","75","532.6999999999534","2","0","3","2","1,0.7,0.7,0.7,1,0.7,0.7,0.7,1","1,0.7,0.7,0.7,1,0.7,0.7,0.7,1","","",""
"","html-keyboard-response","304","231270","0.0-304.0","3G5F9DBFOQJ2ISONZKZSGDEII9MVHP","A17K1CHOI773VZ","32XN26MTXZ5MP383W6LZYTLBY7P0LI","","null","<img src=""img/land6.png"" style=""width:200px;border:14px solid red;"">","null","","","","","","","","","",""
"","image-keyboard-response","305","231907","0.0-305.0","3G5F9DBFOQJ2ISONZKZSGDEII9MVHP","A17K1CHOI773VZ","32XN26MTXZ5MP383W6LZYTLBY7P0LI","","636","img/land5.png","75","636.8000000000466","2","1","2","2","1,0.7,0.7,0.7,1,0.7,0.7,0.7,1","1,0.7,0.7,0.7,1,0.7,0.7,0.7,1","","",""
"","html-keyboard-response","306","232214","0.0-306.0","3G5F9DBFOQJ2ISONZKZSGDEII9MVHP","A17K1CHOI773VZ","32XN26MTXZ5MP383W6LZYTLBY7P0LI","","null","<img src=""img/land5.png"" style=""width:200px; border:14px solid green;"">","null","","","","","","","","","",""
"","image-keyboard-response","307","233867","0.0-307.0","3G5F9DBFOQJ2ISONZKZSGDEII9MVHP","A17K1CHOI773VZ","32XN26MTXZ5MP383W6LZYTLBY7P0LI","","1652.1999999999534","img/land4.png","74","1653.1000000000931","1","1","1","2","1,0.7,0.7,0.7,1,0.7,0.7,0.7,1","1,0.7,0.7,0.7,1,0.7,0.7,0.7,1","","",""
"","html-keyboard-response","308","234174","0.0-308.0","3G5F9DBFOQJ2ISONZKZSGDEII9MVHP","A17K1CHOI773VZ","32XN26MTXZ5MP383W6LZYTLBY7P0LI","","null","<img src=""img/land4.png"" style=""width:200px; border:14px solid green;"">","null","","","","","","","","","",""
"","image-keyboard-response","309","234515","0.0-309.0","3G5F9DBFOQJ2ISONZKZSGDEII9MVHP","A17K1CHOI773VZ","32XN26MTXZ5MP383W6LZYTLBY7P0LI","","339.5999999998603","img/land4.png","74","340.5","1","1","1","2","1,0.7,0.7,0.7,1,0.7,0.7,0.7,1","1,0.7,0.7,0.7,1,0.7,0.7,0.7,1","","",""
"","html-keyboard-response","310","234822","0.0-310.0","3G5F9DBFOQJ2ISONZKZSGDEII9MVHP","A17K1CHOI773VZ","32XN26MTXZ5MP383W6LZYTLBY7P0LI","","null","<img src=""img/land4.png"" style=""width:200px; border:14px solid green;"">","null","","","","","","","","","",""
"","image-keyboard-response","311","235539","0.0-311.0","3G5F9DBFOQJ2ISONZKZSGDEII9MVHP","A17K1CHOI773VZ","32XN26MTXZ5MP383W6LZYTLBY7P0LI","","715.6999999999534","img/land5.png","75","716.5999999998603","2","1","2","2","1,0.7,0.7,0.7,1,0.7,0.7,0.7,1","1,0.7,0.7,0.7,1,0.7,0.7,0.7,1","","",""
"","html-keyboard-response","312","235846","0.0-312.0","3G5F9DBFOQJ2ISONZKZSGDEII9MVHP","A17K1CHOI773VZ","32XN26MTXZ5MP383W6LZYTLBY7P0LI","","null","<img src=""img/land5.png"" style=""width:200px; border:14px solid green;"">","null","","","","","","","","","",""
"","image-keyboard-response","313","236675","0.0-313.0","3G5F9DBFOQJ2ISONZKZSGDEII9MVHP","A17K1CHOI773VZ","32XN26MTXZ5MP383W6LZYTLBY7P0LI","","827.6000000000931","img/land4.png","75","828.8000000000466","2","1","1","2","1,0.7,0.7,0.7,1,0.7,0.7,0.7,1","1,0.7,0.7,0.7,1,0.7,0.7,0.7,1","","",""
"","html-keyboard-response","314","236982","0.0-314.0","3G5F9DBFOQJ2ISONZKZSGDEII9MVHP","A17K1CHOI773VZ","32XN26MTXZ5MP383W6LZYTLBY7P0LI","","null","<img src=""img/land4.png"" style=""width:200px; border:14px solid green;"">","null","","","","","","","","","",""
"","image-keyboard-response","315","237379","0.0-315.0","3G5F9DBFOQJ2ISONZKZSGDEII9MVHP","A17K1CHOI773VZ","32XN26MTXZ5MP383W6LZYTLBY7P0LI","","395.80000000004657","img/land4.png","74","396.60000000009313","1","1","1","2","1,0.7,0.7,0.7,1,0.7,0.7,0.7,1","1,0.7,0.7,0.7,1,0.7,0.7,0.7,1","","",""
"","html-keyboard-response","316","237686","0.0-316.0","3G5F9DBFOQJ2ISONZKZSGDEII9MVHP","A17K1CHOI773VZ","32XN26MTXZ5MP383W6LZYTLBY7P0LI","","null","<img src=""img/land4.png"" style=""width:200px; border:14px solid green;"">","null","","","","","","","","","",""
"","image-keyboard-response","317","238075","0.0-317.0","3G5F9DBFOQJ2ISONZKZSGDEII9MVHP","A17K1CHOI773VZ","32XN26MTXZ5MP383W6LZYTLBY7P0LI","","387.70000000018626","img/land4.png","74","388.80000000004657","1","1","1","2","1,0.7,0.7,0.7,1,0.7,0.7,0.7,1","1,0.7,0.7,0.7,1,0.7,0.7,0.7,1","","",""
"","html-keyboard-response","318","238382","0.0-318.0","3G5F9DBFOQJ2ISONZKZSGDEII9MVHP","A17K1CHOI773VZ","32XN26MTXZ5MP383W6LZYTLBY7P0LI","","null","<img src=""img/land4.png"" style=""width:200px; border:14px solid green;"">","null","","","","","","","","","",""
"","image-keyboard-response","319","239003","0.0-319.0","3G5F9DBFOQJ2ISONZKZSGDEII9MVHP","A17K1CHOI773VZ","32XN26MTXZ5MP383W6LZYTLBY7P0LI","","619.6999999999534","img/land6.png","76","620.5","3","1","3","2","1,0.7,0.7,0.7,1,0.7,0.7,0.7,1","1,0.7,0.7,0.7,1,0.7,0.7,0.7,1","","",""
"","html-keyboard-response","320","239310","0.0-320.0","3G5F9DBFOQJ2ISONZKZSGDEII9MVHP","A17K1CHOI773VZ","32XN26MTXZ5MP383W6LZYTLBY7P0LI","","null","<img src=""img/land6.png"" style=""width:200px; border:14px solid green;"">","null","","","","","","","","","",""
"","image-keyboard-response","321","239843","0.0-321.0","3G5F9DBFOQJ2ISONZKZSGDEII9MVHP","A17K1CHOI773VZ","32XN26MTXZ5MP383W6LZYTLBY7P0LI","","531.6999999999534","img/land5.png","75","532.6000000000931","2","1","2","2","1,0.7,0.7,0.7,1,0.7,0.7,0.7,1","1,0.7,0.7,0.7,1,0.7,0.7,0.7,1","","",""
"","html-keyboard-response","322","240150","0.0-322.0","3G5F9DBFOQJ2ISONZKZSGDEII9MVHP","A17K1CHOI773VZ","32XN26MTXZ5MP383W6LZYTLBY7P0LI","","null","<img src=""img/land5.png"" style=""width:200px; border:14px solid green;"">","null","","","","","","","","","",""
"","image-keyboard-response","323","240747","0.0-323.0","3G5F9DBFOQJ2ISONZKZSGDEII9MVHP","A17K1CHOI773VZ","32XN26MTXZ5MP383W6LZYTLBY7P0LI","","595.3999999999069","img/land4.png","74","596.5","1","1","1","2","1,0.7,0.7,0.7,1,0.7,0.7,0.7,1","1,0.7,0.7,0.7,1,0.7,0.7,0.7,1","","",""
"","html-keyboard-response","324","241054","0.0-324.0","3G5F9DBFOQJ2ISONZKZSGDEII9MVHP","A17K1CHOI773VZ","32XN26MTXZ5MP383W6LZYTLBY7P0LI","","null","<img src=""img/land4.png"" style=""width:200px; border:14px solid green;"">","null","","","","","","","","","",""
"","image-keyboard-response","325","241683","0.0-325.0","3G5F9DBFOQJ2ISONZKZSGDEII9MVHP","A17K1CHOI773VZ","32XN26MTXZ5MP383W6LZYTLBY7P0LI","","627.6000000000931","img/land6.png","76","628.5999999998603","3","1","3","2","1,0.7,0.7,0.7,1,0.7,0.7,0.7,1","1,0.7,0.7,0.7,1,0.7,0.7,0.7,1","","",""
"","html-keyboard-response","326","241990","0.0-326.0","3G5F9DBFOQJ2ISONZKZSGDEII9MVHP","A17K1CHOI773VZ","32XN26MTXZ5MP383W6LZYTLBY7P0LI","","null","<img src=""img/land6.png"" style=""width:200px; border:14px solid green;"">","null","","","","","","","","","",""
"","image-keyboard-response","327","242339","0.0-327.0","3G5F9DBFOQJ2ISONZKZSGDEII9MVHP","A17K1CHOI773VZ","32XN26MTXZ5MP383W6LZYTLBY7P0LI","","347.60000000009313","img/land6.png","76","348.4000000001397","3","1","3","2","1,0.7,0.7,0.7,1,0.7,0.7,0.7,1","1,0.7,0.7,0.7,1,0.7,0.7,0.7,1","","",""
"","html-keyboard-response","328","242647","0.0-328.0","3G5F9DBFOQJ2ISONZKZSGDEII9MVHP","A17K1CHOI773VZ","32XN26MTXZ5MP383W6LZYTLBY7P0LI","","null","<img src=""img/land6.png"" style=""width:200px; border:14px solid green;"">","null","","","","","","","","","",""
"","image-keyboard-response","329","242803","0.0-329.0","3G5F9DBFOQJ2ISONZKZSGDEII9MVHP","A17K1CHOI773VZ","32XN26MTXZ5MP383W6LZYTLBY7P0LI","","155.60000000009313","img/land4.png","76","156.5","3","1","1","2","1,0.7,0.7,0.7,1,0.7,0.7,0.7,1","1,0.7,0.7,0.7,1,0.7,0.7,0.7,1","","",""
"","html-keyboard-response","330","243111","0.0-330.0","3G5F9DBFOQJ2ISONZKZSGDEII9MVHP","A17K1CHOI773VZ","32XN26MTXZ5MP383W6LZYTLBY7P0LI","","null","<img src=""img/land4.png"" style=""width:200px; border:14px solid green;"">","null","","","","","","","","","",""
"","image-keyboard-response","331","244140","0.0-331.0","3G5F9DBFOQJ2ISONZKZSGDEII9MVHP","A17K1CHOI773VZ","32XN26MTXZ5MP383W6LZYTLBY7P0LI","","1028.1000000000931","img/land6.png","76","1028.8999999999069","3","1","3","2","1,0.7,0.7,0.7,1,0.7,0.7,0.7,1","1,0.7,0.7,0.7,1,0.7,0.7,0.7,1","","",""
"","html-keyboard-response","332","244447","0.0-332.0","3G5F9DBFOQJ2ISONZKZSGDEII9MVHP","A17K1CHOI773VZ","32XN26MTXZ5MP383W6LZYTLBY7P0LI","","null","<img src=""img/land6.png"" style=""width:200px; border:14px solid green;"">","null","","","","","","","","","",""
"","image-keyboard-response","333","244739","0.0-333.0","3G5F9DBFOQJ2ISONZKZSGDEII9MVHP","A17K1CHOI773VZ","32XN26MTXZ5MP383W6LZYTLBY7P0LI","","291.39999999990687","img/land6.png","76","292.39999999990687","3","1","3","2","1,0.7,0.7,0.7,1,0.7,0.7,0.7,1","1,0.7,0.7,0.7,1,0.7,0.7,0.7,1","","",""
"","html-keyboard-response","334","245047","0.0-334.0","3G5F9DBFOQJ2ISONZKZSGDEII9MVHP","A17K1CHOI773VZ","32XN26MTXZ5MP383W6LZYTLBY7P0LI","","null","<img src=""img/land6.png"" style=""width:200px; border:14px solid green;"">","null","","","","","","","","","",""
"","image-keyboard-response","335","245787","0.0-335.0","3G5F9DBFOQJ2ISONZKZSGDEII9MVHP","A17K1CHOI773VZ","32XN26MTXZ5MP383W6LZYTLBY7P0LI","","739.4000000001397","img/land5.png","75","740.1999999999534","2","1","2","2","1,0.7,0.7,0.7,1,0.7,0.7,0.7,1","1,0.7,0.7,0.7,1,0.7,0.7,0.7,1","","",""
"","html-keyboard-response","336","246094","0.0-336.0","3G5F9DBFOQJ2ISONZKZSGDEII9MVHP","A17K1CHOI773VZ","32XN26MTXZ5MP383W6LZYTLBY7P0LI","","null","<img src=""img/land5.png"" style=""width:200px; border:14px solid green;"">","null","","","","","","","","","",""
"","image-keyboard-response","337","246403","0.0-337.0","3G5F9DBFOQJ2ISONZKZSGDEII9MVHP","A17K1CHOI773VZ","32XN26MTXZ5MP383W6LZYTLBY7P0LI","","308.5","img/land5.png","75","309.39999999990687","2","1","2","2","1,0.7,0.7,0.7,1,0.7,0.7,0.7,1","1,0.7,0.7,0.7,1,0.7,0.7,0.7,1","","",""
"","html-keyboard-response","338","246710","0.0-338.0","3G5F9DBFOQJ2ISONZKZSGDEII9MVHP","A17K1CHOI773VZ","32XN26MTXZ5MP383W6LZYTLBY7P0LI","","null","<img src=""img/land5.png"" style=""width:200px; border:14px solid green;"">","null","","","","","","","","","",""
"","instructions","339","252836","0.0-339.0","3G5F9DBFOQJ2ISONZKZSGDEII9MVHP","A17K1CHOI773VZ","32XN26MTXZ5MP383W6LZYTLBY7P0LI","[{""page_index"":0,""viewing_time"":6125}]","6125.300000000047","","","","","","","","","","","",""
"","survey-text","340","258572","0.0-340.0-0.0","3G5F9DBFOQJ2ISONZKZSGDEII9MVHP","A17K1CHOI773VZ","32XN26MTXZ5MP383W6LZYTLBY7P0LI","","5733.299999999814","","","","","","","","","","","{""Q0"":""34""}",""
"","survey-multi-choice","341","261308","0.0-340.0-1.0","3G5F9DBFOQJ2ISONZKZSGDEII9MVHP","A17K1CHOI773VZ","32XN26MTXZ5MP383W6LZYTLBY7P0LI","","2734.1999999999534","","","","","","","","","","","{""gender"":""M""}","[0]"
"","survey-text","342","269892","0.0-341.0","3G5F9DBFOQJ2ISONZKZSGDEII9MVHP","A17K1CHOI773VZ","32XN26MTXZ5MP383W6LZYTLBY7P0LI","","8581.5","","","","","","","","","","","{""Q0"":""A17K1CHOI773VZ""}",""
