"success","trial_type","trial_index","time_elapsed","internal_node_id","assignmentID","mturkID","hitID","view_history","rt","stimulus","key_press","reactionTime","a","r","warning","s","reward_cond","responses","question_order"
"true","fullscreen","0","3132","0.0-0.0","3WMOAN2SRCJUSOAY2IU5LXBE2JCNV1","A1JWKT0IS06YKL","3A3KKYU7P33Z3BR9PPFZ5194ZCQMWU","","","","","","","","","","","",""
"","instructions","1","37569","0.0-1.0","3WMOAN2SRCJUSOAY2IU5LXBE2JCNV1","A1JWKT0IS06YKL","3A3KKYU7P33Z3BR9PPFZ5194ZCQMWU","[{""page_index"":0,""viewing_time"":10184.5},{""page_index"":1,""viewing_time"":1215.7000000029802},{""page_index"":2,""viewing_time"":1666.5999999940395},{""page_index"":3,""viewing_time"":734.4000000059605},{""page_index"":4,""viewing_time"":5582.79999999702},{""page_index"":5,""viewing_time"":4900.70000000298},{""page_index"":6,""viewing_time"":4283.5},{""page_index"":7,""viewing_time"":5866.899999991059}]","34436.20000000298","","","","","","","","","",""
"","image-keyboard-response","2","38051","0.0-2.0","3WMOAN2SRCJUSOAY2IU5LXBE2JCNV1","A1JWKT0IS06YKL","3A3KKYU7P33Z3BR9PPFZ5194ZCQMWU","","479.3999999910593","img/land4.png","74","482.40000000596046","1","0","false","3","1,0.5,0.5,0.5,1,0.5,0.5,0.5,1","",""
"","html-keyboard-response","3","38360","0.0-3.0","3WMOAN2SRCJUSOAY2IU5LXBE2JCNV1","A1JWKT0IS06YKL","3A3KKYU7P33Z3BR9PPFZ5194ZCQMWU","","null","<img src=""img/land4.png"" style=""width:200px;border:14px solid red;"">","null","","","","","","","",""
"","image-keyboard-response","4","38813","0.0-5.0","3WMOAN2SRCJUSOAY2IU5LXBE2JCNV1","A1JWKT0IS06YKL","3A3KKYU7P33Z3BR9PPFZ5194ZCQMWU","","451.09999999403954","img/land4.png","75","452.20000000298023","2","0","false","3","1,0.5,0.5,0.5,1,0.5,0.5,0.5,1","",""
"","html-keyboard-response","5","39120","0.0-6.0","3WMOAN2SRCJUSOAY2IU5LXBE2JCNV1","A1JWKT0IS06YKL","3A3KKYU7P33Z3BR9PPFZ5194ZCQMWU","","null","<img src=""img/land4.png"" style=""width:200px;border:14px solid red;"">","null","","","","","","","",""
"","image-keyboard-response","6","39404","0.0-8.0","3WMOAN2SRCJUSOAY2IU5LXBE2JCNV1","A1JWKT0IS06YKL","3A3KKYU7P33Z3BR9PPFZ5194ZCQMWU","","281.90000000596046","img/land4.png","76","283","3","1","false","3","1,0.5,0.5,0.5,1,0.5,0.5,0.5,1","",""
"","html-keyboard-response","7","39708","0.0-9.0","3WMOAN2SRCJUSOAY2IU5LXBE2JCNV1","A1JWKT0IS06YKL","3A3KKYU7P33Z3BR9PPFZ5194ZCQMWU","","null","<img src=""img/land4.png"" style=""width:200px; border:14px solid green;"">","null","","","","","","","",""
"","image-keyboard-response","8","40328","0.0-11.0","3WMOAN2SRCJUSOAY2IU5LXBE2JCNV1","A1JWKT0IS06YKL","3A3KKYU7P33Z3BR9PPFZ5194ZCQMWU","","618.2000000029802","img/land1.png","75","619.4000000059605","2","0","false","1","1,0.5,0.5,0.5,1,0.5,0.5,0.5,1","",""
"","html-keyboard-response","9","40641","0.0-12.0","3WMOAN2SRCJUSOAY2IU5LXBE2JCNV1","A1JWKT0IS06YKL","3A3KKYU7P33Z3BR9PPFZ5194ZCQMWU","","null","<img src=""img/land1.png"" style=""width:200px;border:14px solid red;"">","null","","","","","","","",""
"","image-keyboard-response","10","41026","0.0-14.0","3WMOAN2SRCJUSOAY2IU5LXBE2JCNV1","A1JWKT0IS06YKL","3A3KKYU7P33Z3BR9PPFZ5194ZCQMWU","","382.3999999910593","img/land2.png","74","383.70000000298023","1","0","false","2","1,0.5,0.5,0.5,1,0.5,0.5,0.5,1","",""
"","html-keyboard-response","11","41333","0.0-15.0","3WMOAN2SRCJUSOAY2IU5LXBE2JCNV1","A1JWKT0IS06YKL","3A3KKYU7P33Z3BR9PPFZ5194ZCQMWU","","null","<img src=""img/land2.png"" style=""width:200px;border:14px solid red;"">","null","","","","","","","",""
"","image-keyboard-response","12","41999","0.0-17.0","3WMOAN2SRCJUSOAY2IU5LXBE2JCNV1","A1JWKT0IS06YKL","3A3KKYU7P33Z3BR9PPFZ5194ZCQMWU","","664.7000000029802","img/land4.png","74","665.7999999970198","1","0","false","3","1,0.5,0.5,0.5,1,0.5,0.5,0.5,1","",""
"","html-keyboard-response","13","42313","0.0-18.0","3WMOAN2SRCJUSOAY2IU5LXBE2JCNV1","A1JWKT0IS06YKL","3A3KKYU7P33Z3BR9PPFZ5194ZCQMWU","","null","<img src=""img/land4.png"" style=""width:200px;border:14px solid red;"">","null","","","","","","","",""
"","image-keyboard-response","14","42687","0.0-20.0","3WMOAN2SRCJUSOAY2IU5LXBE2JCNV1","A1JWKT0IS06YKL","3A3KKYU7P33Z3BR9PPFZ5194ZCQMWU","","373.09999999403954","img/land4.png","76","374.19999998807907","3","1","false","3","1,0.5,0.5,0.5,1,0.5,0.5,0.5,1","",""
"","html-keyboard-response","15","42999","0.0-21.0","3WMOAN2SRCJUSOAY2IU5LXBE2JCNV1","A1JWKT0IS06YKL","3A3KKYU7P33Z3BR9PPFZ5194ZCQMWU","","null","<img src=""img/land4.png"" style=""width:200px; border:14px solid green;"">","null","","","","","","","",""
"","image-keyboard-response","16","43716","0.0-23.0","3WMOAN2SRCJUSOAY2IU5LXBE2JCNV1","A1JWKT0IS06YKL","3A3KKYU7P33Z3BR9PPFZ5194ZCQMWU","","714.8000000119209","img/land4.png","76","716.1999999880791","3","1","false","3","1,0.5,0.5,0.5,1,0.5,0.5,0.5,1","",""
"","html-keyboard-response","17","44022","0.0-24.0","3WMOAN2SRCJUSOAY2IU5LXBE2JCNV1","A1JWKT0IS06YKL","3A3KKYU7P33Z3BR9PPFZ5194ZCQMWU","","null","<img src=""img/land4.png"" style=""width:200px; border:14px solid green;"">","null","","","","","","","",""
"","image-keyboard-response","18","44505","0.0-26.0","3WMOAN2SRCJUSOAY2IU5LXBE2JCNV1","A1JWKT0IS06YKL","3A3KKYU7P33Z3BR9PPFZ5194ZCQMWU","","481.5","img/land4.png","76","482.5","3","1","false","3","1,0.5,0.5,0.5,1,0.5,0.5,0.5,1","",""
"","html-keyboard-response","19","44815","0.0-27.0","3WMOAN2SRCJUSOAY2IU5LXBE2JCNV1","A1JWKT0IS06YKL","3A3KKYU7P33Z3BR9PPFZ5194ZCQMWU","","null","<img src=""img/land4.png"" style=""width:200px; border:14px solid green;"">","null","","","","","","","",""
"","image-keyboard-response","20","45229","0.0-29.0","3WMOAN2SRCJUSOAY2IU5LXBE2JCNV1","A1JWKT0IS06YKL","3A3KKYU7P33Z3BR9PPFZ5194ZCQMWU","","412.70000000298023","img/land4.png","76","413.79999999701977","3","1","false","3","1,0.5,0.5,0.5,1,0.5,0.5,0.5,1","",""
"","html-keyboard-response","21","45536","0.0-30.0","3WMOAN2SRCJUSOAY2IU5LXBE2JCNV1","A1JWKT0IS06YKL","3A3KKYU7P33Z3BR9PPFZ5194ZCQMWU","","null","<img src=""img/land4.png"" style=""width:200px; border:14px solid green;"">","null","","","","","","","",""
"","image-keyboard-response","22","46104","0.0-32.0","3WMOAN2SRCJUSOAY2IU5LXBE2JCNV1","A1JWKT0IS06YKL","3A3KKYU7P33Z3BR9PPFZ5194ZCQMWU","","566.2000000029802","img/land1.png","76","567.2000000029802","3","0","false","1","1,0.5,0.5,0.5,1,0.5,0.5,0.5,1","",""
"","html-keyboard-response","23","46413","0.0-33.0","3WMOAN2SRCJUSOAY2IU5LXBE2JCNV1","A1JWKT0IS06YKL","3A3KKYU7P33Z3BR9PPFZ5194ZCQMWU","","null","<img src=""img/land1.png"" style=""width:200px;border:14px solid red;"">","null","","","","","","","",""
"","image-keyboard-response","24","47091","0.0-35.0","3WMOAN2SRCJUSOAY2IU5LXBE2JCNV1","A1JWKT0IS06YKL","3A3KKYU7P33Z3BR9PPFZ5194ZCQMWU","","676.0999999940395","img/land2.png","76","677.1000000089407","3","1","false","2","1,0.5,0.5,0.5,1,0.5,0.5,0.5,1","",""
"","html-keyboard-response","25","47398","0.0-36.0","3WMOAN2SRCJUSOAY2IU5LXBE2JCNV1","A1JWKT0IS06YKL","3A3KKYU7P33Z3BR9PPFZ5194ZCQMWU","","null","<img src=""img/land2.png"" style=""width:200px; border:14px solid green;"">","null","","","","","","","",""
"","image-keyboard-response","26","48407","0.0-38.0","3WMOAN2SRCJUSOAY2IU5LXBE2JCNV1","A1JWKT0IS06YKL","3A3KKYU7P33Z3BR9PPFZ5194ZCQMWU","","","img/land4.png","","1008.5","-1","0","true","3","1,0.5,0.5,0.5,1,0.5,0.5,0.5,1","",""
"","html-keyboard-response","27","48717","0.0-39.0","3WMOAN2SRCJUSOAY2IU5LXBE2JCNV1","A1JWKT0IS06YKL","3A3KKYU7P33Z3BR9PPFZ5194ZCQMWU","","null","<img src=""img/land4.png"" style=""width:200px;border:14px solid red;"">","null","","","","","","","",""
"","html-keyboard-response","28","54402","0.0-40.0-0.0","3WMOAN2SRCJUSOAY2IU5LXBE2JCNV1","A1JWKT0IS06YKL","3A3KKYU7P33Z3BR9PPFZ5194ZCQMWU","","","","","","","","","","","",""
"","image-keyboard-response","29","54858","0.0-41.0","3WMOAN2SRCJUSOAY2IU5LXBE2JCNV1","A1JWKT0IS06YKL","3A3KKYU7P33Z3BR9PPFZ5194ZCQMWU","","453.79999999701977","img/land4.png","74","455.29999999701977","1","0","false","3","1,0.5,0.5,0.5,1,0.5,0.5,0.5,1","",""
"","html-keyboard-response","30","55169","0.0-42.0","3WMOAN2SRCJUSOAY2IU5LXBE2JCNV1","A1JWKT0IS06YKL","3A3KKYU7P33Z3BR9PPFZ5194ZCQMWU","","null","<img src=""img/land4.png"" style=""width:200px;border:14px solid red;"">","null","","","","","","","",""
"","image-keyboard-response","31","55208","0.0-44.0","3WMOAN2SRCJUSOAY2IU5LXBE2JCNV1","A1JWKT0IS06YKL","3A3KKYU7P33Z3BR9PPFZ5194ZCQMWU","","37.70000000298023","img/land4.png","76","38.8999999910593","3","1","false","3","1,0.5,0.5,0.5,1,0.5,0.5,0.5,1","",""
"","html-keyboard-response","32","55521","0.0-45.0","3WMOAN2SRCJUSOAY2IU5LXBE2JCNV1","A1JWKT0IS06YKL","3A3KKYU7P33Z3BR9PPFZ5194ZCQMWU","","null","<img src=""img/land4.png"" style=""width:200px; border:14px solid green;"">","null","","","","","","","",""
"","image-keyboard-response","33","55740","0.0-47.0","3WMOAN2SRCJUSOAY2IU5LXBE2JCNV1","A1JWKT0IS06YKL","3A3KKYU7P33Z3BR9PPFZ5194ZCQMWU","","217.90000000596046","img/land2.png","76","219","3","0","false","2","1,0.5,0.5,0.5,1,0.5,0.5,0.5,1","",""
"","html-keyboard-response","34","56048","0.0-48.0","3WMOAN2SRCJUSOAY2IU5LXBE2JCNV1","A1JWKT0IS06YKL","3A3KKYU7P33Z3BR9PPFZ5194ZCQMWU","","null","<img src=""img/land2.png"" style=""width:200px;border:14px solid red;"">","null","","","","","","","",""
"","image-keyboard-response","35","56275","0.0-50.0","3WMOAN2SRCJUSOAY2IU5LXBE2JCNV1","A1JWKT0IS06YKL","3A3KKYU7P33Z3BR9PPFZ5194ZCQMWU","","224.70000000298023","img/land2.png","75","225.70000000298023","2","1","false","2","1,0.5,0.5,0.5,1,0.5,0.5,0.5,1","",""
"","html-keyboard-response","36","56581","0.0-51.0","3WMOAN2SRCJUSOAY2IU5LXBE2JCNV1","A1JWKT0IS06YKL","3A3KKYU7P33Z3BR9PPFZ5194ZCQMWU","","null","<img src=""img/land2.png"" style=""width:200px; border:14px solid green;"">","null","","","","","","","",""
"","image-keyboard-response","37","56857","0.0-53.0","3WMOAN2SRCJUSOAY2IU5LXBE2JCNV1","A1JWKT0IS06YKL","3A3KKYU7P33Z3BR9PPFZ5194ZCQMWU","","274.19999998807907","img/land4.png","75","275.1000000089407","2","0","false","3","1,0.5,0.5,0.5,1,0.5,0.5,0.5,1","",""
"","html-keyboard-response","38","57166","0.0-54.0","3WMOAN2SRCJUSOAY2IU5LXBE2JCNV1","A1JWKT0IS06YKL","3A3KKYU7P33Z3BR9PPFZ5194ZCQMWU","","null","<img src=""img/land4.png"" style=""width:200px;border:14px solid red;"">","null","","","","","","","",""
"","image-keyboard-response","39","57257","0.0-56.0","3WMOAN2SRCJUSOAY2IU5LXBE2JCNV1","A1JWKT0IS06YKL","3A3KKYU7P33Z3BR9PPFZ5194ZCQMWU","","89.40000000596046","img/land1.png","76","90.3999999910593","3","1","false","1","1,0.5,0.5,0.5,1,0.5,0.5,0.5,1","",""
"","html-keyboard-response","40","57568","0.0-57.0","3WMOAN2SRCJUSOAY2IU5LXBE2JCNV1","A1JWKT0IS06YKL","3A3KKYU7P33Z3BR9PPFZ5194ZCQMWU","","null","<img src=""img/land1.png"" style=""width:200px; border:14px solid green;"">","null","","","","","","","",""
"","image-keyboard-response","41","57858","0.0-59.0","3WMOAN2SRCJUSOAY2IU5LXBE2JCNV1","A1JWKT0IS06YKL","3A3KKYU7P33Z3BR9PPFZ5194ZCQMWU","","289","img/land2.png","76","290","3","0","false","2","1,0.5,0.5,0.5,1,0.5,0.5,0.5,1","",""
"","html-keyboard-response","42","58168","0.0-60.0","3WMOAN2SRCJUSOAY2IU5LXBE2JCNV1","A1JWKT0IS06YKL","3A3KKYU7P33Z3BR9PPFZ5194ZCQMWU","","null","<img src=""img/land2.png"" style=""width:200px;border:14px solid red;"">","null","","","","","","","",""
"","image-keyboard-response","43","58292","0.0-62.0","3WMOAN2SRCJUSOAY2IU5LXBE2JCNV1","A1JWKT0IS06YKL","3A3KKYU7P33Z3BR9PPFZ5194ZCQMWU","","123","img/land4.png","76","123.90000000596046","3","1","false","3","1,0.5,0.5,0.5,1,0.5,0.5,0.5,1","",""
"","html-keyboard-response","44","58598","0.0-63.0","3WMOAN2SRCJUSOAY2IU5LXBE2JCNV1","A1JWKT0IS06YKL","3A3KKYU7P33Z3BR9PPFZ5194ZCQMWU","","null","<img src=""img/land4.png"" style=""width:200px; border:14px solid green;"">","null","","","","","","","",""
"","image-keyboard-response","45","58740","0.0-65.0","3WMOAN2SRCJUSOAY2IU5LXBE2JCNV1","A1JWKT0IS06YKL","3A3KKYU7P33Z3BR9PPFZ5194ZCQMWU","","140.19999998807907","img/land4.png","74","141.29999999701977","1","0","false","3","1,0.5,0.5,0.5,1,0.5,0.5,0.5,1","",""
"","html-keyboard-response","46","59047","0.0-66.0","3WMOAN2SRCJUSOAY2IU5LXBE2JCNV1","A1JWKT0IS06YKL","3A3KKYU7P33Z3BR9PPFZ5194ZCQMWU","","null","<img src=""img/land4.png"" style=""width:200px;border:14px solid red;"">","null","","","","","","","",""
"","image-keyboard-response","47","59167","0.0-68.0","3WMOAN2SRCJUSOAY2IU5LXBE2JCNV1","A1JWKT0IS06YKL","3A3KKYU7P33Z3BR9PPFZ5194ZCQMWU","","118.8999999910593","img/land1.png","76","120.1000000089407","3","1","false","1","1,0.5,0.5,0.5,1,0.5,0.5,0.5,1","",""
"","html-keyboard-response","48","59478","0.0-69.0","3WMOAN2SRCJUSOAY2IU5LXBE2JCNV1","A1JWKT0IS06YKL","3A3KKYU7P33Z3BR9PPFZ5194ZCQMWU","","null","<img src=""img/land1.png"" style=""width:200px; border:14px solid green;"">","null","","","","","","","",""
"","image-keyboard-response","49","59634","0.0-71.0","3WMOAN2SRCJUSOAY2IU5LXBE2JCNV1","A1JWKT0IS06YKL","3A3KKYU7P33Z3BR9PPFZ5194ZCQMWU","","154.3999999910593","img/land1.png","76","155.40000000596046","3","1","false","1","1,0.5,0.5,0.5,1,0.5,0.5,0.5,1","",""
"","html-keyboard-response","50","59940","0.0-72.0","3WMOAN2SRCJUSOAY2IU5LXBE2JCNV1","A1JWKT0IS06YKL","3A3KKYU7P33Z3BR9PPFZ5194ZCQMWU","","null","<img src=""img/land1.png"" style=""width:200px; border:14px solid green;"">","null","","","","","","","",""
"","image-keyboard-response","51","60076","0.0-74.0","3WMOAN2SRCJUSOAY2IU5LXBE2JCNV1","A1JWKT0IS06YKL","3A3KKYU7P33Z3BR9PPFZ5194ZCQMWU","","134.20000000298023","img/land2.png","76","135.30000001192093","3","0","false","2","1,0.5,0.5,0.5,1,0.5,0.5,0.5,1","",""
"","html-keyboard-response","52","60385","0.0-75.0","3WMOAN2SRCJUSOAY2IU5LXBE2JCNV1","A1JWKT0IS06YKL","3A3KKYU7P33Z3BR9PPFZ5194ZCQMWU","","null","<img src=""img/land2.png"" style=""width:200px;border:14px solid red;"">","null","","","","","","","",""
"","image-keyboard-response","53","60561","0.0-77.0","3WMOAN2SRCJUSOAY2IU5LXBE2JCNV1","A1JWKT0IS06YKL","3A3KKYU7P33Z3BR9PPFZ5194ZCQMWU","","174","img/land2.png","75","175.1000000089407","2","1","false","2","1,0.5,0.5,0.5,1,0.5,0.5,0.5,1","",""
"","html-keyboard-response","54","60871","0.0-78.0","3WMOAN2SRCJUSOAY2IU5LXBE2JCNV1","A1JWKT0IS06YKL","3A3KKYU7P33Z3BR9PPFZ5194ZCQMWU","","null","<img src=""img/land2.png"" style=""width:200px; border:14px solid green;"">","null","","","","","","","",""
"","image-keyboard-response","55","61039","0.0-80.0","3WMOAN2SRCJUSOAY2IU5LXBE2JCNV1","A1JWKT0IS06YKL","3A3KKYU7P33Z3BR9PPFZ5194ZCQMWU","","167","img/land2.png","75","167.90000000596046","2","1","false","2","1,0.5,0.5,0.5,1,0.5,0.5,0.5,1","",""
"","html-keyboard-response","56","61353","0.0-81.0","3WMOAN2SRCJUSOAY2IU5LXBE2JCNV1","A1JWKT0IS06YKL","3A3KKYU7P33Z3BR9PPFZ5194ZCQMWU","","null","<img src=""img/land2.png"" style=""width:200px; border:14px solid green;"">","null","","","","","","","",""
"","image-keyboard-response","57","61552","0.0-83.0","3WMOAN2SRCJUSOAY2IU5LXBE2JCNV1","A1JWKT0IS06YKL","3A3KKYU7P33Z3BR9PPFZ5194ZCQMWU","","197.90000000596046","img/land2.png","75","199","2","1","false","2","1,0.5,0.5,0.5,1,0.5,0.5,0.5,1","",""
"","html-keyboard-response","58","61863","0.0-84.0","3WMOAN2SRCJUSOAY2IU5LXBE2JCNV1","A1JWKT0IS06YKL","3A3KKYU7P33Z3BR9PPFZ5194ZCQMWU","","null","<img src=""img/land2.png"" style=""width:200px; border:14px solid green;"">","null","","","","","","","",""
"","image-keyboard-response","59","61907","0.0-86.0","3WMOAN2SRCJUSOAY2IU5LXBE2JCNV1","A1JWKT0IS06YKL","3A3KKYU7P33Z3BR9PPFZ5194ZCQMWU","","41.69999998807907","img/land4.png","75","42.599999994039536","2","0","false","3","1,0.5,0.5,0.5,1,0.5,0.5,0.5,1","",""
"","html-keyboard-response","60","62213","0.0-87.0","3WMOAN2SRCJUSOAY2IU5LXBE2JCNV1","A1JWKT0IS06YKL","3A3KKYU7P33Z3BR9PPFZ5194ZCQMWU","","null","<img src=""img/land4.png"" style=""width:200px;border:14px solid red;"">","null","","","","","","","",""
"","image-keyboard-response","61","62627","0.0-89.0","3WMOAN2SRCJUSOAY2IU5LXBE2JCNV1","A1JWKT0IS06YKL","3A3KKYU7P33Z3BR9PPFZ5194ZCQMWU","","412.3999999910593","img/land2.png","76","413.40000000596046","3","1","false","2","1,0.5,0.5,0.5,1,0.5,0.5,0.5,1","",""
"","html-keyboard-response","62","62933","0.0-90.0","3WMOAN2SRCJUSOAY2IU5LXBE2JCNV1","A1JWKT0IS06YKL","3A3KKYU7P33Z3BR9PPFZ5194ZCQMWU","","null","<img src=""img/land2.png"" style=""width:200px; border:14px solid green;"">","null","","","","","","","",""
"","image-keyboard-response","63","63319","0.0-92.0","3WMOAN2SRCJUSOAY2IU5LXBE2JCNV1","A1JWKT0IS06YKL","3A3KKYU7P33Z3BR9PPFZ5194ZCQMWU","","383.79999999701977","img/land2.png","76","385","3","1","false","2","1,0.5,0.5,0.5,1,0.5,0.5,0.5,1","",""
"","html-keyboard-response","64","63628","0.0-93.0","3WMOAN2SRCJUSOAY2IU5LXBE2JCNV1","A1JWKT0IS06YKL","3A3KKYU7P33Z3BR9PPFZ5194ZCQMWU","","null","<img src=""img/land2.png"" style=""width:200px; border:14px solid green;"">","null","","","","","","","",""
"","image-keyboard-response","65","63661","0.0-95.0","3WMOAN2SRCJUSOAY2IU5LXBE2JCNV1","A1JWKT0IS06YKL","3A3KKYU7P33Z3BR9PPFZ5194ZCQMWU","","31.599999994039536","img/land4.png","76","32.5","3","1","false","3","1,0.5,0.5,0.5,1,0.5,0.5,0.5,1","",""
"","html-keyboard-response","66","63965","0.0-96.0","3WMOAN2SRCJUSOAY2IU5LXBE2JCNV1","A1JWKT0IS06YKL","3A3KKYU7P33Z3BR9PPFZ5194ZCQMWU","","null","<img src=""img/land4.png"" style=""width:200px; border:14px solid green;"">","null","","","","","","","",""
"","image-keyboard-response","67","64274","0.0-98.0","3WMOAN2SRCJUSOAY2IU5LXBE2JCNV1","A1JWKT0IS06YKL","3A3KKYU7P33Z3BR9PPFZ5194ZCQMWU","","308.09999999403954","img/land1.png","76","308.8999999910593","3","0","false","1","1,0.5,0.5,0.5,1,0.5,0.5,0.5,1","",""
"","html-keyboard-response","68","64582","0.0-99.0","3WMOAN2SRCJUSOAY2IU5LXBE2JCNV1","A1JWKT0IS06YKL","3A3KKYU7P33Z3BR9PPFZ5194ZCQMWU","","null","<img src=""img/land1.png"" style=""width:200px;border:14px solid red;"">","null","","","","","","","",""
"","image-keyboard-response","69","64861","0.0-101.0","3WMOAN2SRCJUSOAY2IU5LXBE2JCNV1","A1JWKT0IS06YKL","3A3KKYU7P33Z3BR9PPFZ5194ZCQMWU","","278","img/land2.png","75","279","2","1","false","2","1,0.5,0.5,0.5,1,0.5,0.5,0.5,1","",""
"","html-keyboard-response","70","65166","0.0-102.0","3WMOAN2SRCJUSOAY2IU5LXBE2JCNV1","A1JWKT0IS06YKL","3A3KKYU7P33Z3BR9PPFZ5194ZCQMWU","","null","<img src=""img/land2.png"" style=""width:200px; border:14px solid green;"">","null","","","","","","","",""
"","image-keyboard-response","71","65287","0.0-104.0","3WMOAN2SRCJUSOAY2IU5LXBE2JCNV1","A1JWKT0IS06YKL","3A3KKYU7P33Z3BR9PPFZ5194ZCQMWU","","118.8999999910593","img/land2.png","75","120","2","1","false","2","1,0.5,0.5,0.5,1,0.5,0.5,0.5,1","",""
"","html-keyboard-response","72","65592","0.0-105.0","3WMOAN2SRCJUSOAY2IU5LXBE2JCNV1","A1JWKT0IS06YKL","3A3KKYU7P33Z3BR9PPFZ5194ZCQMWU","","null","<img src=""img/land2.png"" style=""width:200px; border:14px solid green;"">","null","","","","","","","",""
"","image-keyboard-response","73","65607","0.0-107.0","3WMOAN2SRCJUSOAY2IU5LXBE2JCNV1","A1JWKT0IS06YKL","3A3KKYU7P33Z3BR9PPFZ5194ZCQMWU","","13.200000002980232","img/land2.png","75","14.200000002980232","2","1","false","2","1,0.5,0.5,0.5,1,0.5,0.5,0.5,1","",""
"","html-keyboard-response","74","65921","0.0-108.0","3WMOAN2SRCJUSOAY2IU5LXBE2JCNV1","A1JWKT0IS06YKL","3A3KKYU7P33Z3BR9PPFZ5194ZCQMWU","","null","<img src=""img/land2.png"" style=""width:200px; border:14px solid green;"">","null","","","","","","","",""
"","image-keyboard-response","75","65989","0.0-110.0","3WMOAN2SRCJUSOAY2IU5LXBE2JCNV1","A1JWKT0IS06YKL","3A3KKYU7P33Z3BR9PPFZ5194ZCQMWU","","66.70000000298023","img/land2.png","75","67.79999999701977","2","1","false","2","1,0.5,0.5,0.5,1,0.5,0.5,0.5,1","",""
"","html-keyboard-response","76","66293","0.0-111.0","3WMOAN2SRCJUSOAY2IU5LXBE2JCNV1","A1JWKT0IS06YKL","3A3KKYU7P33Z3BR9PPFZ5194ZCQMWU","","null","<img src=""img/land2.png"" style=""width:200px; border:14px solid green;"">","null","","","","","","","",""
"","image-keyboard-response","77","66803","0.0-113.0","3WMOAN2SRCJUSOAY2IU5LXBE2JCNV1","A1JWKT0IS06YKL","3A3KKYU7P33Z3BR9PPFZ5194ZCQMWU","","508.5","img/land4.png","76","509.6000000089407","3","1","false","3","1,0.5,0.5,0.5,1,0.5,0.5,0.5,1","",""
"","html-keyboard-response","78","67107","0.0-114.0","3WMOAN2SRCJUSOAY2IU5LXBE2JCNV1","A1JWKT0IS06YKL","3A3KKYU7P33Z3BR9PPFZ5194ZCQMWU","","null","<img src=""img/land4.png"" style=""width:200px; border:14px solid green;"">","null","","","","","","","",""
"","image-keyboard-response","79","67384","0.0-116.0","3WMOAN2SRCJUSOAY2IU5LXBE2JCNV1","A1JWKT0IS06YKL","3A3KKYU7P33Z3BR9PPFZ5194ZCQMWU","","275.40000000596046","img/land1.png","76","276.5","3","1","false","1","1,0.5,0.5,0.5,1,0.5,0.5,0.5,1","",""
"","html-keyboard-response","80","67691","0.0-117.0","3WMOAN2SRCJUSOAY2IU5LXBE2JCNV1","A1JWKT0IS06YKL","3A3KKYU7P33Z3BR9PPFZ5194ZCQMWU","","null","<img src=""img/land1.png"" style=""width:200px; border:14px solid green;"">","null","","","","","","","",""
"","image-keyboard-response","81","68347","0.0-119.0","3WMOAN2SRCJUSOAY2IU5LXBE2JCNV1","A1JWKT0IS06YKL","3A3KKYU7P33Z3BR9PPFZ5194ZCQMWU","","654.5","img/land2.png","75","655.5","2","1","false","2","1,0.5,0.5,0.5,1,0.5,0.5,0.5,1","",""
"","html-keyboard-response","82","68652","0.0-120.0","3WMOAN2SRCJUSOAY2IU5LXBE2JCNV1","A1JWKT0IS06YKL","3A3KKYU7P33Z3BR9PPFZ5194ZCQMWU","","null","<img src=""img/land2.png"" style=""width:200px; border:14px solid green;"">","null","","","","","","","",""
"","image-keyboard-response","83","68655","0.0-122.0","3WMOAN2SRCJUSOAY2IU5LXBE2JCNV1","A1JWKT0IS06YKL","3A3KKYU7P33Z3BR9PPFZ5194ZCQMWU","","1.2000000029802322","img/land1.png","75","2.7000000029802322","2","1","false","1","1,0.5,0.5,0.5,1,0.5,0.5,0.5,1","",""
"","html-keyboard-response","84","68964","0.0-123.0","3WMOAN2SRCJUSOAY2IU5LXBE2JCNV1","A1JWKT0IS06YKL","3A3KKYU7P33Z3BR9PPFZ5194ZCQMWU","","null","<img src=""img/land1.png"" style=""width:200px; border:14px solid green;"">","null","","","","","","","",""
"","image-keyboard-response","85","68976","0.0-125.0","3WMOAN2SRCJUSOAY2IU5LXBE2JCNV1","A1JWKT0IS06YKL","3A3KKYU7P33Z3BR9PPFZ5194ZCQMWU","","9.700000002980232","img/land4.png","75","10.799999997019768","2","1","false","3","1,0.5,0.5,0.5,1,0.5,0.5,0.5,1","",""
"","html-keyboard-response","86","69284","0.0-126.0","3WMOAN2SRCJUSOAY2IU5LXBE2JCNV1","A1JWKT0IS06YKL","3A3KKYU7P33Z3BR9PPFZ5194ZCQMWU","","null","<img src=""img/land4.png"" style=""width:200px; border:14px solid green;"">","null","","","","","","","",""
"","image-keyboard-response","87","69431","0.0-128.0","3WMOAN2SRCJUSOAY2IU5LXBE2JCNV1","A1JWKT0IS06YKL","3A3KKYU7P33Z3BR9PPFZ5194ZCQMWU","","145.8999999910593","img/land2.png","76","146.8999999910593","3","0","false","2","1,0.5,0.5,0.5,1,0.5,0.5,0.5,1","",""
"","html-keyboard-response","88","69742","0.0-129.0","3WMOAN2SRCJUSOAY2IU5LXBE2JCNV1","A1JWKT0IS06YKL","3A3KKYU7P33Z3BR9PPFZ5194ZCQMWU","","null","<img src=""img/land2.png"" style=""width:200px;border:14px solid red;"">","null","","","","","","","",""
"","image-keyboard-response","89","69829","0.0-131.0","3WMOAN2SRCJUSOAY2IU5LXBE2JCNV1","A1JWKT0IS06YKL","3A3KKYU7P33Z3BR9PPFZ5194ZCQMWU","","85.79999999701977","img/land4.png","76","86.90000000596046","3","1","false","3","1,0.5,0.5,0.5,1,0.5,0.5,0.5,1","",""
"","html-keyboard-response","90","70135","0.0-132.0","3WMOAN2SRCJUSOAY2IU5LXBE2JCNV1","A1JWKT0IS06YKL","3A3KKYU7P33Z3BR9PPFZ5194ZCQMWU","","null","<img src=""img/land4.png"" style=""width:200px; border:14px solid green;"">","null","","","","","","","",""
"","image-keyboard-response","91","70421","0.0-134.0","3WMOAN2SRCJUSOAY2IU5LXBE2JCNV1","A1JWKT0IS06YKL","3A3KKYU7P33Z3BR9PPFZ5194ZCQMWU","","284.3999999910593","img/land1.png","75","285.40000000596046","2","0","false","1","1,0.5,0.5,0.5,1,0.5,0.5,0.5,1","",""
"","html-keyboard-response","92","70727","0.0-135.0","3WMOAN2SRCJUSOAY2IU5LXBE2JCNV1","A1JWKT0IS06YKL","3A3KKYU7P33Z3BR9PPFZ5194ZCQMWU","","null","<img src=""img/land1.png"" style=""width:200px;border:14px solid red;"">","null","","","","","","","",""
"","image-keyboard-response","93","70783","0.0-137.0","3WMOAN2SRCJUSOAY2IU5LXBE2JCNV1","A1JWKT0IS06YKL","3A3KKYU7P33Z3BR9PPFZ5194ZCQMWU","","54","img/land1.png","76","55.30000001192093","3","0","false","1","1,0.5,0.5,0.5,1,0.5,0.5,0.5,1","",""
"","html-keyboard-response","94","71095","0.0-138.0","3WMOAN2SRCJUSOAY2IU5LXBE2JCNV1","A1JWKT0IS06YKL","3A3KKYU7P33Z3BR9PPFZ5194ZCQMWU","","null","<img src=""img/land1.png"" style=""width:200px;border:14px solid red;"">","null","","","","","","","",""
"","image-keyboard-response","95","71558","0.0-140.0","3WMOAN2SRCJUSOAY2IU5LXBE2JCNV1","A1JWKT0IS06YKL","3A3KKYU7P33Z3BR9PPFZ5194ZCQMWU","","461.40000000596046","img/land4.png","76","462.59999999403954","3","1","false","3","1,0.5,0.5,0.5,1,0.5,0.5,0.5,1","",""
"","html-keyboard-response","96","71871","0.0-141.0","3WMOAN2SRCJUSOAY2IU5LXBE2JCNV1","A1JWKT0IS06YKL","3A3KKYU7P33Z3BR9PPFZ5194ZCQMWU","","null","<img src=""img/land4.png"" style=""width:200px; border:14px solid green;"">","null","","","","","","","",""
"","image-keyboard-response","97","72018","0.0-143.0","3WMOAN2SRCJUSOAY2IU5LXBE2JCNV1","A1JWKT0IS06YKL","3A3KKYU7P33Z3BR9PPFZ5194ZCQMWU","","145.70000000298023","img/land2.png","76","146.80000001192093","3","1","false","2","1,0.5,0.5,0.5,1,0.5,0.5,0.5,1","",""
"","html-keyboard-response","98","72325","0.0-144.0","3WMOAN2SRCJUSOAY2IU5LXBE2JCNV1","A1JWKT0IS06YKL","3A3KKYU7P33Z3BR9PPFZ5194ZCQMWU","","null","<img src=""img/land2.png"" style=""width:200px; border:14px solid green;"">","null","","","","","","","",""
"","image-keyboard-response","99","72847","0.0-146.0","3WMOAN2SRCJUSOAY2IU5LXBE2JCNV1","A1JWKT0IS06YKL","3A3KKYU7P33Z3BR9PPFZ5194ZCQMWU","","519.8999999910593","img/land1.png","76","520.8999999910593","3","1","false","1","1,0.5,0.5,0.5,1,0.5,0.5,0.5,1","",""
"","html-keyboard-response","100","73156","0.0-147.0","3WMOAN2SRCJUSOAY2IU5LXBE2JCNV1","A1JWKT0IS06YKL","3A3KKYU7P33Z3BR9PPFZ5194ZCQMWU","","null","<img src=""img/land1.png"" style=""width:200px; border:14px solid green;"">","null","","","","","","","",""
"","image-keyboard-response","101","73392","0.0-149.0","3WMOAN2SRCJUSOAY2IU5LXBE2JCNV1","A1JWKT0IS06YKL","3A3KKYU7P33Z3BR9PPFZ5194ZCQMWU","","235.09999999403954","img/land4.png","76","236","3","1","false","3","1,0.5,0.5,0.5,1,0.5,0.5,0.5,1","",""
"","html-keyboard-response","102","73701","0.0-150.0","3WMOAN2SRCJUSOAY2IU5LXBE2JCNV1","A1JWKT0IS06YKL","3A3KKYU7P33Z3BR9PPFZ5194ZCQMWU","","null","<img src=""img/land4.png"" style=""width:200px; border:14px solid green;"">","null","","","","","","","",""
"","image-keyboard-response","103","74037","0.0-152.0","3WMOAN2SRCJUSOAY2IU5LXBE2JCNV1","A1JWKT0IS06YKL","3A3KKYU7P33Z3BR9PPFZ5194ZCQMWU","","333.80000001192093","img/land2.png","76","335","3","1","false","2","1,0.5,0.5,0.5,1,0.5,0.5,0.5,1","",""
"","html-keyboard-response","104","74340","0.0-153.0","3WMOAN2SRCJUSOAY2IU5LXBE2JCNV1","A1JWKT0IS06YKL","3A3KKYU7P33Z3BR9PPFZ5194ZCQMWU","","null","<img src=""img/land2.png"" style=""width:200px; border:14px solid green;"">","null","","","","","","","",""
"","image-keyboard-response","105","74649","0.0-155.0","3WMOAN2SRCJUSOAY2IU5LXBE2JCNV1","A1JWKT0IS06YKL","3A3KKYU7P33Z3BR9PPFZ5194ZCQMWU","","308.40000000596046","img/land4.png","76","309.20000000298023","3","1","false","3","1,0.5,0.5,0.5,1,0.5,0.5,0.5,1","",""
"","html-keyboard-response","106","74959","0.0-156.0","3WMOAN2SRCJUSOAY2IU5LXBE2JCNV1","A1JWKT0IS06YKL","3A3KKYU7P33Z3BR9PPFZ5194ZCQMWU","","null","<img src=""img/land4.png"" style=""width:200px; border:14px solid green;"">","null","","","","","","","",""
"","image-keyboard-response","107","75190","0.0-158.0","3WMOAN2SRCJUSOAY2IU5LXBE2JCNV1","A1JWKT0IS06YKL","3A3KKYU7P33Z3BR9PPFZ5194ZCQMWU","","229.19999998807907","img/land2.png","76","230.20000000298023","3","0","false","2","1,0.5,0.5,0.5,1,0.5,0.5,0.5,1","",""
"","html-keyboard-response","108","75500","0.0-159.0","3WMOAN2SRCJUSOAY2IU5LXBE2JCNV1","A1JWKT0IS06YKL","3A3KKYU7P33Z3BR9PPFZ5194ZCQMWU","","null","<img src=""img/land2.png"" style=""width:200px;border:14px solid red;"">","null","","","","","","","",""
"","image-keyboard-response","109","75740","0.0-161.0","3WMOAN2SRCJUSOAY2IU5LXBE2JCNV1","A1JWKT0IS06YKL","3A3KKYU7P33Z3BR9PPFZ5194ZCQMWU","","239.70000000298023","img/land4.png","75","240.29999999701977","2","0","false","3","1,0.5,0.5,0.5,1,0.5,0.5,0.5,1","",""
"","html-keyboard-response","110","76046","0.0-162.0","3WMOAN2SRCJUSOAY2IU5LXBE2JCNV1","A1JWKT0IS06YKL","3A3KKYU7P33Z3BR9PPFZ5194ZCQMWU","","null","<img src=""img/land4.png"" style=""width:200px;border:14px solid red;"">","null","","","","","","","",""
"","image-keyboard-response","111","76270","0.0-164.0","3WMOAN2SRCJUSOAY2IU5LXBE2JCNV1","A1JWKT0IS06YKL","3A3KKYU7P33Z3BR9PPFZ5194ZCQMWU","","222.70000000298023","img/land4.png","76","223.70000000298023","3","1","false","3","1,0.5,0.5,0.5,1,0.5,0.5,0.5,1","",""
"","html-keyboard-response","112","76584","0.0-165.0","3WMOAN2SRCJUSOAY2IU5LXBE2JCNV1","A1JWKT0IS06YKL","3A3KKYU7P33Z3BR9PPFZ5194ZCQMWU","","null","<img src=""img/land4.png"" style=""width:200px; border:14px solid green;"">","null","","","","","","","",""
"","image-keyboard-response","113","76845","0.0-167.0","3WMOAN2SRCJUSOAY2IU5LXBE2JCNV1","A1JWKT0IS06YKL","3A3KKYU7P33Z3BR9PPFZ5194ZCQMWU","","256.29999999701977","img/land1.png","76","257.3999999910593","3","1","false","1","1,0.5,0.5,0.5,1,0.5,0.5,0.5,1","",""
"","html-keyboard-response","114","77147","0.0-168.0","3WMOAN2SRCJUSOAY2IU5LXBE2JCNV1","A1JWKT0IS06YKL","3A3KKYU7P33Z3BR9PPFZ5194ZCQMWU","","null","<img src=""img/land1.png"" style=""width:200px; border:14px solid green;"">","null","","","","","","","",""
"","image-keyboard-response","115","77457","0.0-170.0","3WMOAN2SRCJUSOAY2IU5LXBE2JCNV1","A1JWKT0IS06YKL","3A3KKYU7P33Z3BR9PPFZ5194ZCQMWU","","308.3999999910593","img/land1.png","76","309.29999999701977","3","1","false","1","1,0.5,0.5,0.5,1,0.5,0.5,0.5,1","",""
"","html-keyboard-response","116","77768","0.0-171.0","3WMOAN2SRCJUSOAY2IU5LXBE2JCNV1","A1JWKT0IS06YKL","3A3KKYU7P33Z3BR9PPFZ5194ZCQMWU","","null","<img src=""img/land1.png"" style=""width:200px; border:14px solid green;"">","null","","","","","","","",""
"","image-keyboard-response","117","77884","0.0-173.0","3WMOAN2SRCJUSOAY2IU5LXBE2JCNV1","A1JWKT0IS06YKL","3A3KKYU7P33Z3BR9PPFZ5194ZCQMWU","","114.69999998807907","img/land4.png","76","115.70000000298023","3","1","false","3","1,0.5,0.5,0.5,1,0.5,0.5,0.5,1","",""
"","html-keyboard-response","118","78192","0.0-174.0","3WMOAN2SRCJUSOAY2IU5LXBE2JCNV1","A1JWKT0IS06YKL","3A3KKYU7P33Z3BR9PPFZ5194ZCQMWU","","null","<img src=""img/land4.png"" style=""width:200px; border:14px solid green;"">","null","","","","","","","",""
"","image-keyboard-response","119","78455","0.0-176.0","3WMOAN2SRCJUSOAY2IU5LXBE2JCNV1","A1JWKT0IS06YKL","3A3KKYU7P33Z3BR9PPFZ5194ZCQMWU","","261.59999999403954","img/land4.png","76","262.6000000089407","3","1","false","3","1,0.5,0.5,0.5,1,0.5,0.5,0.5,1","",""
"","html-keyboard-response","120","78767","0.0-177.0","3WMOAN2SRCJUSOAY2IU5LXBE2JCNV1","A1JWKT0IS06YKL","3A3KKYU7P33Z3BR9PPFZ5194ZCQMWU","","null","<img src=""img/land4.png"" style=""width:200px; border:14px solid green;"">","null","","","","","","","",""
"","image-keyboard-response","121","79045","0.0-179.0","3WMOAN2SRCJUSOAY2IU5LXBE2JCNV1","A1JWKT0IS06YKL","3A3KKYU7P33Z3BR9PPFZ5194ZCQMWU","","277","img/land2.png","76","277.79999999701977","3","0","false","2","1,0.5,0.5,0.5,1,0.5,0.5,0.5,1","",""
"","html-keyboard-response","122","79347","0.0-180.0","3WMOAN2SRCJUSOAY2IU5LXBE2JCNV1","A1JWKT0IS06YKL","3A3KKYU7P33Z3BR9PPFZ5194ZCQMWU","","null","<img src=""img/land2.png"" style=""width:200px;border:14px solid red;"">","null","","","","","","","",""
"","image-keyboard-response","123","79582","0.0-182.0","3WMOAN2SRCJUSOAY2IU5LXBE2JCNV1","A1JWKT0IS06YKL","3A3KKYU7P33Z3BR9PPFZ5194ZCQMWU","","233.3999999910593","img/land4.png","75","234.29999999701977","2","1","false","3","1,0.5,0.5,0.5,1,0.5,0.5,0.5,1","",""
"","html-keyboard-response","124","79895","0.0-183.0","3WMOAN2SRCJUSOAY2IU5LXBE2JCNV1","A1JWKT0IS06YKL","3A3KKYU7P33Z3BR9PPFZ5194ZCQMWU","","null","<img src=""img/land4.png"" style=""width:200px; border:14px solid green;"">","null","","","","","","","",""
"","image-keyboard-response","125","80097","0.0-185.0","3WMOAN2SRCJUSOAY2IU5LXBE2JCNV1","A1JWKT0IS06YKL","3A3KKYU7P33Z3BR9PPFZ5194ZCQMWU","","200.8999999910593","img/land1.png","76","202","3","1","false","1","1,0.5,0.5,0.5,1,0.5,0.5,0.5,1","",""
"","html-keyboard-response","126","80406","0.0-186.0","3WMOAN2SRCJUSOAY2IU5LXBE2JCNV1","A1JWKT0IS06YKL","3A3KKYU7P33Z3BR9PPFZ5194ZCQMWU","","null","<img src=""img/land1.png"" style=""width:200px; border:14px solid green;"">","null","","","","","","","",""
"","image-keyboard-response","127","80665","0.0-188.0","3WMOAN2SRCJUSOAY2IU5LXBE2JCNV1","A1JWKT0IS06YKL","3A3KKYU7P33Z3BR9PPFZ5194ZCQMWU","","257.79999999701977","img/land1.png","74","258.79999999701977","1","1","false","1","1,0.5,0.5,0.5,1,0.5,0.5,0.5,1","",""
"","html-keyboard-response","128","80974","0.0-189.0","3WMOAN2SRCJUSOAY2IU5LXBE2JCNV1","A1JWKT0IS06YKL","3A3KKYU7P33Z3BR9PPFZ5194ZCQMWU","","null","<img src=""img/land1.png"" style=""width:200px; border:14px solid green;"">","null","","","","","","","",""
"","image-keyboard-response","129","81190","0.0-191.0","3WMOAN2SRCJUSOAY2IU5LXBE2JCNV1","A1JWKT0IS06YKL","3A3KKYU7P33Z3BR9PPFZ5194ZCQMWU","","214.29999999701977","img/land1.png","76","215.29999999701977","3","1","false","1","1,0.5,0.5,0.5,1,0.5,0.5,0.5,1","",""
"","html-keyboard-response","130","81495","0.0-192.0","3WMOAN2SRCJUSOAY2IU5LXBE2JCNV1","A1JWKT0IS06YKL","3A3KKYU7P33Z3BR9PPFZ5194ZCQMWU","","null","<img src=""img/land1.png"" style=""width:200px; border:14px solid green;"">","null","","","","","","","",""
"","image-keyboard-response","131","81691","0.0-194.0","3WMOAN2SRCJUSOAY2IU5LXBE2JCNV1","A1JWKT0IS06YKL","3A3KKYU7P33Z3BR9PPFZ5194ZCQMWU","","194","img/land1.png","74","195","1","1","false","1","1,0.5,0.5,0.5,1,0.5,0.5,0.5,1","",""
"","html-keyboard-response","132","81996","0.0-195.0","3WMOAN2SRCJUSOAY2IU5LXBE2JCNV1","A1JWKT0IS06YKL","3A3KKYU7P33Z3BR9PPFZ5194ZCQMWU","","null","<img src=""img/land1.png"" style=""width:200px; border:14px solid green;"">","null","","","","","","","",""
"","image-keyboard-response","133","82159","0.0-197.0","3WMOAN2SRCJUSOAY2IU5LXBE2JCNV1","A1JWKT0IS06YKL","3A3KKYU7P33Z3BR9PPFZ5194ZCQMWU","","161.1000000089407","img/land1.png","74","162.19999998807907","1","1","false","1","1,0.5,0.5,0.5,1,0.5,0.5,0.5,1","",""
"","html-keyboard-response","134","82466","0.0-198.0","3WMOAN2SRCJUSOAY2IU5LXBE2JCNV1","A1JWKT0IS06YKL","3A3KKYU7P33Z3BR9PPFZ5194ZCQMWU","","null","<img src=""img/land1.png"" style=""width:200px; border:14px solid green;"">","null","","","","","","","",""
"","image-keyboard-response","135","82629","0.0-200.0","3WMOAN2SRCJUSOAY2IU5LXBE2JCNV1","A1JWKT0IS06YKL","3A3KKYU7P33Z3BR9PPFZ5194ZCQMWU","","161.1000000089407","img/land2.png","74","162.19999998807907","1","0","false","2","1,0.5,0.5,0.5,1,0.5,0.5,0.5,1","",""
"","html-keyboard-response","136","82942","0.0-201.0","3WMOAN2SRCJUSOAY2IU5LXBE2JCNV1","A1JWKT0IS06YKL","3A3KKYU7P33Z3BR9PPFZ5194ZCQMWU","","null","<img src=""img/land2.png"" style=""width:200px;border:14px solid red;"">","null","","","","","","","",""
"","image-keyboard-response","137","83305","0.0-203.0","3WMOAN2SRCJUSOAY2IU5LXBE2JCNV1","A1JWKT0IS06YKL","3A3KKYU7P33Z3BR9PPFZ5194ZCQMWU","","361","img/land1.png","76","361.90000000596046","3","1","false","1","1,0.5,0.5,0.5,1,0.5,0.5,0.5,1","",""
"","html-keyboard-response","138","83616","0.0-204.0","3WMOAN2SRCJUSOAY2IU5LXBE2JCNV1","A1JWKT0IS06YKL","3A3KKYU7P33Z3BR9PPFZ5194ZCQMWU","","null","<img src=""img/land1.png"" style=""width:200px; border:14px solid green;"">","null","","","","","","","",""
"","image-keyboard-response","139","83849","0.0-206.0","3WMOAN2SRCJUSOAY2IU5LXBE2JCNV1","A1JWKT0IS06YKL","3A3KKYU7P33Z3BR9PPFZ5194ZCQMWU","","231.69999998807907","img/land1.png","76","232.59999999403954","3","0","false","1","1,0.5,0.5,0.5,1,0.5,0.5,0.5,1","",""
"","html-keyboard-response","140","84156","0.0-207.0","3WMOAN2SRCJUSOAY2IU5LXBE2JCNV1","A1JWKT0IS06YKL","3A3KKYU7P33Z3BR9PPFZ5194ZCQMWU","","null","<img src=""img/land1.png"" style=""width:200px;border:14px solid red;"">","null","","","","","","","",""
"","image-keyboard-response","141","84650","0.0-209.0","3WMOAN2SRCJUSOAY2IU5LXBE2JCNV1","A1JWKT0IS06YKL","3A3KKYU7P33Z3BR9PPFZ5194ZCQMWU","","492.3999999910593","img/land1.png","75","493.40000000596046","2","1","false","1","1,0.5,0.5,0.5,1,0.5,0.5,0.5,1","",""
"","html-keyboard-response","142","84957","0.0-210.0","3WMOAN2SRCJUSOAY2IU5LXBE2JCNV1","A1JWKT0IS06YKL","3A3KKYU7P33Z3BR9PPFZ5194ZCQMWU","","null","<img src=""img/land1.png"" style=""width:200px; border:14px solid green;"">","null","","","","","","","",""
"","image-keyboard-response","143","85154","0.0-212.0","3WMOAN2SRCJUSOAY2IU5LXBE2JCNV1","A1JWKT0IS06YKL","3A3KKYU7P33Z3BR9PPFZ5194ZCQMWU","","195.59999999403954","img/land2.png","75","196.70000000298023","2","1","false","2","1,0.5,0.5,0.5,1,0.5,0.5,0.5,1","",""
"","html-keyboard-response","144","85461","0.0-213.0","3WMOAN2SRCJUSOAY2IU5LXBE2JCNV1","A1JWKT0IS06YKL","3A3KKYU7P33Z3BR9PPFZ5194ZCQMWU","","null","<img src=""img/land2.png"" style=""width:200px; border:14px solid green;"">","null","","","","","","","",""
"","image-keyboard-response","145","85799","0.0-215.0","3WMOAN2SRCJUSOAY2IU5LXBE2JCNV1","A1JWKT0IS06YKL","3A3KKYU7P33Z3BR9PPFZ5194ZCQMWU","","336.80000001192093","img/land4.png","75","337.70000000298023","2","0","false","3","1,0.5,0.5,0.5,1,0.5,0.5,0.5,1","",""
"","html-keyboard-response","146","86112","0.0-216.0","3WMOAN2SRCJUSOAY2IU5LXBE2JCNV1","A1JWKT0IS06YKL","3A3KKYU7P33Z3BR9PPFZ5194ZCQMWU","","null","<img src=""img/land4.png"" style=""width:200px;border:14px solid red;"">","null","","","","","","","",""
"","image-keyboard-response","147","86531","0.0-218.0","3WMOAN2SRCJUSOAY2IU5LXBE2JCNV1","A1JWKT0IS06YKL","3A3KKYU7P33Z3BR9PPFZ5194ZCQMWU","","417.79999999701977","img/land2.png","74","419","1","1","false","2","1,0.5,0.5,0.5,1,0.5,0.5,0.5,1","",""
"","html-keyboard-response","148","86839","0.0-219.0","3WMOAN2SRCJUSOAY2IU5LXBE2JCNV1","A1JWKT0IS06YKL","3A3KKYU7P33Z3BR9PPFZ5194ZCQMWU","","null","<img src=""img/land2.png"" style=""width:200px; border:14px solid green;"">","null","","","","","","","",""
"","image-keyboard-response","149","87269","0.0-221.0","3WMOAN2SRCJUSOAY2IU5LXBE2JCNV1","A1JWKT0IS06YKL","3A3KKYU7P33Z3BR9PPFZ5194ZCQMWU","","427.5","img/land1.png","74","428.8999999910593","1","1","false","1","1,0.5,0.5,0.5,1,0.5,0.5,0.5,1","",""
"","html-keyboard-response","150","87573","0.0-222.0","3WMOAN2SRCJUSOAY2IU5LXBE2JCNV1","A1JWKT0IS06YKL","3A3KKYU7P33Z3BR9PPFZ5194ZCQMWU","","null","<img src=""img/land1.png"" style=""width:200px; border:14px solid green;"">","null","","","","","","","",""
"","image-keyboard-response","151","87921","0.0-224.0","3WMOAN2SRCJUSOAY2IU5LXBE2JCNV1","A1JWKT0IS06YKL","3A3KKYU7P33Z3BR9PPFZ5194ZCQMWU","","347.1000000089407","img/land2.png","74","348.20000000298023","1","0","false","2","1,0.5,0.5,0.5,1,0.5,0.5,0.5,1","",""
"","html-keyboard-response","152","88229","0.0-225.0","3WMOAN2SRCJUSOAY2IU5LXBE2JCNV1","A1JWKT0IS06YKL","3A3KKYU7P33Z3BR9PPFZ5194ZCQMWU","","null","<img src=""img/land2.png"" style=""width:200px;border:14px solid red;"">","null","","","","","","","",""
"","image-keyboard-response","153","88339","0.0-227.0","3WMOAN2SRCJUSOAY2IU5LXBE2JCNV1","A1JWKT0IS06YKL","3A3KKYU7P33Z3BR9PPFZ5194ZCQMWU","","108.3999999910593","img/land2.png","74","109.5","1","1","false","2","1,0.5,0.5,0.5,1,0.5,0.5,0.5,1","",""
"","html-keyboard-response","154","88647","0.0-228.0","3WMOAN2SRCJUSOAY2IU5LXBE2JCNV1","A1JWKT0IS06YKL","3A3KKYU7P33Z3BR9PPFZ5194ZCQMWU","","null","<img src=""img/land2.png"" style=""width:200px; border:14px solid green;"">","null","","","","","","","",""
"","image-keyboard-response","155","89006","0.0-230.0","3WMOAN2SRCJUSOAY2IU5LXBE2JCNV1","A1JWKT0IS06YKL","3A3KKYU7P33Z3BR9PPFZ5194ZCQMWU","","358.30000001192093","img/land4.png","75","359.40000000596046","2","0","false","3","1,0.5,0.5,0.5,1,0.5,0.5,0.5,1","",""
"","html-keyboard-response","156","89314","0.0-231.0","3WMOAN2SRCJUSOAY2IU5LXBE2JCNV1","A1JWKT0IS06YKL","3A3KKYU7P33Z3BR9PPFZ5194ZCQMWU","","null","<img src=""img/land4.png"" style=""width:200px;border:14px solid red;"">","null","","","","","","","",""
"","image-keyboard-response","157","89467","0.0-233.0","3WMOAN2SRCJUSOAY2IU5LXBE2JCNV1","A1JWKT0IS06YKL","3A3KKYU7P33Z3BR9PPFZ5194ZCQMWU","","151","img/land2.png","74","152.09999999403954","1","0","false","2","1,0.5,0.5,0.5,1,0.5,0.5,0.5,1","",""
"","html-keyboard-response","158","89773","0.0-234.0","3WMOAN2SRCJUSOAY2IU5LXBE2JCNV1","A1JWKT0IS06YKL","3A3KKYU7P33Z3BR9PPFZ5194ZCQMWU","","null","<img src=""img/land2.png"" style=""width:200px;border:14px solid red;"">","null","","","","","","","",""
"","image-keyboard-response","159","89940","0.0-236.0","3WMOAN2SRCJUSOAY2IU5LXBE2JCNV1","A1JWKT0IS06YKL","3A3KKYU7P33Z3BR9PPFZ5194ZCQMWU","","165.19999998807907","img/land1.png","76","166.3999999910593","3","0","false","1","1,0.5,0.5,0.5,1,0.5,0.5,0.5,1","",""
"","html-keyboard-response","160","90243","0.0-237.0","3WMOAN2SRCJUSOAY2IU5LXBE2JCNV1","A1JWKT0IS06YKL","3A3KKYU7P33Z3BR9PPFZ5194ZCQMWU","","null","<img src=""img/land1.png"" style=""width:200px;border:14px solid red;"">","null","","","","","","","",""
"","image-keyboard-response","161","90478","0.0-239.0","3WMOAN2SRCJUSOAY2IU5LXBE2JCNV1","A1JWKT0IS06YKL","3A3KKYU7P33Z3BR9PPFZ5194ZCQMWU","","233","img/land2.png","76","234.29999999701977","3","1","false","2","1,0.5,0.5,0.5,1,0.5,0.5,0.5,1","",""
"","html-keyboard-response","162","90789","0.0-240.0","3WMOAN2SRCJUSOAY2IU5LXBE2JCNV1","A1JWKT0IS06YKL","3A3KKYU7P33Z3BR9PPFZ5194ZCQMWU","","null","<img src=""img/land2.png"" style=""width:200px; border:14px solid green;"">","null","","","","","","","",""
"","image-keyboard-response","163","90985","0.0-242.0","3WMOAN2SRCJUSOAY2IU5LXBE2JCNV1","A1JWKT0IS06YKL","3A3KKYU7P33Z3BR9PPFZ5194ZCQMWU","","195.30000001192093","img/land1.png","76","196.20000000298023","3","0","false","1","1,0.5,0.5,0.5,1,0.5,0.5,0.5,1","",""
"","html-keyboard-response","164","91294","0.0-243.0","3WMOAN2SRCJUSOAY2IU5LXBE2JCNV1","A1JWKT0IS06YKL","3A3KKYU7P33Z3BR9PPFZ5194ZCQMWU","","null","<img src=""img/land1.png"" style=""width:200px;border:14px solid red;"">","null","","","","","","","",""
"","image-keyboard-response","165","91516","0.0-245.0","3WMOAN2SRCJUSOAY2IU5LXBE2JCNV1","A1JWKT0IS06YKL","3A3KKYU7P33Z3BR9PPFZ5194ZCQMWU","","221.1000000089407","img/land1.png","76","222.09999999403954","3","1","false","1","1,0.5,0.5,0.5,1,0.5,0.5,0.5,1","",""
"","html-keyboard-response","166","91824","0.0-246.0","3WMOAN2SRCJUSOAY2IU5LXBE2JCNV1","A1JWKT0IS06YKL","3A3KKYU7P33Z3BR9PPFZ5194ZCQMWU","","null","<img src=""img/land1.png"" style=""width:200px; border:14px solid green;"">","null","","","","","","","",""
"","image-keyboard-response","167","92316","0.0-248.0","3WMOAN2SRCJUSOAY2IU5LXBE2JCNV1","A1JWKT0IS06YKL","3A3KKYU7P33Z3BR9PPFZ5194ZCQMWU","","490.59999999403954","img/land1.png","75","491.40000000596046","2","0","false","1","1,0.5,0.5,0.5,1,0.5,0.5,0.5,1","",""
"","html-keyboard-response","168","92623","0.0-249.0","3WMOAN2SRCJUSOAY2IU5LXBE2JCNV1","A1JWKT0IS06YKL","3A3KKYU7P33Z3BR9PPFZ5194ZCQMWU","","null","<img src=""img/land1.png"" style=""width:200px;border:14px solid red;"">","null","","","","","","","",""
"","image-keyboard-response","169","92756","0.0-251.0","3WMOAN2SRCJUSOAY2IU5LXBE2JCNV1","A1JWKT0IS06YKL","3A3KKYU7P33Z3BR9PPFZ5194ZCQMWU","","131.79999999701977","img/land2.png","74","132.79999999701977","1","1","false","2","1,0.5,0.5,0.5,1,0.5,0.5,0.5,1","",""
"","html-keyboard-response","170","93060","0.0-252.0","3WMOAN2SRCJUSOAY2IU5LXBE2JCNV1","A1JWKT0IS06YKL","3A3KKYU7P33Z3BR9PPFZ5194ZCQMWU","","null","<img src=""img/land2.png"" style=""width:200px; border:14px solid green;"">","null","","","","","","","",""
"","image-keyboard-response","171","93533","0.0-254.0","3WMOAN2SRCJUSOAY2IU5LXBE2JCNV1","A1JWKT0IS06YKL","3A3KKYU7P33Z3BR9PPFZ5194ZCQMWU","","471.70000000298023","img/land1.png","74","472.59999999403954","1","1","false","1","1,0.5,0.5,0.5,1,0.5,0.5,0.5,1","",""
"","html-keyboard-response","172","93844","0.0-255.0","3WMOAN2SRCJUSOAY2IU5LXBE2JCNV1","A1JWKT0IS06YKL","3A3KKYU7P33Z3BR9PPFZ5194ZCQMWU","","null","<img src=""img/land1.png"" style=""width:200px; border:14px solid green;"">","null","","","","","","","",""
"","image-keyboard-response","173","94027","0.0-257.0","3WMOAN2SRCJUSOAY2IU5LXBE2JCNV1","A1JWKT0IS06YKL","3A3KKYU7P33Z3BR9PPFZ5194ZCQMWU","","181.5","img/land1.png","74","182.6000000089407","1","1","false","1","1,0.5,0.5,0.5,1,0.5,0.5,0.5,1","",""
"","html-keyboard-response","174","94331","0.0-258.0","3WMOAN2SRCJUSOAY2IU5LXBE2JCNV1","A1JWKT0IS06YKL","3A3KKYU7P33Z3BR9PPFZ5194ZCQMWU","","null","<img src=""img/land1.png"" style=""width:200px; border:14px solid green;"">","null","","","","","","","",""
"","image-keyboard-response","175","94419","0.0-260.0","3WMOAN2SRCJUSOAY2IU5LXBE2JCNV1","A1JWKT0IS06YKL","3A3KKYU7P33Z3BR9PPFZ5194ZCQMWU","","86.5","img/land1.png","74","87.3999999910593","1","1","false","1","1,0.5,0.5,0.5,1,0.5,0.5,0.5,1","",""
"","html-keyboard-response","176","94726","0.0-261.0","3WMOAN2SRCJUSOAY2IU5LXBE2JCNV1","A1JWKT0IS06YKL","3A3KKYU7P33Z3BR9PPFZ5194ZCQMWU","","null","<img src=""img/land1.png"" style=""width:200px; border:14px solid green;"">","null","","","","","","","",""
"","image-keyboard-response","177","94850","0.0-263.0","3WMOAN2SRCJUSOAY2IU5LXBE2JCNV1","A1JWKT0IS06YKL","3A3KKYU7P33Z3BR9PPFZ5194ZCQMWU","","122.29999999701977","img/land1.png","74","123.30000001192093","1","1","false","1","1,0.5,0.5,0.5,1,0.5,0.5,0.5,1","",""
"","html-keyboard-response","178","95159","0.0-264.0","3WMOAN2SRCJUSOAY2IU5LXBE2JCNV1","A1JWKT0IS06YKL","3A3KKYU7P33Z3BR9PPFZ5194ZCQMWU","","null","<img src=""img/land1.png"" style=""width:200px; border:14px solid green;"">","null","","","","","","","",""
"","image-keyboard-response","179","95195","0.0-266.0","3WMOAN2SRCJUSOAY2IU5LXBE2JCNV1","A1JWKT0IS06YKL","3A3KKYU7P33Z3BR9PPFZ5194ZCQMWU","","34","img/land4.png","74","35","1","1","false","3","1,0.5,0.5,0.5,1,0.5,0.5,0.5,1","",""
"","html-keyboard-response","180","95500","0.0-267.0","3WMOAN2SRCJUSOAY2IU5LXBE2JCNV1","A1JWKT0IS06YKL","3A3KKYU7P33Z3BR9PPFZ5194ZCQMWU","","null","<img src=""img/land4.png"" style=""width:200px; border:14px solid green;"">","null","","","","","","","",""
"","image-keyboard-response","181","95712","0.0-269.0","3WMOAN2SRCJUSOAY2IU5LXBE2JCNV1","A1JWKT0IS06YKL","3A3KKYU7P33Z3BR9PPFZ5194ZCQMWU","","210.09999999403954","img/land2.png","76","211","3","0","false","2","1,0.5,0.5,0.5,1,0.5,0.5,0.5,1","",""
"","html-keyboard-response","182","96020","0.0-270.0","3WMOAN2SRCJUSOAY2IU5LXBE2JCNV1","A1JWKT0IS06YKL","3A3KKYU7P33Z3BR9PPFZ5194ZCQMWU","","null","<img src=""img/land2.png"" style=""width:200px;border:14px solid red;"">","null","","","","","","","",""
"","html-keyboard-response","183","98836","0.0-272.0","3WMOAN2SRCJUSOAY2IU5LXBE2JCNV1","A1JWKT0IS06YKL","3A3KKYU7P33Z3BR9PPFZ5194ZCQMWU","","","","","","","","","","","",""
"","image-keyboard-response","184","99368","0.0-273.0","3WMOAN2SRCJUSOAY2IU5LXBE2JCNV1","A1JWKT0IS06YKL","3A3KKYU7P33Z3BR9PPFZ5194ZCQMWU","","531.9000000059605","img/land3.png","74","532.7000000029802","1","1","false","1","1,1,0,0,1,1,1,0,1","",""
"","html-keyboard-response","185","99678","0.0-274.0","3WMOAN2SRCJUSOAY2IU5LXBE2JCNV1","A1JWKT0IS06YKL","3A3KKYU7P33Z3BR9PPFZ5194ZCQMWU","","null","<img src=""img/land3.png"" style=""width:200px; border:14px solid green;"">","null","","","","","","","",""
"","image-keyboard-response","186","99880","0.0-276.0","3WMOAN2SRCJUSOAY2IU5LXBE2JCNV1","A1JWKT0IS06YKL","3A3KKYU7P33Z3BR9PPFZ5194ZCQMWU","","201.09999999403954","img/land6.png","74","202.20000000298023","1","1","false","3","1,1,0,0,1,1,1,0,1","",""
"","html-keyboard-response","187","100188","0.0-277.0","3WMOAN2SRCJUSOAY2IU5LXBE2JCNV1","A1JWKT0IS06YKL","3A3KKYU7P33Z3BR9PPFZ5194ZCQMWU","","null","<img src=""img/land6.png"" style=""width:200px; border:14px solid green;"">","null","","","","","","","",""
"","image-keyboard-response","188","100427","0.0-279.0","3WMOAN2SRCJUSOAY2IU5LXBE2JCNV1","A1JWKT0IS06YKL","3A3KKYU7P33Z3BR9PPFZ5194ZCQMWU","","237.59999999403954","img/land3.png","74","238.79999999701977","1","1","false","1","1,1,0,0,1,1,1,0,1","",""
"","html-keyboard-response","189","100733","0.0-280.0","3WMOAN2SRCJUSOAY2IU5LXBE2JCNV1","A1JWKT0IS06YKL","3A3KKYU7P33Z3BR9PPFZ5194ZCQMWU","","null","<img src=""img/land3.png"" style=""width:200px; border:14px solid green;"">","null","","","","","","","",""
"","image-keyboard-response","190","101460","0.0-282.0","3WMOAN2SRCJUSOAY2IU5LXBE2JCNV1","A1JWKT0IS06YKL","3A3KKYU7P33Z3BR9PPFZ5194ZCQMWU","","725.2999999970198","img/land5.png","76","726.6000000089407","3","1","false","2","1,1,0,0,1,1,1,0,1","",""
"","html-keyboard-response","191","101767","0.0-283.0","3WMOAN2SRCJUSOAY2IU5LXBE2JCNV1","A1JWKT0IS06YKL","3A3KKYU7P33Z3BR9PPFZ5194ZCQMWU","","null","<img src=""img/land5.png"" style=""width:200px; border:14px solid green;"">","null","","","","","","","",""
"","image-keyboard-response","192","102282","0.0-285.0","3WMOAN2SRCJUSOAY2IU5LXBE2JCNV1","A1JWKT0IS06YKL","3A3KKYU7P33Z3BR9PPFZ5194ZCQMWU","","512.9000000059605","img/land3.png","74","513.9000000059605","1","1","false","1","1,1,0,0,1,1,1,0,1","",""
"","html-keyboard-response","193","102589","0.0-286.0","3WMOAN2SRCJUSOAY2IU5LXBE2JCNV1","A1JWKT0IS06YKL","3A3KKYU7P33Z3BR9PPFZ5194ZCQMWU","","null","<img src=""img/land3.png"" style=""width:200px; border:14px solid green;"">","null","","","","","","","",""
"","image-keyboard-response","194","103328","0.0-288.0","3WMOAN2SRCJUSOAY2IU5LXBE2JCNV1","A1JWKT0IS06YKL","3A3KKYU7P33Z3BR9PPFZ5194ZCQMWU","","737.1999999880791","img/land6.png","76","738.2000000029802","3","1","false","3","1,1,0,0,1,1,1,0,1","",""
"","html-keyboard-response","195","103636","0.0-289.0","3WMOAN2SRCJUSOAY2IU5LXBE2JCNV1","A1JWKT0IS06YKL","3A3KKYU7P33Z3BR9PPFZ5194ZCQMWU","","null","<img src=""img/land6.png"" style=""width:200px; border:14px solid green;"">","null","","","","","","","",""
"","image-keyboard-response","196","104094","0.0-291.0","3WMOAN2SRCJUSOAY2IU5LXBE2JCNV1","A1JWKT0IS06YKL","3A3KKYU7P33Z3BR9PPFZ5194ZCQMWU","","456.40000000596046","img/land3.png","74","457.5","1","1","false","1","1,1,0,0,1,1,1,0,1","",""
"","html-keyboard-response","197","104406","0.0-292.0","3WMOAN2SRCJUSOAY2IU5LXBE2JCNV1","A1JWKT0IS06YKL","3A3KKYU7P33Z3BR9PPFZ5194ZCQMWU","","null","<img src=""img/land3.png"" style=""width:200px; border:14px solid green;"">","null","","","","","","","",""
"","image-keyboard-response","198","104966","0.0-294.0","3WMOAN2SRCJUSOAY2IU5LXBE2JCNV1","A1JWKT0IS06YKL","3A3KKYU7P33Z3BR9PPFZ5194ZCQMWU","","558.7000000029802","img/land6.png","76","559.5999999940395","3","1","false","3","1,1,0,0,1,1,1,0,1","",""
"","html-keyboard-response","199","105275","0.0-295.0","3WMOAN2SRCJUSOAY2IU5LXBE2JCNV1","A1JWKT0IS06YKL","3A3KKYU7P33Z3BR9PPFZ5194ZCQMWU","","null","<img src=""img/land6.png"" style=""width:200px; border:14px solid green;"">","null","","","","","","","",""
"","image-keyboard-response","200","105892","0.0-297.0","3WMOAN2SRCJUSOAY2IU5LXBE2JCNV1","A1JWKT0IS06YKL","3A3KKYU7P33Z3BR9PPFZ5194ZCQMWU","","616.3000000119209","img/land6.png","74","617.2000000029802","1","1","false","3","1,1,0,0,1,1,1,0,1","",""
"","html-keyboard-response","201","106206","0.0-298.0","3WMOAN2SRCJUSOAY2IU5LXBE2JCNV1","A1JWKT0IS06YKL","3A3KKYU7P33Z3BR9PPFZ5194ZCQMWU","","null","<img src=""img/land6.png"" style=""width:200px; border:14px solid green;"">","null","","","","","","","",""
"","image-keyboard-response","202","106599","0.0-300.0","3WMOAN2SRCJUSOAY2IU5LXBE2JCNV1","A1JWKT0IS06YKL","3A3KKYU7P33Z3BR9PPFZ5194ZCQMWU","","391.3999999910593","img/land5.png","76","392.5","3","1","false","2","1,1,0,0,1,1,1,0,1","",""
"","html-keyboard-response","203","106908","0.0-301.0","3WMOAN2SRCJUSOAY2IU5LXBE2JCNV1","A1JWKT0IS06YKL","3A3KKYU7P33Z3BR9PPFZ5194ZCQMWU","","null","<img src=""img/land5.png"" style=""width:200px; border:14px solid green;"">","null","","","","","","","",""
"","image-keyboard-response","204","107368","0.0-303.0","3WMOAN2SRCJUSOAY2IU5LXBE2JCNV1","A1JWKT0IS06YKL","3A3KKYU7P33Z3BR9PPFZ5194ZCQMWU","","458.79999999701977","img/land5.png","76","460.6000000089407","3","1","false","2","1,1,0,0,1,1,1,0,1","",""
"","html-keyboard-response","205","107677","0.0-304.0","3WMOAN2SRCJUSOAY2IU5LXBE2JCNV1","A1JWKT0IS06YKL","3A3KKYU7P33Z3BR9PPFZ5194ZCQMWU","","null","<img src=""img/land5.png"" style=""width:200px; border:14px solid green;"">","null","","","","","","","",""
"","image-keyboard-response","206","107942","0.0-306.0","3WMOAN2SRCJUSOAY2IU5LXBE2JCNV1","A1JWKT0IS06YKL","3A3KKYU7P33Z3BR9PPFZ5194ZCQMWU","","263.59999999403954","img/land3.png","76","264.69999998807907","3","0","false","1","1,1,0,0,1,1,1,0,1","",""
"","html-keyboard-response","207","108252","0.0-307.0","3WMOAN2SRCJUSOAY2IU5LXBE2JCNV1","A1JWKT0IS06YKL","3A3KKYU7P33Z3BR9PPFZ5194ZCQMWU","","null","<img src=""img/land3.png"" style=""width:200px;border:14px solid red;"">","null","","","","","","","",""
"","image-keyboard-response","208","108541","0.0-309.0","3WMOAN2SRCJUSOAY2IU5LXBE2JCNV1","A1JWKT0IS06YKL","3A3KKYU7P33Z3BR9PPFZ5194ZCQMWU","","288.20000000298023","img/land3.png","74","289.29999999701977","1","1","false","1","1,1,0,0,1,1,1,0,1","",""
"","html-keyboard-response","209","108853","0.0-310.0","3WMOAN2SRCJUSOAY2IU5LXBE2JCNV1","A1JWKT0IS06YKL","3A3KKYU7P33Z3BR9PPFZ5194ZCQMWU","","null","<img src=""img/land3.png"" style=""width:200px; border:14px solid green;"">","null","","","","","","","",""
"","image-keyboard-response","210","109058","0.0-312.0","3WMOAN2SRCJUSOAY2IU5LXBE2JCNV1","A1JWKT0IS06YKL","3A3KKYU7P33Z3BR9PPFZ5194ZCQMWU","","203.29999999701977","img/land6.png","74","204.29999999701977","1","1","false","3","1,1,0,0,1,1,1,0,1","",""
"","html-keyboard-response","211","109366","0.0-313.0","3WMOAN2SRCJUSOAY2IU5LXBE2JCNV1","A1JWKT0IS06YKL","3A3KKYU7P33Z3BR9PPFZ5194ZCQMWU","","null","<img src=""img/land6.png"" style=""width:200px; border:14px solid green;"">","null","","","","","","","",""
"","image-keyboard-response","212","109662","0.0-315.0","3WMOAN2SRCJUSOAY2IU5LXBE2JCNV1","A1JWKT0IS06YKL","3A3KKYU7P33Z3BR9PPFZ5194ZCQMWU","","294.5","img/land3.png","76","295.59999999403954","3","0","false","1","1,1,0,0,1,1,1,0,1","",""
"","html-keyboard-response","213","109974","0.0-316.0","3WMOAN2SRCJUSOAY2IU5LXBE2JCNV1","A1JWKT0IS06YKL","3A3KKYU7P33Z3BR9PPFZ5194ZCQMWU","","null","<img src=""img/land3.png"" style=""width:200px;border:14px solid red;"">","null","","","","","","","",""
"","image-keyboard-response","214","110629","0.0-318.0","3WMOAN2SRCJUSOAY2IU5LXBE2JCNV1","A1JWKT0IS06YKL","3A3KKYU7P33Z3BR9PPFZ5194ZCQMWU","","652.7999999970198","img/land6.png","74","653.8999999910593","1","1","false","3","1,1,0,0,1,1,1,0,1","",""
"","html-keyboard-response","215","110938","0.0-319.0","3WMOAN2SRCJUSOAY2IU5LXBE2JCNV1","A1JWKT0IS06YKL","3A3KKYU7P33Z3BR9PPFZ5194ZCQMWU","","null","<img src=""img/land6.png"" style=""width:200px; border:14px solid green;"">","null","","","","","","","",""
"","image-keyboard-response","216","111268","0.0-321.0","3WMOAN2SRCJUSOAY2IU5LXBE2JCNV1","A1JWKT0IS06YKL","3A3KKYU7P33Z3BR9PPFZ5194ZCQMWU","","328.90000000596046","img/land6.png","74","329.59999999403954","1","1","false","3","1,1,0,0,1,1,1,0,1","",""
"","html-keyboard-response","217","111570","0.0-322.0","3WMOAN2SRCJUSOAY2IU5LXBE2JCNV1","A1JWKT0IS06YKL","3A3KKYU7P33Z3BR9PPFZ5194ZCQMWU","","null","<img src=""img/land6.png"" style=""width:200px; border:14px solid green;"">","null","","","","","","","",""
"","image-keyboard-response","218","111980","0.0-324.0","3WMOAN2SRCJUSOAY2IU5LXBE2JCNV1","A1JWKT0IS06YKL","3A3KKYU7P33Z3BR9PPFZ5194ZCQMWU","","408.20000000298023","img/land3.png","76","409.59999999403954","3","0","false","1","1,1,0,0,1,1,1,0,1","",""
"","html-keyboard-response","219","112284","0.0-325.0","3WMOAN2SRCJUSOAY2IU5LXBE2JCNV1","A1JWKT0IS06YKL","3A3KKYU7P33Z3BR9PPFZ5194ZCQMWU","","null","<img src=""img/land3.png"" style=""width:200px;border:14px solid red;"">","null","","","","","","","",""
"","image-keyboard-response","220","112460","0.0-327.0","3WMOAN2SRCJUSOAY2IU5LXBE2JCNV1","A1JWKT0IS06YKL","3A3KKYU7P33Z3BR9PPFZ5194ZCQMWU","","174.70000000298023","img/land5.png","74","175.70000000298023","1","0","false","2","1,1,0,0,1,1,1,0,1","",""
"","html-keyboard-response","221","112770","0.0-328.0","3WMOAN2SRCJUSOAY2IU5LXBE2JCNV1","A1JWKT0IS06YKL","3A3KKYU7P33Z3BR9PPFZ5194ZCQMWU","","null","<img src=""img/land5.png"" style=""width:200px;border:14px solid red;"">","null","","","","","","","",""
"","image-keyboard-response","222","113006","0.0-330.0","3WMOAN2SRCJUSOAY2IU5LXBE2JCNV1","A1JWKT0IS06YKL","3A3KKYU7P33Z3BR9PPFZ5194ZCQMWU","","234.29999999701977","img/land6.png","74","235.3999999910593","1","1","false","3","1,1,0,0,1,1,1,0,1","",""
"","html-keyboard-response","223","113318","0.0-331.0","3WMOAN2SRCJUSOAY2IU5LXBE2JCNV1","A1JWKT0IS06YKL","3A3KKYU7P33Z3BR9PPFZ5194ZCQMWU","","null","<img src=""img/land6.png"" style=""width:200px; border:14px solid green;"">","null","","","","","","","",""
"","image-keyboard-response","224","113551","0.0-333.0","3WMOAN2SRCJUSOAY2IU5LXBE2JCNV1","A1JWKT0IS06YKL","3A3KKYU7P33Z3BR9PPFZ5194ZCQMWU","","231.79999999701977","img/land6.png","74","232.79999999701977","1","1","false","3","1,1,0,0,1,1,1,0,1","",""
"","html-keyboard-response","225","113863","0.0-334.0","3WMOAN2SRCJUSOAY2IU5LXBE2JCNV1","A1JWKT0IS06YKL","3A3KKYU7P33Z3BR9PPFZ5194ZCQMWU","","null","<img src=""img/land6.png"" style=""width:200px; border:14px solid green;"">","null","","","","","","","",""
"","image-keyboard-response","226","114064","0.0-336.0","3WMOAN2SRCJUSOAY2IU5LXBE2JCNV1","A1JWKT0IS06YKL","3A3KKYU7P33Z3BR9PPFZ5194ZCQMWU","","200.29999999701977","img/land3.png","75","201.29999999701977","2","1","false","1","1,1,0,0,1,1,1,0,1","",""
"","html-keyboard-response","227","114375","0.0-337.0","3WMOAN2SRCJUSOAY2IU5LXBE2JCNV1","A1JWKT0IS06YKL","3A3KKYU7P33Z3BR9PPFZ5194ZCQMWU","","null","<img src=""img/land3.png"" style=""width:200px; border:14px solid green;"">","null","","","","","","","",""
"","image-keyboard-response","228","114622","0.0-339.0","3WMOAN2SRCJUSOAY2IU5LXBE2JCNV1","A1JWKT0IS06YKL","3A3KKYU7P33Z3BR9PPFZ5194ZCQMWU","","245.5","img/land6.png","75","246.5","2","0","false","3","1,1,0,0,1,1,1,0,1","",""
"","html-keyboard-response","229","114931","0.0-340.0","3WMOAN2SRCJUSOAY2IU5LXBE2JCNV1","A1JWKT0IS06YKL","3A3KKYU7P33Z3BR9PPFZ5194ZCQMWU","","null","<img src=""img/land6.png"" style=""width:200px;border:14px solid red;"">","null","","","","","","","",""
"","image-keyboard-response","230","114969","0.0-342.0","3WMOAN2SRCJUSOAY2IU5LXBE2JCNV1","A1JWKT0IS06YKL","3A3KKYU7P33Z3BR9PPFZ5194ZCQMWU","","36.79999999701977","img/land5.png","74","38","1","0","false","2","1,1,0,0,1,1,1,0,1","",""
"","html-keyboard-response","231","115275","0.0-343.0","3WMOAN2SRCJUSOAY2IU5LXBE2JCNV1","A1JWKT0IS06YKL","3A3KKYU7P33Z3BR9PPFZ5194ZCQMWU","","null","<img src=""img/land5.png"" style=""width:200px;border:14px solid red;"">","null","","","","","","","",""
"","image-keyboard-response","232","115487","0.0-345.0","3WMOAN2SRCJUSOAY2IU5LXBE2JCNV1","A1JWKT0IS06YKL","3A3KKYU7P33Z3BR9PPFZ5194ZCQMWU","","210.59999999403954","img/land3.png","75","211.70000000298023","2","1","false","1","1,1,0,0,1,1,1,0,1","",""
"","html-keyboard-response","233","115797","0.0-346.0","3WMOAN2SRCJUSOAY2IU5LXBE2JCNV1","A1JWKT0IS06YKL","3A3KKYU7P33Z3BR9PPFZ5194ZCQMWU","","null","<img src=""img/land3.png"" style=""width:200px; border:14px solid green;"">","null","","","","","","","",""
"","image-keyboard-response","234","116037","0.0-348.0","3WMOAN2SRCJUSOAY2IU5LXBE2JCNV1","A1JWKT0IS06YKL","3A3KKYU7P33Z3BR9PPFZ5194ZCQMWU","","238.40000000596046","img/land6.png","75","239.3999999910593","2","0","false","3","1,1,0,0,1,1,1,0,1","",""
"","html-keyboard-response","235","116349","0.0-349.0","3WMOAN2SRCJUSOAY2IU5LXBE2JCNV1","A1JWKT0IS06YKL","3A3KKYU7P33Z3BR9PPFZ5194ZCQMWU","","null","<img src=""img/land6.png"" style=""width:200px;border:14px solid red;"">","null","","","","","","","",""
"","image-keyboard-response","236","116593","0.0-351.0","3WMOAN2SRCJUSOAY2IU5LXBE2JCNV1","A1JWKT0IS06YKL","3A3KKYU7P33Z3BR9PPFZ5194ZCQMWU","","242.79999999701977","img/land3.png","74","243.70000000298023","1","1","false","1","1,1,0,0,1,1,1,0,1","",""
"","html-keyboard-response","237","116899","0.0-352.0","3WMOAN2SRCJUSOAY2IU5LXBE2JCNV1","A1JWKT0IS06YKL","3A3KKYU7P33Z3BR9PPFZ5194ZCQMWU","","null","<img src=""img/land3.png"" style=""width:200px; border:14px solid green;"">","null","","","","","","","",""
"","image-keyboard-response","238","117080","0.0-354.0","3WMOAN2SRCJUSOAY2IU5LXBE2JCNV1","A1JWKT0IS06YKL","3A3KKYU7P33Z3BR9PPFZ5194ZCQMWU","","179","img/land3.png","75","180.6000000089407","2","1","false","1","1,1,0,0,1,1,1,0,1","",""
"","html-keyboard-response","239","117388","0.0-355.0","3WMOAN2SRCJUSOAY2IU5LXBE2JCNV1","A1JWKT0IS06YKL","3A3KKYU7P33Z3BR9PPFZ5194ZCQMWU","","null","<img src=""img/land3.png"" style=""width:200px; border:14px solid green;"">","null","","","","","","","",""
"","image-keyboard-response","240","117765","0.0-357.0","3WMOAN2SRCJUSOAY2IU5LXBE2JCNV1","A1JWKT0IS06YKL","3A3KKYU7P33Z3BR9PPFZ5194ZCQMWU","","375.70000000298023","img/land5.png","75","376.69999998807907","2","1","false","2","1,1,0,0,1,1,1,0,1","",""
"","html-keyboard-response","241","118074","0.0-358.0","3WMOAN2SRCJUSOAY2IU5LXBE2JCNV1","A1JWKT0IS06YKL","3A3KKYU7P33Z3BR9PPFZ5194ZCQMWU","","null","<img src=""img/land5.png"" style=""width:200px; border:14px solid green;"">","null","","","","","","","",""
"","image-keyboard-response","242","118147","0.0-360.0","3WMOAN2SRCJUSOAY2IU5LXBE2JCNV1","A1JWKT0IS06YKL","3A3KKYU7P33Z3BR9PPFZ5194ZCQMWU","","71","img/land3.png","74","72.1000000089407","1","1","false","1","1,1,0,0,1,1,1,0,1","",""
"","html-keyboard-response","243","118452","0.0-361.0","3WMOAN2SRCJUSOAY2IU5LXBE2JCNV1","A1JWKT0IS06YKL","3A3KKYU7P33Z3BR9PPFZ5194ZCQMWU","","null","<img src=""img/land3.png"" style=""width:200px; border:14px solid green;"">","null","","","","","","","",""
"","image-keyboard-response","244","118803","0.0-363.0","3WMOAN2SRCJUSOAY2IU5LXBE2JCNV1","A1JWKT0IS06YKL","3A3KKYU7P33Z3BR9PPFZ5194ZCQMWU","","349.29999999701977","img/land3.png","75","350.40000000596046","2","1","false","1","1,1,0,0,1,1,1,0,1","",""
"","html-keyboard-response","245","119108","0.0-364.0","3WMOAN2SRCJUSOAY2IU5LXBE2JCNV1","A1JWKT0IS06YKL","3A3KKYU7P33Z3BR9PPFZ5194ZCQMWU","","null","<img src=""img/land3.png"" style=""width:200px; border:14px solid green;"">","null","","","","","","","",""
"","image-keyboard-response","246","119610","0.0-366.0","3WMOAN2SRCJUSOAY2IU5LXBE2JCNV1","A1JWKT0IS06YKL","3A3KKYU7P33Z3BR9PPFZ5194ZCQMWU","","499.70000000298023","img/land5.png","74","500.8999999910593","1","0","false","2","1,1,0,0,1,1,1,0,1","",""
"","html-keyboard-response","247","119919","0.0-367.0","3WMOAN2SRCJUSOAY2IU5LXBE2JCNV1","A1JWKT0IS06YKL","3A3KKYU7P33Z3BR9PPFZ5194ZCQMWU","","null","<img src=""img/land5.png"" style=""width:200px;border:14px solid red;"">","null","","","","","","","",""
"","image-keyboard-response","248","120073","0.0-369.0","3WMOAN2SRCJUSOAY2IU5LXBE2JCNV1","A1JWKT0IS06YKL","3A3KKYU7P33Z3BR9PPFZ5194ZCQMWU","","152.29999999701977","img/land5.png","75","153.40000000596046","2","1","false","2","1,1,0,0,1,1,1,0,1","",""
"","html-keyboard-response","249","120378","0.0-370.0","3WMOAN2SRCJUSOAY2IU5LXBE2JCNV1","A1JWKT0IS06YKL","3A3KKYU7P33Z3BR9PPFZ5194ZCQMWU","","null","<img src=""img/land5.png"" style=""width:200px; border:14px solid green;"">","null","","","","","","","",""
"","image-keyboard-response","250","121069","0.0-372.0","3WMOAN2SRCJUSOAY2IU5LXBE2JCNV1","A1JWKT0IS06YKL","3A3KKYU7P33Z3BR9PPFZ5194ZCQMWU","","689.7999999970198","img/land6.png","75","691","2","0","false","3","1,1,0,0,1,1,1,0,1","",""
"","html-keyboard-response","251","121380","0.0-373.0","3WMOAN2SRCJUSOAY2IU5LXBE2JCNV1","A1JWKT0IS06YKL","3A3KKYU7P33Z3BR9PPFZ5194ZCQMWU","","null","<img src=""img/land6.png"" style=""width:200px;border:14px solid red;"">","null","","","","","","","",""
"","image-keyboard-response","252","121440","0.0-375.0","3WMOAN2SRCJUSOAY2IU5LXBE2JCNV1","A1JWKT0IS06YKL","3A3KKYU7P33Z3BR9PPFZ5194ZCQMWU","","59.20000000298023","img/land5.png","76","60.19999998807907","3","1","false","2","1,1,0,0,1,1,1,0,1","",""
"","html-keyboard-response","253","121747","0.0-376.0","3WMOAN2SRCJUSOAY2IU5LXBE2JCNV1","A1JWKT0IS06YKL","3A3KKYU7P33Z3BR9PPFZ5194ZCQMWU","","null","<img src=""img/land5.png"" style=""width:200px; border:14px solid green;"">","null","","","","","","","",""
"","image-keyboard-response","254","122155","0.0-378.0","3WMOAN2SRCJUSOAY2IU5LXBE2JCNV1","A1JWKT0IS06YKL","3A3KKYU7P33Z3BR9PPFZ5194ZCQMWU","","407","img/land5.png","75","408.20000000298023","2","1","false","2","1,1,0,0,1,1,1,0,1","",""
"","html-keyboard-response","255","122467","0.0-379.0","3WMOAN2SRCJUSOAY2IU5LXBE2JCNV1","A1JWKT0IS06YKL","3A3KKYU7P33Z3BR9PPFZ5194ZCQMWU","","null","<img src=""img/land5.png"" style=""width:200px; border:14px solid green;"">","null","","","","","","","",""
"","image-keyboard-response","256","122715","0.0-381.0","3WMOAN2SRCJUSOAY2IU5LXBE2JCNV1","A1JWKT0IS06YKL","3A3KKYU7P33Z3BR9PPFZ5194ZCQMWU","","246","img/land5.png","75","247.40000000596046","2","1","false","2","1,1,0,0,1,1,1,0,1","",""
"","html-keyboard-response","257","123020","0.0-382.0","3WMOAN2SRCJUSOAY2IU5LXBE2JCNV1","A1JWKT0IS06YKL","3A3KKYU7P33Z3BR9PPFZ5194ZCQMWU","","null","<img src=""img/land5.png"" style=""width:200px; border:14px solid green;"">","null","","","","","","","",""
"","image-keyboard-response","258","123258","0.0-384.0","3WMOAN2SRCJUSOAY2IU5LXBE2JCNV1","A1JWKT0IS06YKL","3A3KKYU7P33Z3BR9PPFZ5194ZCQMWU","","236.8999999910593","img/land6.png","75","237.79999999701977","2","0","false","3","1,1,0,0,1,1,1,0,1","",""
"","html-keyboard-response","259","123564","0.0-385.0","3WMOAN2SRCJUSOAY2IU5LXBE2JCNV1","A1JWKT0IS06YKL","3A3KKYU7P33Z3BR9PPFZ5194ZCQMWU","","null","<img src=""img/land6.png"" style=""width:200px;border:14px solid red;"">","null","","","","","","","",""
"","image-keyboard-response","260","124237","0.0-387.0","3WMOAN2SRCJUSOAY2IU5LXBE2JCNV1","A1JWKT0IS06YKL","3A3KKYU7P33Z3BR9PPFZ5194ZCQMWU","","671.4000000059605","img/land5.png","75","672.3999999910593","2","1","false","2","1,1,0,0,1,1,1,0,1","",""
"","html-keyboard-response","261","124548","0.0-388.0","3WMOAN2SRCJUSOAY2IU5LXBE2JCNV1","A1JWKT0IS06YKL","3A3KKYU7P33Z3BR9PPFZ5194ZCQMWU","","null","<img src=""img/land5.png"" style=""width:200px; border:14px solid green;"">","null","","","","","","","",""
"","image-keyboard-response","262","124761","0.0-390.0","3WMOAN2SRCJUSOAY2IU5LXBE2JCNV1","A1JWKT0IS06YKL","3A3KKYU7P33Z3BR9PPFZ5194ZCQMWU","","212.29999999701977","img/land6.png","75","213","2","0","false","3","1,1,0,0,1,1,1,0,1","",""
"","html-keyboard-response","263","125070","0.0-391.0","3WMOAN2SRCJUSOAY2IU5LXBE2JCNV1","A1JWKT0IS06YKL","3A3KKYU7P33Z3BR9PPFZ5194ZCQMWU","","null","<img src=""img/land6.png"" style=""width:200px;border:14px solid red;"">","null","","","","","","","",""
"","image-keyboard-response","264","125936","0.0-393.0","3WMOAN2SRCJUSOAY2IU5LXBE2JCNV1","A1JWKT0IS06YKL","3A3KKYU7P33Z3BR9PPFZ5194ZCQMWU","","865","img/land5.png","75","865.8999999910593","2","1","false","2","1,1,0,0,1,1,1,0,1","",""
"","html-keyboard-response","265","126246","0.0-394.0","3WMOAN2SRCJUSOAY2IU5LXBE2JCNV1","A1JWKT0IS06YKL","3A3KKYU7P33Z3BR9PPFZ5194ZCQMWU","","null","<img src=""img/land5.png"" style=""width:200px; border:14px solid green;"">","null","","","","","","","",""
"","image-keyboard-response","266","126694","0.0-396.0","3WMOAN2SRCJUSOAY2IU5LXBE2JCNV1","A1JWKT0IS06YKL","3A3KKYU7P33Z3BR9PPFZ5194ZCQMWU","","446.59999999403954","img/land5.png","75","447.70000000298023","2","1","false","2","1,1,0,0,1,1,1,0,1","",""
"","html-keyboard-response","267","127004","0.0-397.0","3WMOAN2SRCJUSOAY2IU5LXBE2JCNV1","A1JWKT0IS06YKL","3A3KKYU7P33Z3BR9PPFZ5194ZCQMWU","","null","<img src=""img/land5.png"" style=""width:200px; border:14px solid green;"">","null","","","","","","","",""
"","image-keyboard-response","268","127502","0.0-399.0","3WMOAN2SRCJUSOAY2IU5LXBE2JCNV1","A1JWKT0IS06YKL","3A3KKYU7P33Z3BR9PPFZ5194ZCQMWU","","497.80000001192093","img/land3.png","74","498.3999999910593","1","1","false","1","1,1,0,0,1,1,1,0,1","",""
"","html-keyboard-response","269","127812","0.0-400.0","3WMOAN2SRCJUSOAY2IU5LXBE2JCNV1","A1JWKT0IS06YKL","3A3KKYU7P33Z3BR9PPFZ5194ZCQMWU","","null","<img src=""img/land3.png"" style=""width:200px; border:14px solid green;"">","null","","","","","","","",""
"","image-keyboard-response","270","128293","0.0-402.0","3WMOAN2SRCJUSOAY2IU5LXBE2JCNV1","A1JWKT0IS06YKL","3A3KKYU7P33Z3BR9PPFZ5194ZCQMWU","","479.5","img/land3.png","74","480.59999999403954","1","1","false","1","1,1,0,0,1,1,1,0,1","",""
"","html-keyboard-response","271","128607","0.0-403.0","3WMOAN2SRCJUSOAY2IU5LXBE2JCNV1","A1JWKT0IS06YKL","3A3KKYU7P33Z3BR9PPFZ5194ZCQMWU","","null","<img src=""img/land3.png"" style=""width:200px; border:14px solid green;"">","null","","","","","","","",""
"","image-keyboard-response","272","129102","0.0-405.0","3WMOAN2SRCJUSOAY2IU5LXBE2JCNV1","A1JWKT0IS06YKL","3A3KKYU7P33Z3BR9PPFZ5194ZCQMWU","","494","img/land5.png","75","495.1000000089407","2","1","false","2","1,1,0,0,1,1,1,0,1","",""
"","html-keyboard-response","273","129413","0.0-406.0","3WMOAN2SRCJUSOAY2IU5LXBE2JCNV1","A1JWKT0IS06YKL","3A3KKYU7P33Z3BR9PPFZ5194ZCQMWU","","null","<img src=""img/land5.png"" style=""width:200px; border:14px solid green;"">","null","","","","","","","",""
"","image-keyboard-response","274","129618","0.0-408.0","3WMOAN2SRCJUSOAY2IU5LXBE2JCNV1","A1JWKT0IS06YKL","3A3KKYU7P33Z3BR9PPFZ5194ZCQMWU","","203.20000000298023","img/land6.png","75","204.19999998807907","2","0","false","3","1,1,0,0,1,1,1,0,1","",""
"","html-keyboard-response","275","129926","0.0-409.0","3WMOAN2SRCJUSOAY2IU5LXBE2JCNV1","A1JWKT0IS06YKL","3A3KKYU7P33Z3BR9PPFZ5194ZCQMWU","","null","<img src=""img/land6.png"" style=""width:200px;border:14px solid red;"">","null","","","","","","","",""
"","image-keyboard-response","276","130136","0.0-411.0","3WMOAN2SRCJUSOAY2IU5LXBE2JCNV1","A1JWKT0IS06YKL","3A3KKYU7P33Z3BR9PPFZ5194ZCQMWU","","208.6000000089407","img/land6.png","74","209.70000000298023","1","1","false","3","1,1,0,0,1,1,1,0,1","",""
"","html-keyboard-response","277","130441","0.0-412.0","3WMOAN2SRCJUSOAY2IU5LXBE2JCNV1","A1JWKT0IS06YKL","3A3KKYU7P33Z3BR9PPFZ5194ZCQMWU","","null","<img src=""img/land6.png"" style=""width:200px; border:14px solid green;"">","null","","","","","","","",""
"","image-keyboard-response","278","130959","0.0-414.0","3WMOAN2SRCJUSOAY2IU5LXBE2JCNV1","A1JWKT0IS06YKL","3A3KKYU7P33Z3BR9PPFZ5194ZCQMWU","","515.7000000029802","img/land6.png","74","517.5","1","1","false","3","1,1,0,0,1,1,1,0,1","",""
"","html-keyboard-response","279","131266","0.0-415.0","3WMOAN2SRCJUSOAY2IU5LXBE2JCNV1","A1JWKT0IS06YKL","3A3KKYU7P33Z3BR9PPFZ5194ZCQMWU","","null","<img src=""img/land6.png"" style=""width:200px; border:14px solid green;"">","null","","","","","","","",""
"","image-keyboard-response","280","131595","0.0-417.0","3WMOAN2SRCJUSOAY2IU5LXBE2JCNV1","A1JWKT0IS06YKL","3A3KKYU7P33Z3BR9PPFZ5194ZCQMWU","","327.59999999403954","img/land6.png","74","328.29999999701977","1","1","false","3","1,1,0,0,1,1,1,0,1","",""
"","html-keyboard-response","281","131910","0.0-418.0","3WMOAN2SRCJUSOAY2IU5LXBE2JCNV1","A1JWKT0IS06YKL","3A3KKYU7P33Z3BR9PPFZ5194ZCQMWU","","null","<img src=""img/land6.png"" style=""width:200px; border:14px solid green;"">","null","","","","","","","",""
"","image-keyboard-response","282","132113","0.0-420.0","3WMOAN2SRCJUSOAY2IU5LXBE2JCNV1","A1JWKT0IS06YKL","3A3KKYU7P33Z3BR9PPFZ5194ZCQMWU","","201.59999999403954","img/land6.png","74","202.70000000298023","1","1","false","3","1,1,0,0,1,1,1,0,1","",""
"","html-keyboard-response","283","132422","0.0-421.0","3WMOAN2SRCJUSOAY2IU5LXBE2JCNV1","A1JWKT0IS06YKL","3A3KKYU7P33Z3BR9PPFZ5194ZCQMWU","","null","<img src=""img/land6.png"" style=""width:200px; border:14px solid green;"">","null","","","","","","","",""
"","image-keyboard-response","284","132593","0.0-423.0","3WMOAN2SRCJUSOAY2IU5LXBE2JCNV1","A1JWKT0IS06YKL","3A3KKYU7P33Z3BR9PPFZ5194ZCQMWU","","170","img/land6.png","74","171.09999999403954","1","1","false","3","1,1,0,0,1,1,1,0,1","",""
"","html-keyboard-response","285","132902","0.0-424.0","3WMOAN2SRCJUSOAY2IU5LXBE2JCNV1","A1JWKT0IS06YKL","3A3KKYU7P33Z3BR9PPFZ5194ZCQMWU","","null","<img src=""img/land6.png"" style=""width:200px; border:14px solid green;"">","null","","","","","","","",""
"","image-keyboard-response","286","133119","0.0-426.0","3WMOAN2SRCJUSOAY2IU5LXBE2JCNV1","A1JWKT0IS06YKL","3A3KKYU7P33Z3BR9PPFZ5194ZCQMWU","","214.90000000596046","img/land3.png","74","216","1","1","false","1","1,1,0,0,1,1,1,0,1","",""
"","html-keyboard-response","287","133431","0.0-427.0","3WMOAN2SRCJUSOAY2IU5LXBE2JCNV1","A1JWKT0IS06YKL","3A3KKYU7P33Z3BR9PPFZ5194ZCQMWU","","null","<img src=""img/land3.png"" style=""width:200px; border:14px solid green;"">","null","","","","","","","",""
"","image-keyboard-response","288","134129","0.0-429.0","3WMOAN2SRCJUSOAY2IU5LXBE2JCNV1","A1JWKT0IS06YKL","3A3KKYU7P33Z3BR9PPFZ5194ZCQMWU","","697.2000000029802","img/land5.png","75","698.7000000029802","2","1","false","2","1,1,0,0,1,1,1,0,1","",""
"","html-keyboard-response","289","134434","0.0-430.0","3WMOAN2SRCJUSOAY2IU5LXBE2JCNV1","A1JWKT0IS06YKL","3A3KKYU7P33Z3BR9PPFZ5194ZCQMWU","","null","<img src=""img/land5.png"" style=""width:200px; border:14px solid green;"">","null","","","","","","","",""
"","image-keyboard-response","290","134736","0.0-432.0","3WMOAN2SRCJUSOAY2IU5LXBE2JCNV1","A1JWKT0IS06YKL","3A3KKYU7P33Z3BR9PPFZ5194ZCQMWU","","300.29999999701977","img/land5.png","75","301.40000000596046","2","1","false","2","1,1,0,0,1,1,1,0,1","",""
"","html-keyboard-response","291","135044","0.0-433.0","3WMOAN2SRCJUSOAY2IU5LXBE2JCNV1","A1JWKT0IS06YKL","3A3KKYU7P33Z3BR9PPFZ5194ZCQMWU","","null","<img src=""img/land5.png"" style=""width:200px; border:14px solid green;"">","null","","","","","","","",""
"","image-keyboard-response","292","135219","0.0-435.0","3WMOAN2SRCJUSOAY2IU5LXBE2JCNV1","A1JWKT0IS06YKL","3A3KKYU7P33Z3BR9PPFZ5194ZCQMWU","","173.59999999403954","img/land3.png","75","174.59999999403954","2","1","false","1","1,1,0,0,1,1,1,0,1","",""
"","html-keyboard-response","293","135534","0.0-436.0","3WMOAN2SRCJUSOAY2IU5LXBE2JCNV1","A1JWKT0IS06YKL","3A3KKYU7P33Z3BR9PPFZ5194ZCQMWU","","null","<img src=""img/land3.png"" style=""width:200px; border:14px solid green;"">","null","","","","","","","",""
"","image-keyboard-response","294","135681","0.0-438.0","3WMOAN2SRCJUSOAY2IU5LXBE2JCNV1","A1JWKT0IS06YKL","3A3KKYU7P33Z3BR9PPFZ5194ZCQMWU","","146","img/land5.png","74","147.1000000089407","1","0","false","2","1,1,0,0,1,1,1,0,1","",""
"","html-keyboard-response","295","135990","0.0-439.0","3WMOAN2SRCJUSOAY2IU5LXBE2JCNV1","A1JWKT0IS06YKL","3A3KKYU7P33Z3BR9PPFZ5194ZCQMWU","","null","<img src=""img/land5.png"" style=""width:200px;border:14px solid red;"">","null","","","","","","","",""
"","image-keyboard-response","296","136608","0.0-441.0","3WMOAN2SRCJUSOAY2IU5LXBE2JCNV1","A1JWKT0IS06YKL","3A3KKYU7P33Z3BR9PPFZ5194ZCQMWU","","616.2000000029802","img/land5.png","75","617.2999999970198","2","1","false","2","1,1,0,0,1,1,1,0,1","",""
"","html-keyboard-response","297","136915","0.0-442.0","3WMOAN2SRCJUSOAY2IU5LXBE2JCNV1","A1JWKT0IS06YKL","3A3KKYU7P33Z3BR9PPFZ5194ZCQMWU","","null","<img src=""img/land5.png"" style=""width:200px; border:14px solid green;"">","null","","","","","","","",""
"","image-keyboard-response","298","137349","0.0-444.0","3WMOAN2SRCJUSOAY2IU5LXBE2JCNV1","A1JWKT0IS06YKL","3A3KKYU7P33Z3BR9PPFZ5194ZCQMWU","","432","img/land5.png","75","433.09999999403954","2","1","false","2","1,1,0,0,1,1,1,0,1","",""
"","html-keyboard-response","299","137658","0.0-445.0","3WMOAN2SRCJUSOAY2IU5LXBE2JCNV1","A1JWKT0IS06YKL","3A3KKYU7P33Z3BR9PPFZ5194ZCQMWU","","null","<img src=""img/land5.png"" style=""width:200px; border:14px solid green;"">","null","","","","","","","",""
"","image-keyboard-response","300","138177","0.0-447.0","3WMOAN2SRCJUSOAY2IU5LXBE2JCNV1","A1JWKT0IS06YKL","3A3KKYU7P33Z3BR9PPFZ5194ZCQMWU","","517.7999999970198","img/land3.png","74","518.7999999970198","1","1","false","1","1,1,0,0,1,1,1,0,1","",""
"","html-keyboard-response","301","138485","0.0-448.0","3WMOAN2SRCJUSOAY2IU5LXBE2JCNV1","A1JWKT0IS06YKL","3A3KKYU7P33Z3BR9PPFZ5194ZCQMWU","","null","<img src=""img/land3.png"" style=""width:200px; border:14px solid green;"">","null","","","","","","","",""
"","image-keyboard-response","302","139421","0.0-450.0","3WMOAN2SRCJUSOAY2IU5LXBE2JCNV1","A1JWKT0IS06YKL","3A3KKYU7P33Z3BR9PPFZ5194ZCQMWU","","934.5999999940395","img/land6.png","76","935.7999999970198","3","1","false","3","1,1,0,0,1,1,1,0,1","",""
"","html-keyboard-response","303","139732","0.0-451.0","3WMOAN2SRCJUSOAY2IU5LXBE2JCNV1","A1JWKT0IS06YKL","3A3KKYU7P33Z3BR9PPFZ5194ZCQMWU","","null","<img src=""img/land6.png"" style=""width:200px; border:14px solid green;"">","null","","","","","","","",""
"","image-keyboard-response","304","140425","0.0-453.0","3WMOAN2SRCJUSOAY2IU5LXBE2JCNV1","A1JWKT0IS06YKL","3A3KKYU7P33Z3BR9PPFZ5194ZCQMWU","","690.7000000029802","img/land5.png","75","691.9000000059605","2","1","false","2","1,1,0,0,1,1,1,0,1","",""
"","html-keyboard-response","305","140733","0.0-454.0","3WMOAN2SRCJUSOAY2IU5LXBE2JCNV1","A1JWKT0IS06YKL","3A3KKYU7P33Z3BR9PPFZ5194ZCQMWU","","null","<img src=""img/land5.png"" style=""width:200px; border:14px solid green;"">","null","","","","","","","",""
"","image-keyboard-response","306","141085","0.0-456.0","3WMOAN2SRCJUSOAY2IU5LXBE2JCNV1","A1JWKT0IS06YKL","3A3KKYU7P33Z3BR9PPFZ5194ZCQMWU","","350.5","img/land6.png","75","351.59999999403954","2","0","false","3","1,1,0,0,1,1,1,0,1","",""
"","html-keyboard-response","307","141396","0.0-457.0","3WMOAN2SRCJUSOAY2IU5LXBE2JCNV1","A1JWKT0IS06YKL","3A3KKYU7P33Z3BR9PPFZ5194ZCQMWU","","null","<img src=""img/land6.png"" style=""width:200px;border:14px solid red;"">","null","","","","","","","",""
"","image-keyboard-response","308","141453","0.0-459.0","3WMOAN2SRCJUSOAY2IU5LXBE2JCNV1","A1JWKT0IS06YKL","3A3KKYU7P33Z3BR9PPFZ5194ZCQMWU","","55","img/land6.png","74","56.1000000089407","1","1","false","3","1,1,0,0,1,1,1,0,1","",""
"","html-keyboard-response","309","141766","0.0-460.0","3WMOAN2SRCJUSOAY2IU5LXBE2JCNV1","A1JWKT0IS06YKL","3A3KKYU7P33Z3BR9PPFZ5194ZCQMWU","","null","<img src=""img/land6.png"" style=""width:200px; border:14px solid green;"">","null","","","","","","","",""
"","image-keyboard-response","310","142277","0.0-462.0","3WMOAN2SRCJUSOAY2IU5LXBE2JCNV1","A1JWKT0IS06YKL","3A3KKYU7P33Z3BR9PPFZ5194ZCQMWU","","509.30000001192093","img/land6.png","74","510.29999999701977","1","1","false","3","1,1,0,0,1,1,1,0,1","",""
"","html-keyboard-response","311","142586","0.0-463.0","3WMOAN2SRCJUSOAY2IU5LXBE2JCNV1","A1JWKT0IS06YKL","3A3KKYU7P33Z3BR9PPFZ5194ZCQMWU","","null","<img src=""img/land6.png"" style=""width:200px; border:14px solid green;"">","null","","","","","","","",""
"","image-keyboard-response","312","143268","0.0-465.0","3WMOAN2SRCJUSOAY2IU5LXBE2JCNV1","A1JWKT0IS06YKL","3A3KKYU7P33Z3BR9PPFZ5194ZCQMWU","","680.4000000059605","img/land3.png","75","681.2999999970198","2","1","false","1","1,1,0,0,1,1,1,0,1","",""
"","html-keyboard-response","313","143579","0.0-466.0","3WMOAN2SRCJUSOAY2IU5LXBE2JCNV1","A1JWKT0IS06YKL","3A3KKYU7P33Z3BR9PPFZ5194ZCQMWU","","null","<img src=""img/land3.png"" style=""width:200px; border:14px solid green;"">","null","","","","","","","",""
"","image-keyboard-response","314","144305","0.0-468.0","3WMOAN2SRCJUSOAY2IU5LXBE2JCNV1","A1JWKT0IS06YKL","3A3KKYU7P33Z3BR9PPFZ5194ZCQMWU","","724.2999999970198","img/land6.png","75","725.2000000029802","2","0","false","3","1,1,0,0,1,1,1,0,1","",""
"","html-keyboard-response","315","144612","0.0-469.0","3WMOAN2SRCJUSOAY2IU5LXBE2JCNV1","A1JWKT0IS06YKL","3A3KKYU7P33Z3BR9PPFZ5194ZCQMWU","","null","<img src=""img/land6.png"" style=""width:200px;border:14px solid red;"">","null","","","","","","","",""
"","image-keyboard-response","316","145035","0.0-471.0","3WMOAN2SRCJUSOAY2IU5LXBE2JCNV1","A1JWKT0IS06YKL","3A3KKYU7P33Z3BR9PPFZ5194ZCQMWU","","421.59999999403954","img/land3.png","76","422.6000000089407","3","0","false","1","1,1,0,0,1,1,1,0,1","",""
"","html-keyboard-response","317","145349","0.0-472.0","3WMOAN2SRCJUSOAY2IU5LXBE2JCNV1","A1JWKT0IS06YKL","3A3KKYU7P33Z3BR9PPFZ5194ZCQMWU","","null","<img src=""img/land3.png"" style=""width:200px;border:14px solid red;"">","null","","","","","","","",""
"","image-keyboard-response","318","145916","0.0-474.0","3WMOAN2SRCJUSOAY2IU5LXBE2JCNV1","A1JWKT0IS06YKL","3A3KKYU7P33Z3BR9PPFZ5194ZCQMWU","","564.7000000029802","img/land3.png","74","565.6999999880791","1","1","false","1","1,1,0,0,1,1,1,0,1","",""
"","html-keyboard-response","319","146224","0.0-475.0","3WMOAN2SRCJUSOAY2IU5LXBE2JCNV1","A1JWKT0IS06YKL","3A3KKYU7P33Z3BR9PPFZ5194ZCQMWU","","null","<img src=""img/land3.png"" style=""width:200px; border:14px solid green;"">","null","","","","","","","",""
"","image-keyboard-response","320","146665","0.0-477.0","3WMOAN2SRCJUSOAY2IU5LXBE2JCNV1","A1JWKT0IS06YKL","3A3KKYU7P33Z3BR9PPFZ5194ZCQMWU","","438.90000000596046","img/land3.png","74","440.19999998807907","1","1","false","1","1,1,0,0,1,1,1,0,1","",""
"","html-keyboard-response","321","146973","0.0-478.0","3WMOAN2SRCJUSOAY2IU5LXBE2JCNV1","A1JWKT0IS06YKL","3A3KKYU7P33Z3BR9PPFZ5194ZCQMWU","","null","<img src=""img/land3.png"" style=""width:200px; border:14px solid green;"">","null","","","","","","","",""
"","image-keyboard-response","322","147643","0.0-480.0","3WMOAN2SRCJUSOAY2IU5LXBE2JCNV1","A1JWKT0IS06YKL","3A3KKYU7P33Z3BR9PPFZ5194ZCQMWU","","668","img/land5.png","75","669.2000000029802","2","1","false","2","1,1,0,0,1,1,1,0,1","",""
"","html-keyboard-response","323","147956","0.0-481.0","3WMOAN2SRCJUSOAY2IU5LXBE2JCNV1","A1JWKT0IS06YKL","3A3KKYU7P33Z3BR9PPFZ5194ZCQMWU","","null","<img src=""img/land5.png"" style=""width:200px; border:14px solid green;"">","null","","","","","","","",""
"","image-keyboard-response","324","148273","0.0-483.0","3WMOAN2SRCJUSOAY2IU5LXBE2JCNV1","A1JWKT0IS06YKL","3A3KKYU7P33Z3BR9PPFZ5194ZCQMWU","","315.90000000596046","img/land5.png","75","317.19999998807907","2","1","false","2","1,1,0,0,1,1,1,0,1","",""
"","html-keyboard-response","325","148580","0.0-484.0","3WMOAN2SRCJUSOAY2IU5LXBE2JCNV1","A1JWKT0IS06YKL","3A3KKYU7P33Z3BR9PPFZ5194ZCQMWU","","null","<img src=""img/land5.png"" style=""width:200px; border:14px solid green;"">","null","","","","","","","",""
"","image-keyboard-response","326","149054","0.0-486.0","3WMOAN2SRCJUSOAY2IU5LXBE2JCNV1","A1JWKT0IS06YKL","3A3KKYU7P33Z3BR9PPFZ5194ZCQMWU","","471.59999999403954","img/land3.png","74","472.79999999701977","1","1","false","1","1,1,0,0,1,1,1,0,1","",""
"","html-keyboard-response","327","149364","0.0-487.0","3WMOAN2SRCJUSOAY2IU5LXBE2JCNV1","A1JWKT0IS06YKL","3A3KKYU7P33Z3BR9PPFZ5194ZCQMWU","","null","<img src=""img/land3.png"" style=""width:200px; border:14px solid green;"">","null","","","","","","","",""
"","image-keyboard-response","328","150032","0.0-489.0","3WMOAN2SRCJUSOAY2IU5LXBE2JCNV1","A1JWKT0IS06YKL","3A3KKYU7P33Z3BR9PPFZ5194ZCQMWU","","665.5","img/land6.png","76","666.6999999880791","3","1","false","3","1,1,0,0,1,1,1,0,1","",""
"","html-keyboard-response","329","150339","0.0-490.0","3WMOAN2SRCJUSOAY2IU5LXBE2JCNV1","A1JWKT0IS06YKL","3A3KKYU7P33Z3BR9PPFZ5194ZCQMWU","","null","<img src=""img/land6.png"" style=""width:200px; border:14px solid green;"">","null","","","","","","","",""
"","image-keyboard-response","330","151077","0.0-492.0","3WMOAN2SRCJUSOAY2IU5LXBE2JCNV1","A1JWKT0IS06YKL","3A3KKYU7P33Z3BR9PPFZ5194ZCQMWU","","737.3999999910593","img/land5.png","75","738.5","2","1","false","2","1,1,0,0,1,1,1,0,1","",""
"","html-keyboard-response","331","151385","0.0-493.0","3WMOAN2SRCJUSOAY2IU5LXBE2JCNV1","A1JWKT0IS06YKL","3A3KKYU7P33Z3BR9PPFZ5194ZCQMWU","","null","<img src=""img/land5.png"" style=""width:200px; border:14px solid green;"">","null","","","","","","","",""
"","image-keyboard-response","332","152008","0.0-495.0","3WMOAN2SRCJUSOAY2IU5LXBE2JCNV1","A1JWKT0IS06YKL","3A3KKYU7P33Z3BR9PPFZ5194ZCQMWU","","620.7999999970198","img/land3.png","74","621.8999999910593","1","1","false","1","1,1,0,0,1,1,1,0,1","",""
"","html-keyboard-response","333","152315","0.0-496.0","3WMOAN2SRCJUSOAY2IU5LXBE2JCNV1","A1JWKT0IS06YKL","3A3KKYU7P33Z3BR9PPFZ5194ZCQMWU","","null","<img src=""img/land3.png"" style=""width:200px; border:14px solid green;"">","null","","","","","","","",""
"","image-keyboard-response","334","152863","0.0-498.0","3WMOAN2SRCJUSOAY2IU5LXBE2JCNV1","A1JWKT0IS06YKL","3A3KKYU7P33Z3BR9PPFZ5194ZCQMWU","","545.7000000029802","img/land5.png","75","546.9000000059605","2","1","false","2","1,1,0,0,1,1,1,0,1","",""
"","html-keyboard-response","335","153168","0.0-499.0","3WMOAN2SRCJUSOAY2IU5LXBE2JCNV1","A1JWKT0IS06YKL","3A3KKYU7P33Z3BR9PPFZ5194ZCQMWU","","null","<img src=""img/land5.png"" style=""width:200px; border:14px solid green;"">","null","","","","","","","",""
"","image-keyboard-response","336","153675","0.0-501.0","3WMOAN2SRCJUSOAY2IU5LXBE2JCNV1","A1JWKT0IS06YKL","3A3KKYU7P33Z3BR9PPFZ5194ZCQMWU","","504.59999999403954","img/land6.png","74","505.70000000298023","1","1","false","3","1,1,0,0,1,1,1,0,1","",""
"","html-keyboard-response","337","153987","0.0-502.0","3WMOAN2SRCJUSOAY2IU5LXBE2JCNV1","A1JWKT0IS06YKL","3A3KKYU7P33Z3BR9PPFZ5194ZCQMWU","","null","<img src=""img/land6.png"" style=""width:200px; border:14px solid green;"">","null","","","","","","","",""
"","image-keyboard-response","338","154527","0.0-504.0","3WMOAN2SRCJUSOAY2IU5LXBE2JCNV1","A1JWKT0IS06YKL","3A3KKYU7P33Z3BR9PPFZ5194ZCQMWU","","538.6999999880791","img/land6.png","74","539.6000000089407","1","1","false","3","1,1,0,0,1,1,1,0,1","",""
"","html-keyboard-response","339","154835","0.0-505.0","3WMOAN2SRCJUSOAY2IU5LXBE2JCNV1","A1JWKT0IS06YKL","3A3KKYU7P33Z3BR9PPFZ5194ZCQMWU","","null","<img src=""img/land6.png"" style=""width:200px; border:14px solid green;"">","null","","","","","","","",""
"","image-keyboard-response","340","155559","0.0-507.0","3WMOAN2SRCJUSOAY2IU5LXBE2JCNV1","A1JWKT0IS06YKL","3A3KKYU7P33Z3BR9PPFZ5194ZCQMWU","","722.3999999910593","img/land5.png","75","723.4000000059605","2","1","false","2","1,1,0,0,1,1,1,0,1","",""
"","html-keyboard-response","341","155868","0.0-508.0","3WMOAN2SRCJUSOAY2IU5LXBE2JCNV1","A1JWKT0IS06YKL","3A3KKYU7P33Z3BR9PPFZ5194ZCQMWU","","null","<img src=""img/land5.png"" style=""width:200px; border:14px solid green;"">","null","","","","","","","",""
"","image-keyboard-response","342","156317","0.0-510.0","3WMOAN2SRCJUSOAY2IU5LXBE2JCNV1","A1JWKT0IS06YKL","3A3KKYU7P33Z3BR9PPFZ5194ZCQMWU","","447.5","img/land6.png","74","448.3999999910593","1","1","false","3","1,1,0,0,1,1,1,0,1","",""
"","html-keyboard-response","343","156628","0.0-511.0","3WMOAN2SRCJUSOAY2IU5LXBE2JCNV1","A1JWKT0IS06YKL","3A3KKYU7P33Z3BR9PPFZ5194ZCQMWU","","null","<img src=""img/land6.png"" style=""width:200px; border:14px solid green;"">","null","","","","","","","",""
"","image-keyboard-response","344","157118","0.0-513.0","3WMOAN2SRCJUSOAY2IU5LXBE2JCNV1","A1JWKT0IS06YKL","3A3KKYU7P33Z3BR9PPFZ5194ZCQMWU","","488.20000000298023","img/land5.png","74","489.09999999403954","1","0","false","2","1,1,0,0,1,1,1,0,1","",""
"","html-keyboard-response","345","157429","0.0-514.0","3WMOAN2SRCJUSOAY2IU5LXBE2JCNV1","A1JWKT0IS06YKL","3A3KKYU7P33Z3BR9PPFZ5194ZCQMWU","","null","<img src=""img/land5.png"" style=""width:200px;border:14px solid red;"">","null","","","","","","","",""
"","image-keyboard-response","346","157923","0.0-516.0","3WMOAN2SRCJUSOAY2IU5LXBE2JCNV1","A1JWKT0IS06YKL","3A3KKYU7P33Z3BR9PPFZ5194ZCQMWU","","491.8999999910593","img/land3.png","75","493","2","1","false","1","1,1,0,0,1,1,1,0,1","",""
"","html-keyboard-response","347","158235","0.0-517.0","3WMOAN2SRCJUSOAY2IU5LXBE2JCNV1","A1JWKT0IS06YKL","3A3KKYU7P33Z3BR9PPFZ5194ZCQMWU","","null","<img src=""img/land3.png"" style=""width:200px; border:14px solid green;"">","null","","","","","","","",""
"","image-keyboard-response","348","158448","0.0-519.0","3WMOAN2SRCJUSOAY2IU5LXBE2JCNV1","A1JWKT0IS06YKL","3A3KKYU7P33Z3BR9PPFZ5194ZCQMWU","","212.09999999403954","img/land6.png","75","212.8999999910593","2","0","false","3","1,1,0,0,1,1,1,0,1","",""
"","html-keyboard-response","349","158753","0.0-520.0","3WMOAN2SRCJUSOAY2IU5LXBE2JCNV1","A1JWKT0IS06YKL","3A3KKYU7P33Z3BR9PPFZ5194ZCQMWU","","null","<img src=""img/land6.png"" style=""width:200px;border:14px solid red;"">","null","","","","","","","",""
"","image-keyboard-response","350","158973","0.0-522.0","3WMOAN2SRCJUSOAY2IU5LXBE2JCNV1","A1JWKT0IS06YKL","3A3KKYU7P33Z3BR9PPFZ5194ZCQMWU","","219.20000000298023","img/land5.png","74","220.20000000298023","1","0","false","2","1,1,0,0,1,1,1,0,1","",""
"","html-keyboard-response","351","159280","0.0-523.0","3WMOAN2SRCJUSOAY2IU5LXBE2JCNV1","A1JWKT0IS06YKL","3A3KKYU7P33Z3BR9PPFZ5194ZCQMWU","","null","<img src=""img/land5.png"" style=""width:200px;border:14px solid red;"">","null","","","","","","","",""
"","image-keyboard-response","352","159774","0.0-525.0","3WMOAN2SRCJUSOAY2IU5LXBE2JCNV1","A1JWKT0IS06YKL","3A3KKYU7P33Z3BR9PPFZ5194ZCQMWU","","492.40000000596046","img/land5.png","76","493.5","3","1","false","2","1,1,0,0,1,1,1,0,1","",""
"","html-keyboard-response","353","160082","0.0-526.0","3WMOAN2SRCJUSOAY2IU5LXBE2JCNV1","A1JWKT0IS06YKL","3A3KKYU7P33Z3BR9PPFZ5194ZCQMWU","","null","<img src=""img/land5.png"" style=""width:200px; border:14px solid green;"">","null","","","","","","","",""
"","image-keyboard-response","354","160229","0.0-528.0","3WMOAN2SRCJUSOAY2IU5LXBE2JCNV1","A1JWKT0IS06YKL","3A3KKYU7P33Z3BR9PPFZ5194ZCQMWU","","146.29999999701977","img/land3.png","76","147","3","0","false","1","1,1,0,0,1,1,1,0,1","",""
"","html-keyboard-response","355","160538","0.0-529.0","3WMOAN2SRCJUSOAY2IU5LXBE2JCNV1","A1JWKT0IS06YKL","3A3KKYU7P33Z3BR9PPFZ5194ZCQMWU","","null","<img src=""img/land3.png"" style=""width:200px;border:14px solid red;"">","null","","","","","","","",""
"","image-keyboard-response","356","160640","0.0-531.0","3WMOAN2SRCJUSOAY2IU5LXBE2JCNV1","A1JWKT0IS06YKL","3A3KKYU7P33Z3BR9PPFZ5194ZCQMWU","","100.70000000298023","img/land3.png","74","101.6000000089407","1","1","false","1","1,1,0,0,1,1,1,0,1","",""
"","html-keyboard-response","357","160949","0.0-532.0","3WMOAN2SRCJUSOAY2IU5LXBE2JCNV1","A1JWKT0IS06YKL","3A3KKYU7P33Z3BR9PPFZ5194ZCQMWU","","null","<img src=""img/land3.png"" style=""width:200px; border:14px solid green;"">","null","","","","","","","",""
"","image-keyboard-response","358","161022","0.0-534.0","3WMOAN2SRCJUSOAY2IU5LXBE2JCNV1","A1JWKT0IS06YKL","3A3KKYU7P33Z3BR9PPFZ5194ZCQMWU","","72.1000000089407","img/land3.png","74","72.8999999910593","1","1","false","1","1,1,0,0,1,1,1,0,1","",""
"","html-keyboard-response","359","161330","0.0-535.0","3WMOAN2SRCJUSOAY2IU5LXBE2JCNV1","A1JWKT0IS06YKL","3A3KKYU7P33Z3BR9PPFZ5194ZCQMWU","","null","<img src=""img/land3.png"" style=""width:200px; border:14px solid green;"">","null","","","","","","","",""
"","image-keyboard-response","360","161552","0.0-537.0","3WMOAN2SRCJUSOAY2IU5LXBE2JCNV1","A1JWKT0IS06YKL","3A3KKYU7P33Z3BR9PPFZ5194ZCQMWU","","220.3999999910593","img/land5.png","74","221.29999999701977","1","0","false","2","1,1,0,0,1,1,1,0,1","",""
"","html-keyboard-response","361","161858","0.0-538.0","3WMOAN2SRCJUSOAY2IU5LXBE2JCNV1","A1JWKT0IS06YKL","3A3KKYU7P33Z3BR9PPFZ5194ZCQMWU","","null","<img src=""img/land5.png"" style=""width:200px;border:14px solid red;"">","null","","","","","","","",""
"","image-keyboard-response","362","162031","0.0-540.0","3WMOAN2SRCJUSOAY2IU5LXBE2JCNV1","A1JWKT0IS06YKL","3A3KKYU7P33Z3BR9PPFZ5194ZCQMWU","","171.70000000298023","img/land3.png","75","172.70000000298023","2","1","false","1","1,1,0,0,1,1,1,0,1","",""
"","html-keyboard-response","363","162337","0.0-541.0","3WMOAN2SRCJUSOAY2IU5LXBE2JCNV1","A1JWKT0IS06YKL","3A3KKYU7P33Z3BR9PPFZ5194ZCQMWU","","null","<img src=""img/land3.png"" style=""width:200px; border:14px solid green;"">","null","","","","","","","",""
"","instructions","364","165339","0.0-543.0","3WMOAN2SRCJUSOAY2IU5LXBE2JCNV1","A1JWKT0IS06YKL","3A3KKYU7P33Z3BR9PPFZ5194ZCQMWU","[{""page_index"":0,""viewing_time"":3000.9000000059605}]","3001.1000000089407","","","","","","","","","",""
"","survey-text","365","169538","0.0-544.0-0.0","3WMOAN2SRCJUSOAY2IU5LXBE2JCNV1","A1JWKT0IS06YKL","3A3KKYU7P33Z3BR9PPFZ5194ZCQMWU","","4195.800000011921","","","","","","","","","{""Q0"":""37""}",""
"","survey-multi-choice","366","172207","0.0-544.0-1.0","3WMOAN2SRCJUSOAY2IU5LXBE2JCNV1","A1JWKT0IS06YKL","3A3KKYU7P33Z3BR9PPFZ5194ZCQMWU","","2666.3999999910593","","","","","","","","","{""gender"":""F""}","[0]"
"","survey-text","367","179458","0.0-545.0","3WMOAN2SRCJUSOAY2IU5LXBE2JCNV1","A1JWKT0IS06YKL","3A3KKYU7P33Z3BR9PPFZ5194ZCQMWU","","7246.4000000059605","","","","","","","","","{""Q0"":""A1JWKT0IS06YKL""}",""
