"success","trial_type","trial_index","time_elapsed","internal_node_id","assignmentID","mturkID","hitID","view_history","rt","stimulus","key_press","reactionTime","a","r","s","reward_cond","responses","question_order"
"true","fullscreen","0","2841","0.0-0.0","3K5TEWLKGWX2ENZ752HDGPFXIFOIVE","A2E0LU8V4EUX5C","3VJ4PFXFJ3TL96TFXMATEMT7KJHUAI","","","","","","","","","","",""
"","instructions","1","8310","0.0-1.0","3K5TEWLKGWX2ENZ752HDGPFXIFOIVE","A2E0LU8V4EUX5C","3VJ4PFXFJ3TL96TFXMATEMT7KJHUAI","[{""page_index"":0,""viewing_time"":1113.5999999996275},{""page_index"":1,""viewing_time"":648.4000000003725},{""page_index"":2,""viewing_time"":368.3999999994412},{""page_index"":3,""viewing_time"":1103.7000000001863},{""page_index"":4,""viewing_time"":896.4000000003725},{""page_index"":5,""viewing_time"":727.5999999996275},{""page_index"":6,""viewing_time"":608.2000000001863}]","5467","","","","","","","","",""
"","image-keyboard-response","2","9147","0.0-2.0","3K5TEWLKGWX2ENZ752HDGPFXIFOIVE","A2E0LU8V4EUX5C","3VJ4PFXFJ3TL96TFXMATEMT7KJHUAI","","835.0999999996275","img/land1.png","74","836.5999999996275","1","1","1","1,0.7,0.7,0.7,1,0.7,0.7,0.7,1","",""
"","html-keyboard-response","3","9462","0.0-3.0","3K5TEWLKGWX2ENZ752HDGPFXIFOIVE","A2E0LU8V4EUX5C","3VJ4PFXFJ3TL96TFXMATEMT7KJHUAI","","null","<img src=""img/land1.png"" style=""width:200px; border:14px solid green;"">","null","","","","","","",""
"","image-keyboard-response","4","10128","0.0-4.0","3K5TEWLKGWX2ENZ752HDGPFXIFOIVE","A2E0LU8V4EUX5C","3VJ4PFXFJ3TL96TFXMATEMT7KJHUAI","","663.7999999998137","img/land2.png","75","664.6999999992549","2","1","2","1,0.7,0.7,0.7,1,0.7,0.7,0.7,1","",""
"","html-keyboard-response","5","10430","0.0-5.0","3K5TEWLKGWX2ENZ752HDGPFXIFOIVE","A2E0LU8V4EUX5C","3VJ4PFXFJ3TL96TFXMATEMT7KJHUAI","","null","<img src=""img/land2.png"" style=""width:200px; border:14px solid green;"">","null","","","","","","",""
"","image-keyboard-response","6","11088","0.0-6.0","3K5TEWLKGWX2ENZ752HDGPFXIFOIVE","A2E0LU8V4EUX5C","3VJ4PFXFJ3TL96TFXMATEMT7KJHUAI","","656.6000000005588","img/land3.png","76","657.6000000005588","3","1","3","1,0.7,0.7,0.7,1,0.7,0.7,0.7,1","",""
"","html-keyboard-response","7","11399","0.0-7.0","3K5TEWLKGWX2ENZ752HDGPFXIFOIVE","A2E0LU8V4EUX5C","3VJ4PFXFJ3TL96TFXMATEMT7KJHUAI","","null","<img src=""img/land3.png"" style=""width:200px; border:14px solid green;"">","null","","","","","","",""
"","image-keyboard-response","8","11863","0.0-8.0","3K5TEWLKGWX2ENZ752HDGPFXIFOIVE","A2E0LU8V4EUX5C","3VJ4PFXFJ3TL96TFXMATEMT7KJHUAI","","462.59999999962747","img/land3.png","76","463.5","3","1","3","1,0.7,0.7,0.7,1,0.7,0.7,0.7,1","",""
"","html-keyboard-response","9","12164","0.0-9.0","3K5TEWLKGWX2ENZ752HDGPFXIFOIVE","A2E0LU8V4EUX5C","3VJ4PFXFJ3TL96TFXMATEMT7KJHUAI","","null","<img src=""img/land3.png"" style=""width:200px; border:14px solid green;"">","null","","","","","","",""
"","image-keyboard-response","10","12670","0.0-10.0","3K5TEWLKGWX2ENZ752HDGPFXIFOIVE","A2E0LU8V4EUX5C","3VJ4PFXFJ3TL96TFXMATEMT7KJHUAI","","504.5","img/land2.png","75","505.29999999981374","2","1","2","1,0.7,0.7,0.7,1,0.7,0.7,0.7,1","",""
"","html-keyboard-response","11","12981","0.0-11.0","3K5TEWLKGWX2ENZ752HDGPFXIFOIVE","A2E0LU8V4EUX5C","3VJ4PFXFJ3TL96TFXMATEMT7KJHUAI","","null","<img src=""img/land2.png"" style=""width:200px; border:14px solid green;"">","null","","","","","","",""
"","image-keyboard-response","12","13593","0.0-12.0","3K5TEWLKGWX2ENZ752HDGPFXIFOIVE","A2E0LU8V4EUX5C","3VJ4PFXFJ3TL96TFXMATEMT7KJHUAI","","610","img/land2.png","75","611.2000000001863","2","1","2","1,0.7,0.7,0.7,1,0.7,0.7,0.7,1","",""
"","html-keyboard-response","13","13908","0.0-13.0","3K5TEWLKGWX2ENZ752HDGPFXIFOIVE","A2E0LU8V4EUX5C","3VJ4PFXFJ3TL96TFXMATEMT7KJHUAI","","null","<img src=""img/land2.png"" style=""width:200px; border:14px solid green;"">","null","","","","","","",""
"","image-keyboard-response","14","14500","0.0-14.0","3K5TEWLKGWX2ENZ752HDGPFXIFOIVE","A2E0LU8V4EUX5C","3VJ4PFXFJ3TL96TFXMATEMT7KJHUAI","","591.2000000001863","img/land3.png","76","592","3","1","3","1,0.7,0.7,0.7,1,0.7,0.7,0.7,1","",""
"","html-keyboard-response","15","14804","0.0-15.0","3K5TEWLKGWX2ENZ752HDGPFXIFOIVE","A2E0LU8V4EUX5C","3VJ4PFXFJ3TL96TFXMATEMT7KJHUAI","","null","<img src=""img/land3.png"" style=""width:200px; border:14px solid green;"">","null","","","","","","",""
"","image-keyboard-response","16","15302","0.0-16.0","3K5TEWLKGWX2ENZ752HDGPFXIFOIVE","A2E0LU8V4EUX5C","3VJ4PFXFJ3TL96TFXMATEMT7KJHUAI","","496.70000000018626","img/land2.png","75","497.79999999981374","2","1","2","1,0.7,0.7,0.7,1,0.7,0.7,0.7,1","",""
"","html-keyboard-response","17","15604","0.0-17.0","3K5TEWLKGWX2ENZ752HDGPFXIFOIVE","A2E0LU8V4EUX5C","3VJ4PFXFJ3TL96TFXMATEMT7KJHUAI","","null","<img src=""img/land2.png"" style=""width:200px; border:14px solid green;"">","null","","","","","","",""
"","image-keyboard-response","18","15893","0.0-18.0","3K5TEWLKGWX2ENZ752HDGPFXIFOIVE","A2E0LU8V4EUX5C","3VJ4PFXFJ3TL96TFXMATEMT7KJHUAI","","287.59999999962747","img/land2.png","75","288.69999999925494","2","1","2","1,0.7,0.7,0.7,1,0.7,0.7,0.7,1","",""
"","html-keyboard-response","19","16199","0.0-19.0","3K5TEWLKGWX2ENZ752HDGPFXIFOIVE","A2E0LU8V4EUX5C","3VJ4PFXFJ3TL96TFXMATEMT7KJHUAI","","null","<img src=""img/land2.png"" style=""width:200px; border:14px solid green;"">","null","","","","","","",""
"","image-keyboard-response","20","16666","0.0-20.0","3K5TEWLKGWX2ENZ752HDGPFXIFOIVE","A2E0LU8V4EUX5C","3VJ4PFXFJ3TL96TFXMATEMT7KJHUAI","","465.29999999981374","img/land3.png","76","466.59999999962747","3","1","3","1,0.7,0.7,0.7,1,0.7,0.7,0.7,1","",""
"","html-keyboard-response","21","16968","0.0-21.0","3K5TEWLKGWX2ENZ752HDGPFXIFOIVE","A2E0LU8V4EUX5C","3VJ4PFXFJ3TL96TFXMATEMT7KJHUAI","","null","<img src=""img/land3.png"" style=""width:200px; border:14px solid green;"">","null","","","","","","",""
"","image-keyboard-response","22","17527","0.0-22.0","3K5TEWLKGWX2ENZ752HDGPFXIFOIVE","A2E0LU8V4EUX5C","3VJ4PFXFJ3TL96TFXMATEMT7KJHUAI","","558.5","img/land1.png","74","559.2999999998137","1","1","1","1,0.7,0.7,0.7,1,0.7,0.7,0.7,1","",""
"","html-keyboard-response","23","17843","0.0-23.0","3K5TEWLKGWX2ENZ752HDGPFXIFOIVE","A2E0LU8V4EUX5C","3VJ4PFXFJ3TL96TFXMATEMT7KJHUAI","","null","<img src=""img/land1.png"" style=""width:200px; border:14px solid green;"">","null","","","","","","",""
"","image-keyboard-response","24","18459","0.0-24.0","3K5TEWLKGWX2ENZ752HDGPFXIFOIVE","A2E0LU8V4EUX5C","3VJ4PFXFJ3TL96TFXMATEMT7KJHUAI","","615.1000000005588","img/land2.png","75","616.2000000001863","2","1","2","1,0.7,0.7,0.7,1,0.7,0.7,0.7,1","",""
"","html-keyboard-response","25","18768","0.0-25.0","3K5TEWLKGWX2ENZ752HDGPFXIFOIVE","A2E0LU8V4EUX5C","3VJ4PFXFJ3TL96TFXMATEMT7KJHUAI","","null","<img src=""img/land2.png"" style=""width:200px; border:14px solid green;"">","null","","","","","","",""
"","image-keyboard-response","26","19076","0.0-26.0","3K5TEWLKGWX2ENZ752HDGPFXIFOIVE","A2E0LU8V4EUX5C","3VJ4PFXFJ3TL96TFXMATEMT7KJHUAI","","307.3999999994412","img/land2.png","75","308.59999999962747","2","1","2","1,0.7,0.7,0.7,1,0.7,0.7,0.7,1","",""
"","html-keyboard-response","27","19390","0.0-27.0","3K5TEWLKGWX2ENZ752HDGPFXIFOIVE","A2E0LU8V4EUX5C","3VJ4PFXFJ3TL96TFXMATEMT7KJHUAI","","null","<img src=""img/land2.png"" style=""width:200px; border:14px solid green;"">","null","","","","","","",""
"","image-keyboard-response","28","20124","0.0-28.0","3K5TEWLKGWX2ENZ752HDGPFXIFOIVE","A2E0LU8V4EUX5C","3VJ4PFXFJ3TL96TFXMATEMT7KJHUAI","","732.0999999996275","img/land1.png","74","733.2000000001863","1","1","1","1,0.7,0.7,0.7,1,0.7,0.7,0.7,1","",""
"","html-keyboard-response","29","20429","0.0-29.0","3K5TEWLKGWX2ENZ752HDGPFXIFOIVE","A2E0LU8V4EUX5C","3VJ4PFXFJ3TL96TFXMATEMT7KJHUAI","","null","<img src=""img/land1.png"" style=""width:200px; border:14px solid green;"">","null","","","","","","",""
"","image-keyboard-response","30","20761","0.0-30.0","3K5TEWLKGWX2ENZ752HDGPFXIFOIVE","A2E0LU8V4EUX5C","3VJ4PFXFJ3TL96TFXMATEMT7KJHUAI","","331.20000000018626","img/land1.png","74","332.20000000018626","1","1","1","1,0.7,0.7,0.7,1,0.7,0.7,0.7,1","",""
"","html-keyboard-response","31","21064","0.0-31.0","3K5TEWLKGWX2ENZ752HDGPFXIFOIVE","A2E0LU8V4EUX5C","3VJ4PFXFJ3TL96TFXMATEMT7KJHUAI","","null","<img src=""img/land1.png"" style=""width:200px; border:14px solid green;"">","null","","","","","","",""
"","image-keyboard-response","32","21385","0.0-32.0","3K5TEWLKGWX2ENZ752HDGPFXIFOIVE","A2E0LU8V4EUX5C","3VJ4PFXFJ3TL96TFXMATEMT7KJHUAI","","320","img/land1.png","74","320.70000000018626","1","1","1","1,0.7,0.7,0.7,1,0.7,0.7,0.7,1","",""
"","html-keyboard-response","33","21695","0.0-33.0","3K5TEWLKGWX2ENZ752HDGPFXIFOIVE","A2E0LU8V4EUX5C","3VJ4PFXFJ3TL96TFXMATEMT7KJHUAI","","null","<img src=""img/land1.png"" style=""width:200px; border:14px solid green;"">","null","","","","","","",""
"","image-keyboard-response","34","21993","0.0-34.0","3K5TEWLKGWX2ENZ752HDGPFXIFOIVE","A2E0LU8V4EUX5C","3VJ4PFXFJ3TL96TFXMATEMT7KJHUAI","","296.40000000037253","img/land1.png","74","297.59999999962747","1","1","1","1,0.7,0.7,0.7,1,0.7,0.7,0.7,1","",""
"","html-keyboard-response","35","22306","0.0-35.0","3K5TEWLKGWX2ENZ752HDGPFXIFOIVE","A2E0LU8V4EUX5C","3VJ4PFXFJ3TL96TFXMATEMT7KJHUAI","","null","<img src=""img/land1.png"" style=""width:200px; border:14px solid green;"">","null","","","","","","",""
"","image-keyboard-response","36","22589","0.0-36.0","3K5TEWLKGWX2ENZ752HDGPFXIFOIVE","A2E0LU8V4EUX5C","3VJ4PFXFJ3TL96TFXMATEMT7KJHUAI","","282.20000000018626","img/land1.png","74","283.20000000018626","1","1","1","1,0.7,0.7,0.7,1,0.7,0.7,0.7,1","",""
"","html-keyboard-response","37","22901","0.0-37.0","3K5TEWLKGWX2ENZ752HDGPFXIFOIVE","A2E0LU8V4EUX5C","3VJ4PFXFJ3TL96TFXMATEMT7KJHUAI","","null","<img src=""img/land1.png"" style=""width:200px; border:14px solid green;"">","null","","","","","","",""
"","image-keyboard-response","38","23583","0.0-38.0","3K5TEWLKGWX2ENZ752HDGPFXIFOIVE","A2E0LU8V4EUX5C","3VJ4PFXFJ3TL96TFXMATEMT7KJHUAI","","680.8000000007451","img/land3.png","76","681.7999999998137","3","1","3","1,0.7,0.7,0.7,1,0.7,0.7,0.7,1","",""
"","html-keyboard-response","39","23887","0.0-39.0","3K5TEWLKGWX2ENZ752HDGPFXIFOIVE","A2E0LU8V4EUX5C","3VJ4PFXFJ3TL96TFXMATEMT7KJHUAI","","null","<img src=""img/land3.png"" style=""width:200px; border:14px solid green;"">","null","","","","","","",""
"","image-keyboard-response","40","24154","0.0-40.0","3K5TEWLKGWX2ENZ752HDGPFXIFOIVE","A2E0LU8V4EUX5C","3VJ4PFXFJ3TL96TFXMATEMT7KJHUAI","","266.3999999994412","img/land3.png","76","267.30000000074506","3","1","3","1,0.7,0.7,0.7,1,0.7,0.7,0.7,1","",""
"","html-keyboard-response","41","24466","0.0-41.0","3K5TEWLKGWX2ENZ752HDGPFXIFOIVE","A2E0LU8V4EUX5C","3VJ4PFXFJ3TL96TFXMATEMT7KJHUAI","","null","<img src=""img/land3.png"" style=""width:200px; border:14px solid green;"">","null","","","","","","",""
"","image-keyboard-response","42","25039","0.0-42.0","3K5TEWLKGWX2ENZ752HDGPFXIFOIVE","A2E0LU8V4EUX5C","3VJ4PFXFJ3TL96TFXMATEMT7KJHUAI","","572.2999999998137","img/land1.png","75","573.2999999998137","2","1","1","1,0.7,0.7,0.7,1,0.7,0.7,0.7,1","",""
"","html-keyboard-response","43","25343","0.0-43.0","3K5TEWLKGWX2ENZ752HDGPFXIFOIVE","A2E0LU8V4EUX5C","3VJ4PFXFJ3TL96TFXMATEMT7KJHUAI","","null","<img src=""img/land1.png"" style=""width:200px; border:14px solid green;"">","null","","","","","","",""
"","image-keyboard-response","44","25554","0.0-44.0","3K5TEWLKGWX2ENZ752HDGPFXIFOIVE","A2E0LU8V4EUX5C","3VJ4PFXFJ3TL96TFXMATEMT7KJHUAI","","209.20000000018626","img/land1.png","74","210","1","1","1","1,0.7,0.7,0.7,1,0.7,0.7,0.7,1","",""
"","html-keyboard-response","45","25860","0.0-45.0","3K5TEWLKGWX2ENZ752HDGPFXIFOIVE","A2E0LU8V4EUX5C","3VJ4PFXFJ3TL96TFXMATEMT7KJHUAI","","null","<img src=""img/land1.png"" style=""width:200px; border:14px solid green;"">","null","","","","","","",""
"","image-keyboard-response","46","26102","0.0-46.0","3K5TEWLKGWX2ENZ752HDGPFXIFOIVE","A2E0LU8V4EUX5C","3VJ4PFXFJ3TL96TFXMATEMT7KJHUAI","","240.5","img/land1.png","74","241.59999999962747","1","1","1","1,0.7,0.7,0.7,1,0.7,0.7,0.7,1","",""
"","html-keyboard-response","47","26406","0.0-47.0","3K5TEWLKGWX2ENZ752HDGPFXIFOIVE","A2E0LU8V4EUX5C","3VJ4PFXFJ3TL96TFXMATEMT7KJHUAI","","null","<img src=""img/land1.png"" style=""width:200px; border:14px solid green;"">","null","","","","","","",""
"","image-keyboard-response","48","27118","0.0-48.0","3K5TEWLKGWX2ENZ752HDGPFXIFOIVE","A2E0LU8V4EUX5C","3VJ4PFXFJ3TL96TFXMATEMT7KJHUAI","","710.7000000001863","img/land3.png","76","711.5999999996275","3","1","3","1,0.7,0.7,0.7,1,0.7,0.7,0.7,1","",""
"","html-keyboard-response","49","27425","0.0-49.0","3K5TEWLKGWX2ENZ752HDGPFXIFOIVE","A2E0LU8V4EUX5C","3VJ4PFXFJ3TL96TFXMATEMT7KJHUAI","","null","<img src=""img/land3.png"" style=""width:200px; border:14px solid green;"">","null","","","","","","",""
"","image-keyboard-response","50","27634","0.0-50.0","3K5TEWLKGWX2ENZ752HDGPFXIFOIVE","A2E0LU8V4EUX5C","3VJ4PFXFJ3TL96TFXMATEMT7KJHUAI","","208","img/land2.png","76","209","3","0","2","1,0.7,0.7,0.7,1,0.7,0.7,0.7,1","",""
"","html-keyboard-response","51","27939","0.0-51.0","3K5TEWLKGWX2ENZ752HDGPFXIFOIVE","A2E0LU8V4EUX5C","3VJ4PFXFJ3TL96TFXMATEMT7KJHUAI","","null","<img src=""img/land2.png"" style=""width:200px;border:14px solid red;"">","null","","","","","","",""
"","image-keyboard-response","52","28050","0.0-52.0","3K5TEWLKGWX2ENZ752HDGPFXIFOIVE","A2E0LU8V4EUX5C","3VJ4PFXFJ3TL96TFXMATEMT7KJHUAI","","110.3999999994412","img/land2.png","75","111.30000000074506","2","1","2","1,0.7,0.7,0.7,1,0.7,0.7,0.7,1","",""
"","html-keyboard-response","53","28363","0.0-53.0","3K5TEWLKGWX2ENZ752HDGPFXIFOIVE","A2E0LU8V4EUX5C","3VJ4PFXFJ3TL96TFXMATEMT7KJHUAI","","null","<img src=""img/land2.png"" style=""width:200px; border:14px solid green;"">","null","","","","","","",""
"","image-keyboard-response","54","28591","0.0-54.0","3K5TEWLKGWX2ENZ752HDGPFXIFOIVE","A2E0LU8V4EUX5C","3VJ4PFXFJ3TL96TFXMATEMT7KJHUAI","","227.40000000037253","img/land2.png","75","228.20000000018626","2","1","2","1,0.7,0.7,0.7,1,0.7,0.7,0.7,1","",""
"","html-keyboard-response","55","28896","0.0-55.0","3K5TEWLKGWX2ENZ752HDGPFXIFOIVE","A2E0LU8V4EUX5C","3VJ4PFXFJ3TL96TFXMATEMT7KJHUAI","","null","<img src=""img/land2.png"" style=""width:200px; border:14px solid green;"">","null","","","","","","",""
"","image-keyboard-response","56","29204","0.0-56.0","3K5TEWLKGWX2ENZ752HDGPFXIFOIVE","A2E0LU8V4EUX5C","3VJ4PFXFJ3TL96TFXMATEMT7KJHUAI","","307.5","img/land2.png","75","308.20000000018626","2","1","2","1,0.7,0.7,0.7,1,0.7,0.7,0.7,1","",""
"","html-keyboard-response","57","29518","0.0-57.0","3K5TEWLKGWX2ENZ752HDGPFXIFOIVE","A2E0LU8V4EUX5C","3VJ4PFXFJ3TL96TFXMATEMT7KJHUAI","","null","<img src=""img/land2.png"" style=""width:200px; border:14px solid green;"">","null","","","","","","",""
"","image-keyboard-response","58","29723","0.0-58.0","3K5TEWLKGWX2ENZ752HDGPFXIFOIVE","A2E0LU8V4EUX5C","3VJ4PFXFJ3TL96TFXMATEMT7KJHUAI","","203.80000000074506","img/land1.png","75","204.79999999981374","2","1","1","1,0.7,0.7,0.7,1,0.7,0.7,0.7,1","",""
"","html-keyboard-response","59","30025","0.0-59.0","3K5TEWLKGWX2ENZ752HDGPFXIFOIVE","A2E0LU8V4EUX5C","3VJ4PFXFJ3TL96TFXMATEMT7KJHUAI","","null","<img src=""img/land1.png"" style=""width:200px; border:14px solid green;"">","null","","","","","","",""
"","image-keyboard-response","60","30195","0.0-60.0","3K5TEWLKGWX2ENZ752HDGPFXIFOIVE","A2E0LU8V4EUX5C","3VJ4PFXFJ3TL96TFXMATEMT7KJHUAI","","168.30000000074506","img/land3.png","74","169.59999999962747","1","0","3","1,0.7,0.7,0.7,1,0.7,0.7,0.7,1","",""
"","html-keyboard-response","61","30496","0.0-61.0","3K5TEWLKGWX2ENZ752HDGPFXIFOIVE","A2E0LU8V4EUX5C","3VJ4PFXFJ3TL96TFXMATEMT7KJHUAI","","null","<img src=""img/land3.png"" style=""width:200px;border:14px solid red;"">","null","","","","","","",""
"","image-keyboard-response","62","31028","0.0-62.0","3K5TEWLKGWX2ENZ752HDGPFXIFOIVE","A2E0LU8V4EUX5C","3VJ4PFXFJ3TL96TFXMATEMT7KJHUAI","","529.8999999994412","img/land1.png","74","531","1","1","1","1,0.7,0.7,0.7,1,0.7,0.7,0.7,1","",""
"","html-keyboard-response","63","31331","0.0-63.0","3K5TEWLKGWX2ENZ752HDGPFXIFOIVE","A2E0LU8V4EUX5C","3VJ4PFXFJ3TL96TFXMATEMT7KJHUAI","","null","<img src=""img/land1.png"" style=""width:200px; border:14px solid green;"">","null","","","","","","",""
"","image-keyboard-response","64","31556","0.0-64.0","3K5TEWLKGWX2ENZ752HDGPFXIFOIVE","A2E0LU8V4EUX5C","3VJ4PFXFJ3TL96TFXMATEMT7KJHUAI","","224.5","img/land2.png","74","225.30000000074506","1","1","2","1,0.7,0.7,0.7,1,0.7,0.7,0.7,1","",""
"","html-keyboard-response","65","31859","0.0-65.0","3K5TEWLKGWX2ENZ752HDGPFXIFOIVE","A2E0LU8V4EUX5C","3VJ4PFXFJ3TL96TFXMATEMT7KJHUAI","","null","<img src=""img/land2.png"" style=""width:200px; border:14px solid green;"">","null","","","","","","",""
"","image-keyboard-response","66","32196","0.0-66.0","3K5TEWLKGWX2ENZ752HDGPFXIFOIVE","A2E0LU8V4EUX5C","3VJ4PFXFJ3TL96TFXMATEMT7KJHUAI","","336.5","img/land2.png","74","337.40000000037253","1","0","2","1,0.7,0.7,0.7,1,0.7,0.7,0.7,1","",""
"","html-keyboard-response","67","32499","0.0-67.0","3K5TEWLKGWX2ENZ752HDGPFXIFOIVE","A2E0LU8V4EUX5C","3VJ4PFXFJ3TL96TFXMATEMT7KJHUAI","","null","<img src=""img/land2.png"" style=""width:200px;border:14px solid red;"">","null","","","","","","",""
"","image-keyboard-response","68","32751","0.0-68.0","3K5TEWLKGWX2ENZ752HDGPFXIFOIVE","A2E0LU8V4EUX5C","3VJ4PFXFJ3TL96TFXMATEMT7KJHUAI","","251.20000000018626","img/land2.png","75","252","2","1","2","1,0.7,0.7,0.7,1,0.7,0.7,0.7,1","",""
"","html-keyboard-response","69","33054","0.0-69.0","3K5TEWLKGWX2ENZ752HDGPFXIFOIVE","A2E0LU8V4EUX5C","3VJ4PFXFJ3TL96TFXMATEMT7KJHUAI","","null","<img src=""img/land2.png"" style=""width:200px; border:14px solid green;"">","null","","","","","","",""
"","image-keyboard-response","70","33264","0.0-70.0","3K5TEWLKGWX2ENZ752HDGPFXIFOIVE","A2E0LU8V4EUX5C","3VJ4PFXFJ3TL96TFXMATEMT7KJHUAI","","209","img/land1.png","75","210","2","1","1","1,0.7,0.7,0.7,1,0.7,0.7,0.7,1","",""
"","html-keyboard-response","71","33566","0.0-71.0","3K5TEWLKGWX2ENZ752HDGPFXIFOIVE","A2E0LU8V4EUX5C","3VJ4PFXFJ3TL96TFXMATEMT7KJHUAI","","null","<img src=""img/land1.png"" style=""width:200px; border:14px solid green;"">","null","","","","","","",""
"","image-keyboard-response","72","34053","0.0-72.0","3K5TEWLKGWX2ENZ752HDGPFXIFOIVE","A2E0LU8V4EUX5C","3VJ4PFXFJ3TL96TFXMATEMT7KJHUAI","","485.79999999981374","img/land2.png","74","486.79999999981374","1","1","2","1,0.7,0.7,0.7,1,0.7,0.7,0.7,1","",""
"","html-keyboard-response","73","34356","0.0-73.0","3K5TEWLKGWX2ENZ752HDGPFXIFOIVE","A2E0LU8V4EUX5C","3VJ4PFXFJ3TL96TFXMATEMT7KJHUAI","","null","<img src=""img/land2.png"" style=""width:200px; border:14px solid green;"">","null","","","","","","",""
"","image-keyboard-response","74","34612","0.0-74.0","3K5TEWLKGWX2ENZ752HDGPFXIFOIVE","A2E0LU8V4EUX5C","3VJ4PFXFJ3TL96TFXMATEMT7KJHUAI","","255.09999999962747","img/land2.png","75","256.1000000005588","2","1","2","1,0.7,0.7,0.7,1,0.7,0.7,0.7,1","",""
"","html-keyboard-response","75","34918","0.0-75.0","3K5TEWLKGWX2ENZ752HDGPFXIFOIVE","A2E0LU8V4EUX5C","3VJ4PFXFJ3TL96TFXMATEMT7KJHUAI","","null","<img src=""img/land2.png"" style=""width:200px; border:14px solid green;"">","null","","","","","","",""
"","image-keyboard-response","76","35630","0.0-76.0","3K5TEWLKGWX2ENZ752HDGPFXIFOIVE","A2E0LU8V4EUX5C","3VJ4PFXFJ3TL96TFXMATEMT7KJHUAI","","711.4000000003725","img/land3.png","76","712.2999999998137","3","1","3","1,0.7,0.7,0.7,1,0.7,0.7,0.7,1","",""
"","html-keyboard-response","77","35935","0.0-77.0","3K5TEWLKGWX2ENZ752HDGPFXIFOIVE","A2E0LU8V4EUX5C","3VJ4PFXFJ3TL96TFXMATEMT7KJHUAI","","null","<img src=""img/land3.png"" style=""width:200px; border:14px solid green;"">","null","","","","","","",""
"","image-keyboard-response","78","36593","0.0-78.0","3K5TEWLKGWX2ENZ752HDGPFXIFOIVE","A2E0LU8V4EUX5C","3VJ4PFXFJ3TL96TFXMATEMT7KJHUAI","","657","img/land2.png","75","658","2","1","2","1,0.7,0.7,0.7,1,0.7,0.7,0.7,1","",""
"","html-keyboard-response","79","36895","0.0-79.0","3K5TEWLKGWX2ENZ752HDGPFXIFOIVE","A2E0LU8V4EUX5C","3VJ4PFXFJ3TL96TFXMATEMT7KJHUAI","","null","<img src=""img/land2.png"" style=""width:200px; border:14px solid green;"">","null","","","","","","",""
"","image-keyboard-response","80","37462","0.0-80.0","3K5TEWLKGWX2ENZ752HDGPFXIFOIVE","A2E0LU8V4EUX5C","3VJ4PFXFJ3TL96TFXMATEMT7KJHUAI","","566.2000000001863","img/land1.png","76","567.2999999998137","3","1","1","1,0.7,0.7,0.7,1,0.7,0.7,0.7,1","",""
"","html-keyboard-response","81","37765","0.0-81.0","3K5TEWLKGWX2ENZ752HDGPFXIFOIVE","A2E0LU8V4EUX5C","3VJ4PFXFJ3TL96TFXMATEMT7KJHUAI","","null","<img src=""img/land1.png"" style=""width:200px; border:14px solid green;"">","null","","","","","","",""
"","image-keyboard-response","82","38017","0.0-82.0","3K5TEWLKGWX2ENZ752HDGPFXIFOIVE","A2E0LU8V4EUX5C","3VJ4PFXFJ3TL96TFXMATEMT7KJHUAI","","249.79999999981374","img/land3.png","74","251.1000000005588","1","0","3","1,0.7,0.7,0.7,1,0.7,0.7,0.7,1","",""
"","html-keyboard-response","83","38319","0.0-83.0","3K5TEWLKGWX2ENZ752HDGPFXIFOIVE","A2E0LU8V4EUX5C","3VJ4PFXFJ3TL96TFXMATEMT7KJHUAI","","null","<img src=""img/land3.png"" style=""width:200px;border:14px solid red;"">","null","","","","","","",""
"","image-keyboard-response","84","38940","0.0-84.0","3K5TEWLKGWX2ENZ752HDGPFXIFOIVE","A2E0LU8V4EUX5C","3VJ4PFXFJ3TL96TFXMATEMT7KJHUAI","","619.2999999998137","img/land3.png","75","620.2999999998137","2","1","3","1,0.7,0.7,0.7,1,0.7,0.7,0.7,1","",""
"","html-keyboard-response","85","39242","0.0-85.0","3K5TEWLKGWX2ENZ752HDGPFXIFOIVE","A2E0LU8V4EUX5C","3VJ4PFXFJ3TL96TFXMATEMT7KJHUAI","","null","<img src=""img/land3.png"" style=""width:200px; border:14px solid green;"">","null","","","","","","",""
"","image-keyboard-response","86","39950","0.0-86.0","3K5TEWLKGWX2ENZ752HDGPFXIFOIVE","A2E0LU8V4EUX5C","3VJ4PFXFJ3TL96TFXMATEMT7KJHUAI","","707.7000000001863","img/land1.png","74","708.4000000003725","1","1","1","1,0.7,0.7,0.7,1,0.7,0.7,0.7,1","",""
"","html-keyboard-response","87","40257","0.0-87.0","3K5TEWLKGWX2ENZ752HDGPFXIFOIVE","A2E0LU8V4EUX5C","3VJ4PFXFJ3TL96TFXMATEMT7KJHUAI","","null","<img src=""img/land1.png"" style=""width:200px; border:14px solid green;"">","null","","","","","","",""
"","image-keyboard-response","88","40812","0.0-88.0","3K5TEWLKGWX2ENZ752HDGPFXIFOIVE","A2E0LU8V4EUX5C","3VJ4PFXFJ3TL96TFXMATEMT7KJHUAI","","554.5","img/land2.png","75","555.5","2","1","2","1,0.7,0.7,0.7,1,0.7,0.7,0.7,1","",""
"","html-keyboard-response","89","41114","0.0-89.0","3K5TEWLKGWX2ENZ752HDGPFXIFOIVE","A2E0LU8V4EUX5C","3VJ4PFXFJ3TL96TFXMATEMT7KJHUAI","","null","<img src=""img/land2.png"" style=""width:200px; border:14px solid green;"">","null","","","","","","",""
"","image-keyboard-response","90","41799","0.0-90.0","3K5TEWLKGWX2ENZ752HDGPFXIFOIVE","A2E0LU8V4EUX5C","3VJ4PFXFJ3TL96TFXMATEMT7KJHUAI","","684.4000000003725","img/land3.png","76","685.2000000001863","3","1","3","1,0.7,0.7,0.7,1,0.7,0.7,0.7,1","",""
"","html-keyboard-response","91","42101","0.0-91.0","3K5TEWLKGWX2ENZ752HDGPFXIFOIVE","A2E0LU8V4EUX5C","3VJ4PFXFJ3TL96TFXMATEMT7KJHUAI","","null","<img src=""img/land3.png"" style=""width:200px; border:14px solid green;"">","null","","","","","","",""
"","image-keyboard-response","92","42602","0.0-92.0","3K5TEWLKGWX2ENZ752HDGPFXIFOIVE","A2E0LU8V4EUX5C","3VJ4PFXFJ3TL96TFXMATEMT7KJHUAI","","499.70000000018626","img/land2.png","75","500.59999999962747","2","1","2","1,0.7,0.7,0.7,1,0.7,0.7,0.7,1","",""
"","html-keyboard-response","93","42904","0.0-93.0","3K5TEWLKGWX2ENZ752HDGPFXIFOIVE","A2E0LU8V4EUX5C","3VJ4PFXFJ3TL96TFXMATEMT7KJHUAI","","null","<img src=""img/land2.png"" style=""width:200px; border:14px solid green;"">","null","","","","","","",""
"","image-keyboard-response","94","43726","0.0-94.0","3K5TEWLKGWX2ENZ752HDGPFXIFOIVE","A2E0LU8V4EUX5C","3VJ4PFXFJ3TL96TFXMATEMT7KJHUAI","","821","img/land3.png","74","821.8999999994412","1","1","3","1,0.7,0.7,0.7,1,0.7,0.7,0.7,1","",""
"","html-keyboard-response","95","44028","0.0-95.0","3K5TEWLKGWX2ENZ752HDGPFXIFOIVE","A2E0LU8V4EUX5C","3VJ4PFXFJ3TL96TFXMATEMT7KJHUAI","","null","<img src=""img/land3.png"" style=""width:200px; border:14px solid green;"">","null","","","","","","",""
"","image-keyboard-response","96","44335","0.0-96.0","3K5TEWLKGWX2ENZ752HDGPFXIFOIVE","A2E0LU8V4EUX5C","3VJ4PFXFJ3TL96TFXMATEMT7KJHUAI","","305.30000000074506","img/land3.png","74","306.29999999981374","1","0","3","1,0.7,0.7,0.7,1,0.7,0.7,0.7,1","",""
"","html-keyboard-response","97","44636","0.0-97.0","3K5TEWLKGWX2ENZ752HDGPFXIFOIVE","A2E0LU8V4EUX5C","3VJ4PFXFJ3TL96TFXMATEMT7KJHUAI","","null","<img src=""img/land3.png"" style=""width:200px;border:14px solid red;"">","null","","","","","","",""
"","image-keyboard-response","98","44991","0.0-98.0","3K5TEWLKGWX2ENZ752HDGPFXIFOIVE","A2E0LU8V4EUX5C","3VJ4PFXFJ3TL96TFXMATEMT7KJHUAI","","353.40000000037253","img/land1.png","76","354.5","3","1","1","1,0.7,0.7,0.7,1,0.7,0.7,0.7,1","",""
"","html-keyboard-response","99","45294","0.0-99.0","3K5TEWLKGWX2ENZ752HDGPFXIFOIVE","A2E0LU8V4EUX5C","3VJ4PFXFJ3TL96TFXMATEMT7KJHUAI","","null","<img src=""img/land1.png"" style=""width:200px; border:14px solid green;"">","null","","","","","","",""
"","image-keyboard-response","100","45537","0.0-100.0","3K5TEWLKGWX2ENZ752HDGPFXIFOIVE","A2E0LU8V4EUX5C","3VJ4PFXFJ3TL96TFXMATEMT7KJHUAI","","242.29999999981374","img/land1.png","74","243.09999999962747","1","1","1","1,0.7,0.7,0.7,1,0.7,0.7,0.7,1","",""
"","html-keyboard-response","101","45839","0.0-101.0","3K5TEWLKGWX2ENZ752HDGPFXIFOIVE","A2E0LU8V4EUX5C","3VJ4PFXFJ3TL96TFXMATEMT7KJHUAI","","null","<img src=""img/land1.png"" style=""width:200px; border:14px solid green;"">","null","","","","","","",""
"","image-keyboard-response","102","46124","0.0-102.0","3K5TEWLKGWX2ENZ752HDGPFXIFOIVE","A2E0LU8V4EUX5C","3VJ4PFXFJ3TL96TFXMATEMT7KJHUAI","","284","img/land1.png","74","284.80000000074506","1","1","1","1,0.7,0.7,0.7,1,0.7,0.7,0.7,1","",""
"","html-keyboard-response","103","46426","0.0-103.0","3K5TEWLKGWX2ENZ752HDGPFXIFOIVE","A2E0LU8V4EUX5C","3VJ4PFXFJ3TL96TFXMATEMT7KJHUAI","","null","<img src=""img/land1.png"" style=""width:200px; border:14px solid green;"">","null","","","","","","",""
"","image-keyboard-response","104","46937","0.0-104.0","3K5TEWLKGWX2ENZ752HDGPFXIFOIVE","A2E0LU8V4EUX5C","3VJ4PFXFJ3TL96TFXMATEMT7KJHUAI","","509.59999999962747","img/land3.png","75","510.40000000037253","2","0","3","1,0.7,0.7,0.7,1,0.7,0.7,0.7,1","",""
"","html-keyboard-response","105","47240","0.0-105.0","3K5TEWLKGWX2ENZ752HDGPFXIFOIVE","A2E0LU8V4EUX5C","3VJ4PFXFJ3TL96TFXMATEMT7KJHUAI","","null","<img src=""img/land3.png"" style=""width:200px;border:14px solid red;"">","null","","","","","","",""
"","image-keyboard-response","106","47383","0.0-106.0","3K5TEWLKGWX2ENZ752HDGPFXIFOIVE","A2E0LU8V4EUX5C","3VJ4PFXFJ3TL96TFXMATEMT7KJHUAI","","142.30000000074506","img/land3.png","76","143.5","3","1","3","1,0.7,0.7,0.7,1,0.7,0.7,0.7,1","",""
"","html-keyboard-response","107","47685","0.0-107.0","3K5TEWLKGWX2ENZ752HDGPFXIFOIVE","A2E0LU8V4EUX5C","3VJ4PFXFJ3TL96TFXMATEMT7KJHUAI","","null","<img src=""img/land3.png"" style=""width:200px; border:14px solid green;"">","null","","","","","","",""
"","image-keyboard-response","108","47911","0.0-108.0","3K5TEWLKGWX2ENZ752HDGPFXIFOIVE","A2E0LU8V4EUX5C","3VJ4PFXFJ3TL96TFXMATEMT7KJHUAI","","224.19999999925494","img/land1.png","76","225.30000000074506","3","1","1","1,0.7,0.7,0.7,1,0.7,0.7,0.7,1","",""
"","html-keyboard-response","109","48213","0.0-109.0","3K5TEWLKGWX2ENZ752HDGPFXIFOIVE","A2E0LU8V4EUX5C","3VJ4PFXFJ3TL96TFXMATEMT7KJHUAI","","null","<img src=""img/land1.png"" style=""width:200px; border:14px solid green;"">","null","","","","","","",""
"","image-keyboard-response","110","48438","0.0-110.0","3K5TEWLKGWX2ENZ752HDGPFXIFOIVE","A2E0LU8V4EUX5C","3VJ4PFXFJ3TL96TFXMATEMT7KJHUAI","","223.29999999981374","img/land2.png","74","224.20000000018626","1","1","2","1,0.7,0.7,0.7,1,0.7,0.7,0.7,1","",""
"","html-keyboard-response","111","48740","0.0-111.0","3K5TEWLKGWX2ENZ752HDGPFXIFOIVE","A2E0LU8V4EUX5C","3VJ4PFXFJ3TL96TFXMATEMT7KJHUAI","","null","<img src=""img/land2.png"" style=""width:200px; border:14px solid green;"">","null","","","","","","",""
"","image-keyboard-response","112","49089","0.0-112.0","3K5TEWLKGWX2ENZ752HDGPFXIFOIVE","A2E0LU8V4EUX5C","3VJ4PFXFJ3TL96TFXMATEMT7KJHUAI","","348","img/land3.png","75","348.90000000037253","2","1","3","1,0.7,0.7,0.7,1,0.7,0.7,0.7,1","",""
"","html-keyboard-response","113","49391","0.0-113.0","3K5TEWLKGWX2ENZ752HDGPFXIFOIVE","A2E0LU8V4EUX5C","3VJ4PFXFJ3TL96TFXMATEMT7KJHUAI","","null","<img src=""img/land3.png"" style=""width:200px; border:14px solid green;"">","null","","","","","","",""
"","image-keyboard-response","114","49719","0.0-114.0","3K5TEWLKGWX2ENZ752HDGPFXIFOIVE","A2E0LU8V4EUX5C","3VJ4PFXFJ3TL96TFXMATEMT7KJHUAI","","326.69999999925494","img/land3.png","75","327.40000000037253","2","1","3","1,0.7,0.7,0.7,1,0.7,0.7,0.7,1","",""
"","html-keyboard-response","115","50022","0.0-115.0","3K5TEWLKGWX2ENZ752HDGPFXIFOIVE","A2E0LU8V4EUX5C","3VJ4PFXFJ3TL96TFXMATEMT7KJHUAI","","null","<img src=""img/land3.png"" style=""width:200px; border:14px solid green;"">","null","","","","","","",""
"","image-keyboard-response","116","50586","0.0-116.0","3K5TEWLKGWX2ENZ752HDGPFXIFOIVE","A2E0LU8V4EUX5C","3VJ4PFXFJ3TL96TFXMATEMT7KJHUAI","","562.5","img/land3.png","76","563.5","3","1","3","1,0.7,0.7,0.7,1,0.7,0.7,0.7,1","",""
"","html-keyboard-response","117","50888","0.0-117.0","3K5TEWLKGWX2ENZ752HDGPFXIFOIVE","A2E0LU8V4EUX5C","3VJ4PFXFJ3TL96TFXMATEMT7KJHUAI","","null","<img src=""img/land3.png"" style=""width:200px; border:14px solid green;"">","null","","","","","","",""
"","image-keyboard-response","118","51136","0.0-118.0","3K5TEWLKGWX2ENZ752HDGPFXIFOIVE","A2E0LU8V4EUX5C","3VJ4PFXFJ3TL96TFXMATEMT7KJHUAI","","245.79999999981374","img/land1.png","76","246.90000000037253","3","1","1","1,0.7,0.7,0.7,1,0.7,0.7,0.7,1","",""
"","html-keyboard-response","119","51438","0.0-119.0","3K5TEWLKGWX2ENZ752HDGPFXIFOIVE","A2E0LU8V4EUX5C","3VJ4PFXFJ3TL96TFXMATEMT7KJHUAI","","null","<img src=""img/land1.png"" style=""width:200px; border:14px solid green;"">","null","","","","","","",""
"","image-keyboard-response","120","51528","0.0-120.0","3K5TEWLKGWX2ENZ752HDGPFXIFOIVE","A2E0LU8V4EUX5C","3VJ4PFXFJ3TL96TFXMATEMT7KJHUAI","","89.6000000005588","img/land3.png","74","90.3999999994412","1","1","3","1,0.7,0.7,0.7,1,0.7,0.7,0.7,1","",""
"","html-keyboard-response","121","51830","0.0-121.0","3K5TEWLKGWX2ENZ752HDGPFXIFOIVE","A2E0LU8V4EUX5C","3VJ4PFXFJ3TL96TFXMATEMT7KJHUAI","","null","<img src=""img/land3.png"" style=""width:200px; border:14px solid green;"">","null","","","","","","",""
"","image-keyboard-response","122","52393","0.0-122.0","3K5TEWLKGWX2ENZ752HDGPFXIFOIVE","A2E0LU8V4EUX5C","3VJ4PFXFJ3TL96TFXMATEMT7KJHUAI","","562.7999999998137","img/land2.png","74","563.8000000007451","1","0","2","1,0.7,0.7,0.7,1,0.7,0.7,0.7,1","",""
"","html-keyboard-response","123","52695","0.0-123.0","3K5TEWLKGWX2ENZ752HDGPFXIFOIVE","A2E0LU8V4EUX5C","3VJ4PFXFJ3TL96TFXMATEMT7KJHUAI","","null","<img src=""img/land2.png"" style=""width:200px;border:14px solid red;"">","null","","","","","","",""
"","image-keyboard-response","124","53228","0.0-124.0","3K5TEWLKGWX2ENZ752HDGPFXIFOIVE","A2E0LU8V4EUX5C","3VJ4PFXFJ3TL96TFXMATEMT7KJHUAI","","531.5","img/land2.png","75","532.5","2","1","2","1,0.7,0.7,0.7,1,0.7,0.7,0.7,1","",""
"","html-keyboard-response","125","53531","0.0-125.0","3K5TEWLKGWX2ENZ752HDGPFXIFOIVE","A2E0LU8V4EUX5C","3VJ4PFXFJ3TL96TFXMATEMT7KJHUAI","","null","<img src=""img/land2.png"" style=""width:200px; border:14px solid green;"">","null","","","","","","",""
"","image-keyboard-response","126","53884","0.0-126.0","3K5TEWLKGWX2ENZ752HDGPFXIFOIVE","A2E0LU8V4EUX5C","3VJ4PFXFJ3TL96TFXMATEMT7KJHUAI","","352.20000000018626","img/land3.png","75","353.20000000018626","2","0","3","1,0.7,0.7,0.7,1,0.7,0.7,0.7,1","",""
"","html-keyboard-response","127","54185","0.0-127.0","3K5TEWLKGWX2ENZ752HDGPFXIFOIVE","A2E0LU8V4EUX5C","3VJ4PFXFJ3TL96TFXMATEMT7KJHUAI","","null","<img src=""img/land3.png"" style=""width:200px;border:14px solid red;"">","null","","","","","","",""
"","image-keyboard-response","128","54341","0.0-128.0","3K5TEWLKGWX2ENZ752HDGPFXIFOIVE","A2E0LU8V4EUX5C","3VJ4PFXFJ3TL96TFXMATEMT7KJHUAI","","154.6000000005588","img/land1.png","76","155.5","3","1","1","1,0.7,0.7,0.7,1,0.7,0.7,0.7,1","",""
"","html-keyboard-response","129","54643","0.0-129.0","3K5TEWLKGWX2ENZ752HDGPFXIFOIVE","A2E0LU8V4EUX5C","3VJ4PFXFJ3TL96TFXMATEMT7KJHUAI","","null","<img src=""img/land1.png"" style=""width:200px; border:14px solid green;"">","null","","","","","","",""
"","image-keyboard-response","130","54919","0.0-130.0","3K5TEWLKGWX2ENZ752HDGPFXIFOIVE","A2E0LU8V4EUX5C","3VJ4PFXFJ3TL96TFXMATEMT7KJHUAI","","275.1000000005588","img/land1.png","74","275.90000000037253","1","1","1","1,0.7,0.7,0.7,1,0.7,0.7,0.7,1","",""
"","html-keyboard-response","131","55221","0.0-131.0","3K5TEWLKGWX2ENZ752HDGPFXIFOIVE","A2E0LU8V4EUX5C","3VJ4PFXFJ3TL96TFXMATEMT7KJHUAI","","null","<img src=""img/land1.png"" style=""width:200px; border:14px solid green;"">","null","","","","","","",""
"","image-keyboard-response","132","55388","0.0-132.0","3K5TEWLKGWX2ENZ752HDGPFXIFOIVE","A2E0LU8V4EUX5C","3VJ4PFXFJ3TL96TFXMATEMT7KJHUAI","","166.09999999962747","img/land3.png","74","166.79999999981374","1","0","3","1,0.7,0.7,0.7,1,0.7,0.7,0.7,1","",""
"","html-keyboard-response","133","55689","0.0-133.0","3K5TEWLKGWX2ENZ752HDGPFXIFOIVE","A2E0LU8V4EUX5C","3VJ4PFXFJ3TL96TFXMATEMT7KJHUAI","","null","<img src=""img/land3.png"" style=""width:200px;border:14px solid red;"">","null","","","","","","",""
"","image-keyboard-response","134","55955","0.0-134.0","3K5TEWLKGWX2ENZ752HDGPFXIFOIVE","A2E0LU8V4EUX5C","3VJ4PFXFJ3TL96TFXMATEMT7KJHUAI","","264","img/land1.png","76","265","3","1","1","1,0.7,0.7,0.7,1,0.7,0.7,0.7,1","",""
"","html-keyboard-response","135","56256","0.0-135.0","3K5TEWLKGWX2ENZ752HDGPFXIFOIVE","A2E0LU8V4EUX5C","3VJ4PFXFJ3TL96TFXMATEMT7KJHUAI","","null","<img src=""img/land1.png"" style=""width:200px; border:14px solid green;"">","null","","","","","","",""
"","image-keyboard-response","136","56599","0.0-136.0","3K5TEWLKGWX2ENZ752HDGPFXIFOIVE","A2E0LU8V4EUX5C","3VJ4PFXFJ3TL96TFXMATEMT7KJHUAI","","341.59999999962747","img/land3.png","74","342.79999999981374","1","1","3","1,0.7,0.7,0.7,1,0.7,0.7,0.7,1","",""
"","html-keyboard-response","137","56901","0.0-137.0","3K5TEWLKGWX2ENZ752HDGPFXIFOIVE","A2E0LU8V4EUX5C","3VJ4PFXFJ3TL96TFXMATEMT7KJHUAI","","null","<img src=""img/land3.png"" style=""width:200px; border:14px solid green;"">","null","","","","","","",""
"","image-keyboard-response","138","57258","0.0-138.0","3K5TEWLKGWX2ENZ752HDGPFXIFOIVE","A2E0LU8V4EUX5C","3VJ4PFXFJ3TL96TFXMATEMT7KJHUAI","","356","img/land2.png","74","356.90000000037253","1","1","2","1,0.7,0.7,0.7,1,0.7,0.7,0.7,1","",""
"","html-keyboard-response","139","57561","0.0-139.0","3K5TEWLKGWX2ENZ752HDGPFXIFOIVE","A2E0LU8V4EUX5C","3VJ4PFXFJ3TL96TFXMATEMT7KJHUAI","","null","<img src=""img/land2.png"" style=""width:200px; border:14px solid green;"">","null","","","","","","",""
"","image-keyboard-response","140","57968","0.0-140.0","3K5TEWLKGWX2ENZ752HDGPFXIFOIVE","A2E0LU8V4EUX5C","3VJ4PFXFJ3TL96TFXMATEMT7KJHUAI","","406","img/land1.png","75","407.09999999962747","2","0","1","1,0.7,0.7,0.7,1,0.7,0.7,0.7,1","",""
"","html-keyboard-response","141","58270","0.0-141.0","3K5TEWLKGWX2ENZ752HDGPFXIFOIVE","A2E0LU8V4EUX5C","3VJ4PFXFJ3TL96TFXMATEMT7KJHUAI","","null","<img src=""img/land1.png"" style=""width:200px;border:14px solid red;"">","null","","","","","","",""
"","image-keyboard-response","142","58482","0.0-142.0","3K5TEWLKGWX2ENZ752HDGPFXIFOIVE","A2E0LU8V4EUX5C","3VJ4PFXFJ3TL96TFXMATEMT7KJHUAI","","211.40000000037253","img/land3.png","74","212.29999999981374","1","0","3","1,0.7,0.7,0.7,1,0.7,0.7,0.7,1","",""
"","html-keyboard-response","143","58785","0.0-143.0","3K5TEWLKGWX2ENZ752HDGPFXIFOIVE","A2E0LU8V4EUX5C","3VJ4PFXFJ3TL96TFXMATEMT7KJHUAI","","null","<img src=""img/land3.png"" style=""width:200px;border:14px solid red;"">","null","","","","","","",""
"","image-keyboard-response","144","59120","0.0-144.0","3K5TEWLKGWX2ENZ752HDGPFXIFOIVE","A2E0LU8V4EUX5C","3VJ4PFXFJ3TL96TFXMATEMT7KJHUAI","","334.69999999925494","img/land3.png","74","335.59999999962747","1","1","3","1,0.7,0.7,0.7,1,0.7,0.7,0.7,1","",""
"","html-keyboard-response","145","59423","0.0-145.0","3K5TEWLKGWX2ENZ752HDGPFXIFOIVE","A2E0LU8V4EUX5C","3VJ4PFXFJ3TL96TFXMATEMT7KJHUAI","","null","<img src=""img/land3.png"" style=""width:200px; border:14px solid green;"">","null","","","","","","",""
"","image-keyboard-response","146","59941","0.0-146.0","3K5TEWLKGWX2ENZ752HDGPFXIFOIVE","A2E0LU8V4EUX5C","3VJ4PFXFJ3TL96TFXMATEMT7KJHUAI","","516.8000000007451","img/land2.png","75","517.9000000003725","2","1","2","1,0.7,0.7,0.7,1,0.7,0.7,0.7,1","",""
"","html-keyboard-response","147","60242","0.0-147.0","3K5TEWLKGWX2ENZ752HDGPFXIFOIVE","A2E0LU8V4EUX5C","3VJ4PFXFJ3TL96TFXMATEMT7KJHUAI","","null","<img src=""img/land2.png"" style=""width:200px; border:14px solid green;"">","null","","","","","","",""
"","image-keyboard-response","148","60507","0.0-148.0","3K5TEWLKGWX2ENZ752HDGPFXIFOIVE","A2E0LU8V4EUX5C","3VJ4PFXFJ3TL96TFXMATEMT7KJHUAI","","263.59999999962747","img/land2.png","75","264.59999999962747","2","1","2","1,0.7,0.7,0.7,1,0.7,0.7,0.7,1","",""
"","html-keyboard-response","149","60809","0.0-149.0","3K5TEWLKGWX2ENZ752HDGPFXIFOIVE","A2E0LU8V4EUX5C","3VJ4PFXFJ3TL96TFXMATEMT7KJHUAI","","null","<img src=""img/land2.png"" style=""width:200px; border:14px solid green;"">","null","","","","","","",""
"","image-keyboard-response","150","61423","0.0-150.0","3K5TEWLKGWX2ENZ752HDGPFXIFOIVE","A2E0LU8V4EUX5C","3VJ4PFXFJ3TL96TFXMATEMT7KJHUAI","","611.8999999994412","img/land3.png","76","613","3","1","3","1,0.7,0.7,0.7,1,0.7,0.7,0.7,1","",""
"","html-keyboard-response","151","61725","0.0-151.0","3K5TEWLKGWX2ENZ752HDGPFXIFOIVE","A2E0LU8V4EUX5C","3VJ4PFXFJ3TL96TFXMATEMT7KJHUAI","","null","<img src=""img/land3.png"" style=""width:200px; border:14px solid green;"">","null","","","","","","",""
"","image-keyboard-response","152","62305","0.0-152.0","3K5TEWLKGWX2ENZ752HDGPFXIFOIVE","A2E0LU8V4EUX5C","3VJ4PFXFJ3TL96TFXMATEMT7KJHUAI","","577.7999999998137","img/land1.png","74","578.8999999994412","1","1","1","1,0.7,0.7,0.7,1,0.7,0.7,0.7,1","",""
"","html-keyboard-response","153","62607","0.0-153.0","3K5TEWLKGWX2ENZ752HDGPFXIFOIVE","A2E0LU8V4EUX5C","3VJ4PFXFJ3TL96TFXMATEMT7KJHUAI","","null","<img src=""img/land1.png"" style=""width:200px; border:14px solid green;"">","null","","","","","","",""
"","image-keyboard-response","154","62937","0.0-154.0","3K5TEWLKGWX2ENZ752HDGPFXIFOIVE","A2E0LU8V4EUX5C","3VJ4PFXFJ3TL96TFXMATEMT7KJHUAI","","329.3999999994412","img/land1.png","74","330.5","1","1","1","1,0.7,0.7,0.7,1,0.7,0.7,0.7,1","",""
"","html-keyboard-response","155","63239","0.0-155.0","3K5TEWLKGWX2ENZ752HDGPFXIFOIVE","A2E0LU8V4EUX5C","3VJ4PFXFJ3TL96TFXMATEMT7KJHUAI","","null","<img src=""img/land1.png"" style=""width:200px; border:14px solid green;"">","null","","","","","","",""
"","image-keyboard-response","156","63905","0.0-156.0","3K5TEWLKGWX2ENZ752HDGPFXIFOIVE","A2E0LU8V4EUX5C","3VJ4PFXFJ3TL96TFXMATEMT7KJHUAI","","664.5999999996275","img/land3.png","76","665.6000000005588","3","1","3","1,0.7,0.7,0.7,1,0.7,0.7,0.7,1","",""
"","html-keyboard-response","157","64207","0.0-157.0","3K5TEWLKGWX2ENZ752HDGPFXIFOIVE","A2E0LU8V4EUX5C","3VJ4PFXFJ3TL96TFXMATEMT7KJHUAI","","null","<img src=""img/land3.png"" style=""width:200px; border:14px solid green;"">","null","","","","","","",""
"","image-keyboard-response","158","64833","0.0-158.0","3K5TEWLKGWX2ENZ752HDGPFXIFOIVE","A2E0LU8V4EUX5C","3VJ4PFXFJ3TL96TFXMATEMT7KJHUAI","","624.7000000001863","img/land2.png","75","625.8999999994412","2","1","2","1,0.7,0.7,0.7,1,0.7,0.7,0.7,1","",""
"","html-keyboard-response","159","65134","0.0-159.0","3K5TEWLKGWX2ENZ752HDGPFXIFOIVE","A2E0LU8V4EUX5C","3VJ4PFXFJ3TL96TFXMATEMT7KJHUAI","","null","<img src=""img/land2.png"" style=""width:200px; border:14px solid green;"">","null","","","","","","",""
"","image-keyboard-response","160","65448","0.0-160.0","3K5TEWLKGWX2ENZ752HDGPFXIFOIVE","A2E0LU8V4EUX5C","3VJ4PFXFJ3TL96TFXMATEMT7KJHUAI","","312.30000000074506","img/land2.png","75","313.19999999925494","2","1","2","1,0.7,0.7,0.7,1,0.7,0.7,0.7,1","",""
"","html-keyboard-response","161","65750","0.0-161.0","3K5TEWLKGWX2ENZ752HDGPFXIFOIVE","A2E0LU8V4EUX5C","3VJ4PFXFJ3TL96TFXMATEMT7KJHUAI","","null","<img src=""img/land2.png"" style=""width:200px; border:14px solid green;"">","null","","","","","","",""
"","image-keyboard-response","162","66261","0.0-162.0","3K5TEWLKGWX2ENZ752HDGPFXIFOIVE","A2E0LU8V4EUX5C","3VJ4PFXFJ3TL96TFXMATEMT7KJHUAI","","510.30000000074506","img/land1.png","74","511.3999999994412","1","1","1","1,0.7,0.7,0.7,1,0.7,0.7,0.7,1","",""
"","html-keyboard-response","163","66564","0.0-163.0","3K5TEWLKGWX2ENZ752HDGPFXIFOIVE","A2E0LU8V4EUX5C","3VJ4PFXFJ3TL96TFXMATEMT7KJHUAI","","null","<img src=""img/land1.png"" style=""width:200px; border:14px solid green;"">","null","","","","","","",""
"","image-keyboard-response","164","66884","0.0-164.0","3K5TEWLKGWX2ENZ752HDGPFXIFOIVE","A2E0LU8V4EUX5C","3VJ4PFXFJ3TL96TFXMATEMT7KJHUAI","","319","img/land1.png","74","320","1","1","1","1,0.7,0.7,0.7,1,0.7,0.7,0.7,1","",""
"","html-keyboard-response","165","67185","0.0-165.0","3K5TEWLKGWX2ENZ752HDGPFXIFOIVE","A2E0LU8V4EUX5C","3VJ4PFXFJ3TL96TFXMATEMT7KJHUAI","","null","<img src=""img/land1.png"" style=""width:200px; border:14px solid green;"">","null","","","","","","",""
"","image-keyboard-response","166","67909","0.0-166.0","3K5TEWLKGWX2ENZ752HDGPFXIFOIVE","A2E0LU8V4EUX5C","3VJ4PFXFJ3TL96TFXMATEMT7KJHUAI","","722.9000000003725","img/land2.png","75","723.9000000003725","2","1","2","1,0.7,0.7,0.7,1,0.7,0.7,0.7,1","",""
"","html-keyboard-response","167","68212","0.0-167.0","3K5TEWLKGWX2ENZ752HDGPFXIFOIVE","A2E0LU8V4EUX5C","3VJ4PFXFJ3TL96TFXMATEMT7KJHUAI","","null","<img src=""img/land2.png"" style=""width:200px; border:14px solid green;"">","null","","","","","","",""
"","image-keyboard-response","168","68893","0.0-168.0","3K5TEWLKGWX2ENZ752HDGPFXIFOIVE","A2E0LU8V4EUX5C","3VJ4PFXFJ3TL96TFXMATEMT7KJHUAI","","680.2999999998137","img/land3.png","76","681","3","1","3","1,0.7,0.7,0.7,1,0.7,0.7,0.7,1","",""
"","html-keyboard-response","169","69194","0.0-169.0","3K5TEWLKGWX2ENZ752HDGPFXIFOIVE","A2E0LU8V4EUX5C","3VJ4PFXFJ3TL96TFXMATEMT7KJHUAI","","null","<img src=""img/land3.png"" style=""width:200px; border:14px solid green;"">","null","","","","","","",""
"","html-keyboard-response","170","72940","0.0-170.0","3K5TEWLKGWX2ENZ752HDGPFXIFOIVE","A2E0LU8V4EUX5C","3VJ4PFXFJ3TL96TFXMATEMT7KJHUAI","","","","","","","","","","",""
"","image-keyboard-response","171","73777","0.0-171.0","3K5TEWLKGWX2ENZ752HDGPFXIFOIVE","A2E0LU8V4EUX5C","3VJ4PFXFJ3TL96TFXMATEMT7KJHUAI","","835.5999999996275","img/land4.png","74","836.7999999998137","1","1","1","1,0.7,0.7,0.7,1,0.7,0.7,0.7,1","",""
"","html-keyboard-response","172","74079","0.0-172.0","3K5TEWLKGWX2ENZ752HDGPFXIFOIVE","A2E0LU8V4EUX5C","3VJ4PFXFJ3TL96TFXMATEMT7KJHUAI","","null","<img src=""img/land4.png"" style=""width:200px; border:14px solid green;"">","null","","","","","","",""
"","image-keyboard-response","173","74276","0.0-173.0","3K5TEWLKGWX2ENZ752HDGPFXIFOIVE","A2E0LU8V4EUX5C","3VJ4PFXFJ3TL96TFXMATEMT7KJHUAI","","194.70000000018626","img/land5.png","74","195.80000000074506","1","1","2","1,0.7,0.7,0.7,1,0.7,0.7,0.7,1","",""
"","html-keyboard-response","174","74578","0.0-174.0","3K5TEWLKGWX2ENZ752HDGPFXIFOIVE","A2E0LU8V4EUX5C","3VJ4PFXFJ3TL96TFXMATEMT7KJHUAI","","null","<img src=""img/land5.png"" style=""width:200px; border:14px solid green;"">","null","","","","","","",""
"","image-keyboard-response","175","75257","0.0-175.0","3K5TEWLKGWX2ENZ752HDGPFXIFOIVE","A2E0LU8V4EUX5C","3VJ4PFXFJ3TL96TFXMATEMT7KJHUAI","","677.2999999998137","img/land6.png","75","678.5","2","1","3","1,0.7,0.7,0.7,1,0.7,0.7,0.7,1","",""
"","html-keyboard-response","176","75559","0.0-176.0","3K5TEWLKGWX2ENZ752HDGPFXIFOIVE","A2E0LU8V4EUX5C","3VJ4PFXFJ3TL96TFXMATEMT7KJHUAI","","null","<img src=""img/land6.png"" style=""width:200px; border:14px solid green;"">","null","","","","","","",""
"","image-keyboard-response","177","75854","0.0-177.0","3K5TEWLKGWX2ENZ752HDGPFXIFOIVE","A2E0LU8V4EUX5C","3VJ4PFXFJ3TL96TFXMATEMT7KJHUAI","","293.59999999962747","img/land6.png","75","294.40000000037253","2","0","3","1,0.7,0.7,0.7,1,0.7,0.7,0.7,1","",""
"","html-keyboard-response","178","76161","0.0-178.0","3K5TEWLKGWX2ENZ752HDGPFXIFOIVE","A2E0LU8V4EUX5C","3VJ4PFXFJ3TL96TFXMATEMT7KJHUAI","","null","<img src=""img/land6.png"" style=""width:200px;border:14px solid red;"">","null","","","","","","",""
"","image-keyboard-response","179","76524","0.0-179.0","3K5TEWLKGWX2ENZ752HDGPFXIFOIVE","A2E0LU8V4EUX5C","3VJ4PFXFJ3TL96TFXMATEMT7KJHUAI","","362.09999999962747","img/land6.png","76","363","3","1","3","1,0.7,0.7,0.7,1,0.7,0.7,0.7,1","",""
"","html-keyboard-response","180","76826","0.0-180.0","3K5TEWLKGWX2ENZ752HDGPFXIFOIVE","A2E0LU8V4EUX5C","3VJ4PFXFJ3TL96TFXMATEMT7KJHUAI","","null","<img src=""img/land6.png"" style=""width:200px; border:14px solid green;"">","null","","","","","","",""
"","image-keyboard-response","181","77425","0.0-181.0","3K5TEWLKGWX2ENZ752HDGPFXIFOIVE","A2E0LU8V4EUX5C","3VJ4PFXFJ3TL96TFXMATEMT7KJHUAI","","597.5999999996275","img/land4.png","75","598.7999999998137","2","1","1","1,0.7,0.7,0.7,1,0.7,0.7,0.7,1","",""
"","html-keyboard-response","182","77727","0.0-182.0","3K5TEWLKGWX2ENZ752HDGPFXIFOIVE","A2E0LU8V4EUX5C","3VJ4PFXFJ3TL96TFXMATEMT7KJHUAI","","null","<img src=""img/land4.png"" style=""width:200px; border:14px solid green;"">","null","","","","","","",""
"","image-keyboard-response","183","78435","0.0-183.0","3K5TEWLKGWX2ENZ752HDGPFXIFOIVE","A2E0LU8V4EUX5C","3VJ4PFXFJ3TL96TFXMATEMT7KJHUAI","","707.3000000007451","img/land5.png","74","708.3999999994412","1","1","2","1,0.7,0.7,0.7,1,0.7,0.7,0.7,1","",""
"","html-keyboard-response","184","78738","0.0-184.0","3K5TEWLKGWX2ENZ752HDGPFXIFOIVE","A2E0LU8V4EUX5C","3VJ4PFXFJ3TL96TFXMATEMT7KJHUAI","","null","<img src=""img/land5.png"" style=""width:200px; border:14px solid green;"">","null","","","","","","",""
"","image-keyboard-response","185","79008","0.0-185.0","3K5TEWLKGWX2ENZ752HDGPFXIFOIVE","A2E0LU8V4EUX5C","3VJ4PFXFJ3TL96TFXMATEMT7KJHUAI","","269.5","img/land5.png","74","270.5","1","1","2","1,0.7,0.7,0.7,1,0.7,0.7,0.7,1","",""
"","html-keyboard-response","186","79311","0.0-186.0","3K5TEWLKGWX2ENZ752HDGPFXIFOIVE","A2E0LU8V4EUX5C","3VJ4PFXFJ3TL96TFXMATEMT7KJHUAI","","null","<img src=""img/land5.png"" style=""width:200px; border:14px solid green;"">","null","","","","","","",""
"","image-keyboard-response","187","79879","0.0-187.0","3K5TEWLKGWX2ENZ752HDGPFXIFOIVE","A2E0LU8V4EUX5C","3VJ4PFXFJ3TL96TFXMATEMT7KJHUAI","","566.7999999998137","img/land4.png","75","567.9000000003725","2","1","1","1,0.7,0.7,0.7,1,0.7,0.7,0.7,1","",""
"","html-keyboard-response","188","80182","0.0-188.0","3K5TEWLKGWX2ENZ752HDGPFXIFOIVE","A2E0LU8V4EUX5C","3VJ4PFXFJ3TL96TFXMATEMT7KJHUAI","","null","<img src=""img/land4.png"" style=""width:200px; border:14px solid green;"">","null","","","","","","",""
"","image-keyboard-response","189","80680","0.0-189.0","3K5TEWLKGWX2ENZ752HDGPFXIFOIVE","A2E0LU8V4EUX5C","3VJ4PFXFJ3TL96TFXMATEMT7KJHUAI","","497.5","img/land5.png","74","498.5","1","1","2","1,0.7,0.7,0.7,1,0.7,0.7,0.7,1","",""
"","html-keyboard-response","190","80982","0.0-190.0","3K5TEWLKGWX2ENZ752HDGPFXIFOIVE","A2E0LU8V4EUX5C","3VJ4PFXFJ3TL96TFXMATEMT7KJHUAI","","null","<img src=""img/land5.png"" style=""width:200px; border:14px solid green;"">","null","","","","","","",""
"","image-keyboard-response","191","81535","0.0-191.0","3K5TEWLKGWX2ENZ752HDGPFXIFOIVE","A2E0LU8V4EUX5C","3VJ4PFXFJ3TL96TFXMATEMT7KJHUAI","","551.4000000003725","img/land6.png","74","552.5","1","0","3","1,0.7,0.7,0.7,1,0.7,0.7,0.7,1","",""
"","html-keyboard-response","192","81837","0.0-192.0","3K5TEWLKGWX2ENZ752HDGPFXIFOIVE","A2E0LU8V4EUX5C","3VJ4PFXFJ3TL96TFXMATEMT7KJHUAI","","null","<img src=""img/land6.png"" style=""width:200px;border:14px solid red;"">","null","","","","","","",""
"","image-keyboard-response","193","82060","0.0-193.0","3K5TEWLKGWX2ENZ752HDGPFXIFOIVE","A2E0LU8V4EUX5C","3VJ4PFXFJ3TL96TFXMATEMT7KJHUAI","","222","img/land4.png","75","222.79999999981374","2","0","1","1,0.7,0.7,0.7,1,0.7,0.7,0.7,1","",""
"","html-keyboard-response","194","82372","0.0-194.0","3K5TEWLKGWX2ENZ752HDGPFXIFOIVE","A2E0LU8V4EUX5C","3VJ4PFXFJ3TL96TFXMATEMT7KJHUAI","","null","<img src=""img/land4.png"" style=""width:200px;border:14px solid red;"">","null","","","","","","",""
"","image-keyboard-response","195","82935","0.0-195.0","3K5TEWLKGWX2ENZ752HDGPFXIFOIVE","A2E0LU8V4EUX5C","3VJ4PFXFJ3TL96TFXMATEMT7KJHUAI","","561.5999999996275","img/land5.png","75","562.3999999994412","2","1","2","1,0.7,0.7,0.7,1,0.7,0.7,0.7,1","",""
"","html-keyboard-response","196","83237","0.0-196.0","3K5TEWLKGWX2ENZ752HDGPFXIFOIVE","A2E0LU8V4EUX5C","3VJ4PFXFJ3TL96TFXMATEMT7KJHUAI","","null","<img src=""img/land5.png"" style=""width:200px; border:14px solid green;"">","null","","","","","","",""
"","image-keyboard-response","197","83497","0.0-197.0","3K5TEWLKGWX2ENZ752HDGPFXIFOIVE","A2E0LU8V4EUX5C","3VJ4PFXFJ3TL96TFXMATEMT7KJHUAI","","258.5","img/land4.png","75","259.5","2","1","1","1,0.7,0.7,0.7,1,0.7,0.7,0.7,1","",""
"","html-keyboard-response","198","83800","0.0-198.0","3K5TEWLKGWX2ENZ752HDGPFXIFOIVE","A2E0LU8V4EUX5C","3VJ4PFXFJ3TL96TFXMATEMT7KJHUAI","","null","<img src=""img/land4.png"" style=""width:200px; border:14px solid green;"">","null","","","","","","",""
"","image-keyboard-response","199","84569","0.0-199.0","3K5TEWLKGWX2ENZ752HDGPFXIFOIVE","A2E0LU8V4EUX5C","3VJ4PFXFJ3TL96TFXMATEMT7KJHUAI","","768.1000000005588","img/land6.png","76","768.8000000007451","3","1","3","1,0.7,0.7,0.7,1,0.7,0.7,0.7,1","",""
"","html-keyboard-response","200","84871","0.0-200.0","3K5TEWLKGWX2ENZ752HDGPFXIFOIVE","A2E0LU8V4EUX5C","3VJ4PFXFJ3TL96TFXMATEMT7KJHUAI","","null","<img src=""img/land6.png"" style=""width:200px; border:14px solid green;"">","null","","","","","","",""
"","image-keyboard-response","201","85437","0.0-201.0","3K5TEWLKGWX2ENZ752HDGPFXIFOIVE","A2E0LU8V4EUX5C","3VJ4PFXFJ3TL96TFXMATEMT7KJHUAI","","565.2000000001863","img/land5.png","75","566.1000000005588","2","1","2","1,0.7,0.7,0.7,1,0.7,0.7,0.7,1","",""
"","html-keyboard-response","202","85739","0.0-202.0","3K5TEWLKGWX2ENZ752HDGPFXIFOIVE","A2E0LU8V4EUX5C","3VJ4PFXFJ3TL96TFXMATEMT7KJHUAI","","null","<img src=""img/land5.png"" style=""width:200px; border:14px solid green;"">","null","","","","","","",""
"","image-keyboard-response","203","86014","0.0-203.0","3K5TEWLKGWX2ENZ752HDGPFXIFOIVE","A2E0LU8V4EUX5C","3VJ4PFXFJ3TL96TFXMATEMT7KJHUAI","","274.1000000005588","img/land4.png","74","274.90000000037253","1","1","1","1,0.7,0.7,0.7,1,0.7,0.7,0.7,1","",""
"","html-keyboard-response","204","86316","0.0-204.0","3K5TEWLKGWX2ENZ752HDGPFXIFOIVE","A2E0LU8V4EUX5C","3VJ4PFXFJ3TL96TFXMATEMT7KJHUAI","","null","<img src=""img/land4.png"" style=""width:200px; border:14px solid green;"">","null","","","","","","",""
"","image-keyboard-response","205","86708","0.0-205.0","3K5TEWLKGWX2ENZ752HDGPFXIFOIVE","A2E0LU8V4EUX5C","3VJ4PFXFJ3TL96TFXMATEMT7KJHUAI","","390.90000000037253","img/land4.png","75","392","2","0","1","1,0.7,0.7,0.7,1,0.7,0.7,0.7,1","",""
"","html-keyboard-response","206","87010","0.0-206.0","3K5TEWLKGWX2ENZ752HDGPFXIFOIVE","A2E0LU8V4EUX5C","3VJ4PFXFJ3TL96TFXMATEMT7KJHUAI","","null","<img src=""img/land4.png"" style=""width:200px;border:14px solid red;"">","null","","","","","","",""
"","image-keyboard-response","207","87491","0.0-207.0","3K5TEWLKGWX2ENZ752HDGPFXIFOIVE","A2E0LU8V4EUX5C","3VJ4PFXFJ3TL96TFXMATEMT7KJHUAI","","480.6000000005588","img/land5.png","76","481.5","3","1","2","1,0.7,0.7,0.7,1,0.7,0.7,0.7,1","",""
"","html-keyboard-response","208","87793","0.0-208.0","3K5TEWLKGWX2ENZ752HDGPFXIFOIVE","A2E0LU8V4EUX5C","3VJ4PFXFJ3TL96TFXMATEMT7KJHUAI","","null","<img src=""img/land5.png"" style=""width:200px; border:14px solid green;"">","null","","","","","","",""
"","image-keyboard-response","209","88209","0.0-209.0","3K5TEWLKGWX2ENZ752HDGPFXIFOIVE","A2E0LU8V4EUX5C","3VJ4PFXFJ3TL96TFXMATEMT7KJHUAI","","415.79999999981374","img/land4.png","76","416.70000000018626","3","1","1","1,0.7,0.7,0.7,1,0.7,0.7,0.7,1","",""
"","html-keyboard-response","210","88511","0.0-210.0","3K5TEWLKGWX2ENZ752HDGPFXIFOIVE","A2E0LU8V4EUX5C","3VJ4PFXFJ3TL96TFXMATEMT7KJHUAI","","null","<img src=""img/land4.png"" style=""width:200px; border:14px solid green;"">","null","","","","","","",""
"","image-keyboard-response","211","88686","0.0-211.0","3K5TEWLKGWX2ENZ752HDGPFXIFOIVE","A2E0LU8V4EUX5C","3VJ4PFXFJ3TL96TFXMATEMT7KJHUAI","","173.29999999981374","img/land4.png","75","174.20000000018626","2","0","1","1,0.7,0.7,0.7,1,0.7,0.7,0.7,1","",""
"","html-keyboard-response","212","88988","0.0-212.0","3K5TEWLKGWX2ENZ752HDGPFXIFOIVE","A2E0LU8V4EUX5C","3VJ4PFXFJ3TL96TFXMATEMT7KJHUAI","","null","<img src=""img/land4.png"" style=""width:200px;border:14px solid red;"">","null","","","","","","",""
"","image-keyboard-response","213","89301","0.0-213.0","3K5TEWLKGWX2ENZ752HDGPFXIFOIVE","A2E0LU8V4EUX5C","3VJ4PFXFJ3TL96TFXMATEMT7KJHUAI","","311.90000000037253","img/land4.png","75","312.8999999994412","2","1","1","1,0.7,0.7,0.7,1,0.7,0.7,0.7,1","",""
"","html-keyboard-response","214","89603","0.0-214.0","3K5TEWLKGWX2ENZ752HDGPFXIFOIVE","A2E0LU8V4EUX5C","3VJ4PFXFJ3TL96TFXMATEMT7KJHUAI","","null","<img src=""img/land4.png"" style=""width:200px; border:14px solid green;"">","null","","","","","","",""
"","image-keyboard-response","215","89957","0.0-215.0","3K5TEWLKGWX2ENZ752HDGPFXIFOIVE","A2E0LU8V4EUX5C","3VJ4PFXFJ3TL96TFXMATEMT7KJHUAI","","352.59999999962747","img/land6.png","74","353.29999999981374","1","1","3","1,0.7,0.7,0.7,1,0.7,0.7,0.7,1","",""
"","html-keyboard-response","216","90258","0.0-216.0","3K5TEWLKGWX2ENZ752HDGPFXIFOIVE","A2E0LU8V4EUX5C","3VJ4PFXFJ3TL96TFXMATEMT7KJHUAI","","null","<img src=""img/land6.png"" style=""width:200px; border:14px solid green;"">","null","","","","","","",""
"","image-keyboard-response","217","90479","0.0-217.0","3K5TEWLKGWX2ENZ752HDGPFXIFOIVE","A2E0LU8V4EUX5C","3VJ4PFXFJ3TL96TFXMATEMT7KJHUAI","","219.1000000005588","img/land5.png","74","220","1","0","2","1,0.7,0.7,0.7,1,0.7,0.7,0.7,1","",""
"","html-keyboard-response","218","90781","0.0-218.0","3K5TEWLKGWX2ENZ752HDGPFXIFOIVE","A2E0LU8V4EUX5C","3VJ4PFXFJ3TL96TFXMATEMT7KJHUAI","","null","<img src=""img/land5.png"" style=""width:200px;border:14px solid red;"">","null","","","","","","",""
"","image-keyboard-response","219","91066","0.0-219.0","3K5TEWLKGWX2ENZ752HDGPFXIFOIVE","A2E0LU8V4EUX5C","3VJ4PFXFJ3TL96TFXMATEMT7KJHUAI","","283.70000000018626","img/land6.png","74","284.70000000018626","1","1","3","1,0.7,0.7,0.7,1,0.7,0.7,0.7,1","",""
"","html-keyboard-response","220","91368","0.0-220.0","3K5TEWLKGWX2ENZ752HDGPFXIFOIVE","A2E0LU8V4EUX5C","3VJ4PFXFJ3TL96TFXMATEMT7KJHUAI","","null","<img src=""img/land6.png"" style=""width:200px; border:14px solid green;"">","null","","","","","","",""
"","image-keyboard-response","221","91545","0.0-221.0","3K5TEWLKGWX2ENZ752HDGPFXIFOIVE","A2E0LU8V4EUX5C","3VJ4PFXFJ3TL96TFXMATEMT7KJHUAI","","175.6000000005588","img/land4.png","75","176.59999999962747","2","1","1","1,0.7,0.7,0.7,1,0.7,0.7,0.7,1","",""
"","html-keyboard-response","222","91860","0.0-222.0","3K5TEWLKGWX2ENZ752HDGPFXIFOIVE","A2E0LU8V4EUX5C","3VJ4PFXFJ3TL96TFXMATEMT7KJHUAI","","null","<img src=""img/land4.png"" style=""width:200px; border:14px solid green;"">","null","","","","","","",""
"","image-keyboard-response","223","92149","0.0-223.0","3K5TEWLKGWX2ENZ752HDGPFXIFOIVE","A2E0LU8V4EUX5C","3VJ4PFXFJ3TL96TFXMATEMT7KJHUAI","","287.69999999925494","img/land4.png","75","288.3999999994412","2","1","1","1,0.7,0.7,0.7,1,0.7,0.7,0.7,1","",""
"","html-keyboard-response","224","92451","0.0-224.0","3K5TEWLKGWX2ENZ752HDGPFXIFOIVE","A2E0LU8V4EUX5C","3VJ4PFXFJ3TL96TFXMATEMT7KJHUAI","","null","<img src=""img/land4.png"" style=""width:200px; border:14px solid green;"">","null","","","","","","",""
"","image-keyboard-response","225","92610","0.0-225.0","3K5TEWLKGWX2ENZ752HDGPFXIFOIVE","A2E0LU8V4EUX5C","3VJ4PFXFJ3TL96TFXMATEMT7KJHUAI","","157.20000000018626","img/land6.png","76","158","3","1","3","1,0.7,0.7,0.7,1,0.7,0.7,0.7,1","",""
"","html-keyboard-response","226","92912","0.0-226.0","3K5TEWLKGWX2ENZ752HDGPFXIFOIVE","A2E0LU8V4EUX5C","3VJ4PFXFJ3TL96TFXMATEMT7KJHUAI","","null","<img src=""img/land6.png"" style=""width:200px; border:14px solid green;"">","null","","","","","","",""
"","image-keyboard-response","227","93201","0.0-227.0","3K5TEWLKGWX2ENZ752HDGPFXIFOIVE","A2E0LU8V4EUX5C","3VJ4PFXFJ3TL96TFXMATEMT7KJHUAI","","287.59999999962747","img/land4.png","76","288.79999999981374","3","1","1","1,0.7,0.7,0.7,1,0.7,0.7,0.7,1","",""
"","html-keyboard-response","228","93503","0.0-228.0","3K5TEWLKGWX2ENZ752HDGPFXIFOIVE","A2E0LU8V4EUX5C","3VJ4PFXFJ3TL96TFXMATEMT7KJHUAI","","null","<img src=""img/land4.png"" style=""width:200px; border:14px solid green;"">","null","","","","","","",""
"","image-keyboard-response","229","93710","0.0-229.0","3K5TEWLKGWX2ENZ752HDGPFXIFOIVE","A2E0LU8V4EUX5C","3VJ4PFXFJ3TL96TFXMATEMT7KJHUAI","","206","img/land6.png","74","206.79999999981374","1","0","3","1,0.7,0.7,0.7,1,0.7,0.7,0.7,1","",""
"","html-keyboard-response","230","94013","0.0-230.0","3K5TEWLKGWX2ENZ752HDGPFXIFOIVE","A2E0LU8V4EUX5C","3VJ4PFXFJ3TL96TFXMATEMT7KJHUAI","","null","<img src=""img/land6.png"" style=""width:200px;border:14px solid red;"">","null","","","","","","",""
"","image-keyboard-response","231","94246","0.0-231.0","3K5TEWLKGWX2ENZ752HDGPFXIFOIVE","A2E0LU8V4EUX5C","3VJ4PFXFJ3TL96TFXMATEMT7KJHUAI","","231.59999999962747","img/land4.png","74","232.70000000018626","1","1","1","1,0.7,0.7,0.7,1,0.7,0.7,0.7,1","",""
"","html-keyboard-response","232","94548","0.0-232.0","3K5TEWLKGWX2ENZ752HDGPFXIFOIVE","A2E0LU8V4EUX5C","3VJ4PFXFJ3TL96TFXMATEMT7KJHUAI","","null","<img src=""img/land4.png"" style=""width:200px; border:14px solid green;"">","null","","","","","","",""
"","image-keyboard-response","233","94786","0.0-233.0","3K5TEWLKGWX2ENZ752HDGPFXIFOIVE","A2E0LU8V4EUX5C","3VJ4PFXFJ3TL96TFXMATEMT7KJHUAI","","236.79999999981374","img/land6.png","74","237.8999999994412","1","0","3","1,0.7,0.7,0.7,1,0.7,0.7,0.7,1","",""
"","html-keyboard-response","234","95088","0.0-234.0","3K5TEWLKGWX2ENZ752HDGPFXIFOIVE","A2E0LU8V4EUX5C","3VJ4PFXFJ3TL96TFXMATEMT7KJHUAI","","null","<img src=""img/land6.png"" style=""width:200px;border:14px solid red;"">","null","","","","","","",""
"","image-keyboard-response","235","95257","0.0-235.0","3K5TEWLKGWX2ENZ752HDGPFXIFOIVE","A2E0LU8V4EUX5C","3VJ4PFXFJ3TL96TFXMATEMT7KJHUAI","","167.20000000018626","img/land5.png","75","168.3999999994412","2","1","2","1,0.7,0.7,0.7,1,0.7,0.7,0.7,1","",""
"","html-keyboard-response","236","95559","0.0-236.0","3K5TEWLKGWX2ENZ752HDGPFXIFOIVE","A2E0LU8V4EUX5C","3VJ4PFXFJ3TL96TFXMATEMT7KJHUAI","","null","<img src=""img/land5.png"" style=""width:200px; border:14px solid green;"">","null","","","","","","",""
"","image-keyboard-response","237","95814","0.0-237.0","3K5TEWLKGWX2ENZ752HDGPFXIFOIVE","A2E0LU8V4EUX5C","3VJ4PFXFJ3TL96TFXMATEMT7KJHUAI","","254.1000000005588","img/land4.png","75","255.30000000074506","2","1","1","1,0.7,0.7,0.7,1,0.7,0.7,0.7,1","",""
"","html-keyboard-response","238","96116","0.0-238.0","3K5TEWLKGWX2ENZ752HDGPFXIFOIVE","A2E0LU8V4EUX5C","3VJ4PFXFJ3TL96TFXMATEMT7KJHUAI","","null","<img src=""img/land4.png"" style=""width:200px; border:14px solid green;"">","null","","","","","","",""
"","image-keyboard-response","239","96361","0.0-239.0","3K5TEWLKGWX2ENZ752HDGPFXIFOIVE","A2E0LU8V4EUX5C","3VJ4PFXFJ3TL96TFXMATEMT7KJHUAI","","243.1000000005588","img/land4.png","75","244.29999999981374","2","1","1","1,0.7,0.7,0.7,1,0.7,0.7,0.7,1","",""
"","html-keyboard-response","240","96663","0.0-240.0","3K5TEWLKGWX2ENZ752HDGPFXIFOIVE","A2E0LU8V4EUX5C","3VJ4PFXFJ3TL96TFXMATEMT7KJHUAI","","null","<img src=""img/land4.png"" style=""width:200px; border:14px solid green;"">","null","","","","","","",""
"","image-keyboard-response","241","96784","0.0-241.0","3K5TEWLKGWX2ENZ752HDGPFXIFOIVE","A2E0LU8V4EUX5C","3VJ4PFXFJ3TL96TFXMATEMT7KJHUAI","","120.29999999981374","img/land6.png","76","121.19999999925494","3","1","3","1,0.7,0.7,0.7,1,0.7,0.7,0.7,1","",""
"","html-keyboard-response","242","97086","0.0-242.0","3K5TEWLKGWX2ENZ752HDGPFXIFOIVE","A2E0LU8V4EUX5C","3VJ4PFXFJ3TL96TFXMATEMT7KJHUAI","","null","<img src=""img/land6.png"" style=""width:200px; border:14px solid green;"">","null","","","","","","",""
"","image-keyboard-response","243","97377","0.0-243.0","3K5TEWLKGWX2ENZ752HDGPFXIFOIVE","A2E0LU8V4EUX5C","3VJ4PFXFJ3TL96TFXMATEMT7KJHUAI","","290.6000000005588","img/land5.png","76","291.3999999994412","3","0","2","1,0.7,0.7,0.7,1,0.7,0.7,0.7,1","",""
"","html-keyboard-response","244","97679","0.0-244.0","3K5TEWLKGWX2ENZ752HDGPFXIFOIVE","A2E0LU8V4EUX5C","3VJ4PFXFJ3TL96TFXMATEMT7KJHUAI","","null","<img src=""img/land5.png"" style=""width:200px;border:14px solid red;"">","null","","","","","","",""
"","image-keyboard-response","245","97875","0.0-245.0","3K5TEWLKGWX2ENZ752HDGPFXIFOIVE","A2E0LU8V4EUX5C","3VJ4PFXFJ3TL96TFXMATEMT7KJHUAI","","195.29999999981374","img/land4.png","74","196.20000000018626","1","1","1","1,0.7,0.7,0.7,1,0.7,0.7,0.7,1","",""
"","html-keyboard-response","246","98177","0.0-246.0","3K5TEWLKGWX2ENZ752HDGPFXIFOIVE","A2E0LU8V4EUX5C","3VJ4PFXFJ3TL96TFXMATEMT7KJHUAI","","null","<img src=""img/land4.png"" style=""width:200px; border:14px solid green;"">","null","","","","","","",""
"","image-keyboard-response","247","98468","0.0-247.0","3K5TEWLKGWX2ENZ752HDGPFXIFOIVE","A2E0LU8V4EUX5C","3VJ4PFXFJ3TL96TFXMATEMT7KJHUAI","","289.70000000018626","img/land5.png","74","291","1","1","2","1,0.7,0.7,0.7,1,0.7,0.7,0.7,1","",""
"","html-keyboard-response","248","98772","0.0-248.0","3K5TEWLKGWX2ENZ752HDGPFXIFOIVE","A2E0LU8V4EUX5C","3VJ4PFXFJ3TL96TFXMATEMT7KJHUAI","","null","<img src=""img/land5.png"" style=""width:200px; border:14px solid green;"">","null","","","","","","",""
"","image-keyboard-response","249","99039","0.0-249.0","3K5TEWLKGWX2ENZ752HDGPFXIFOIVE","A2E0LU8V4EUX5C","3VJ4PFXFJ3TL96TFXMATEMT7KJHUAI","","266.79999999981374","img/land4.png","74","267.6000000005588","1","1","1","1,0.7,0.7,0.7,1,0.7,0.7,0.7,1","",""
"","html-keyboard-response","250","99342","0.0-250.0","3K5TEWLKGWX2ENZ752HDGPFXIFOIVE","A2E0LU8V4EUX5C","3VJ4PFXFJ3TL96TFXMATEMT7KJHUAI","","null","<img src=""img/land4.png"" style=""width:200px; border:14px solid green;"">","null","","","","","","",""
"","image-keyboard-response","251","99535","0.0-251.0","3K5TEWLKGWX2ENZ752HDGPFXIFOIVE","A2E0LU8V4EUX5C","3VJ4PFXFJ3TL96TFXMATEMT7KJHUAI","","192.70000000018626","img/land5.png","75","193.70000000018626","2","1","2","1,0.7,0.7,0.7,1,0.7,0.7,0.7,1","",""
"","html-keyboard-response","252","99838","0.0-252.0","3K5TEWLKGWX2ENZ752HDGPFXIFOIVE","A2E0LU8V4EUX5C","3VJ4PFXFJ3TL96TFXMATEMT7KJHUAI","","null","<img src=""img/land5.png"" style=""width:200px; border:14px solid green;"">","null","","","","","","",""
"","image-keyboard-response","253","100090","0.0-253.0","3K5TEWLKGWX2ENZ752HDGPFXIFOIVE","A2E0LU8V4EUX5C","3VJ4PFXFJ3TL96TFXMATEMT7KJHUAI","","251.59999999962747","img/land4.png","74","252.5","1","1","1","1,0.7,0.7,0.7,1,0.7,0.7,0.7,1","",""
"","html-keyboard-response","254","100392","0.0-254.0","3K5TEWLKGWX2ENZ752HDGPFXIFOIVE","A2E0LU8V4EUX5C","3VJ4PFXFJ3TL96TFXMATEMT7KJHUAI","","null","<img src=""img/land4.png"" style=""width:200px; border:14px solid green;"">","null","","","","","","",""
"","image-keyboard-response","255","100619","0.0-255.0","3K5TEWLKGWX2ENZ752HDGPFXIFOIVE","A2E0LU8V4EUX5C","3VJ4PFXFJ3TL96TFXMATEMT7KJHUAI","","226.1000000005588","img/land6.png","74","227","1","1","3","1,0.7,0.7,0.7,1,0.7,0.7,0.7,1","",""
"","html-keyboard-response","256","100922","0.0-256.0","3K5TEWLKGWX2ENZ752HDGPFXIFOIVE","A2E0LU8V4EUX5C","3VJ4PFXFJ3TL96TFXMATEMT7KJHUAI","","null","<img src=""img/land6.png"" style=""width:200px; border:14px solid green;"">","null","","","","","","",""
"","image-keyboard-response","257","101103","0.0-257.0","3K5TEWLKGWX2ENZ752HDGPFXIFOIVE","A2E0LU8V4EUX5C","3VJ4PFXFJ3TL96TFXMATEMT7KJHUAI","","180.59999999962747","img/land4.png","76","181.70000000018626","3","1","1","1,0.7,0.7,0.7,1,0.7,0.7,0.7,1","",""
"","html-keyboard-response","258","101406","0.0-258.0","3K5TEWLKGWX2ENZ752HDGPFXIFOIVE","A2E0LU8V4EUX5C","3VJ4PFXFJ3TL96TFXMATEMT7KJHUAI","","null","<img src=""img/land4.png"" style=""width:200px; border:14px solid green;"">","null","","","","","","",""
"","image-keyboard-response","259","101553","0.0-259.0","3K5TEWLKGWX2ENZ752HDGPFXIFOIVE","A2E0LU8V4EUX5C","3VJ4PFXFJ3TL96TFXMATEMT7KJHUAI","","145.5","img/land6.png","75","146.8999999994412","2","0","3","1,0.7,0.7,0.7,1,0.7,0.7,0.7,1","",""
"","html-keyboard-response","260","101855","0.0-260.0","3K5TEWLKGWX2ENZ752HDGPFXIFOIVE","A2E0LU8V4EUX5C","3VJ4PFXFJ3TL96TFXMATEMT7KJHUAI","","null","<img src=""img/land6.png"" style=""width:200px;border:14px solid red;"">","null","","","","","","",""
"","image-keyboard-response","261","102013","0.0-261.0","3K5TEWLKGWX2ENZ752HDGPFXIFOIVE","A2E0LU8V4EUX5C","3VJ4PFXFJ3TL96TFXMATEMT7KJHUAI","","157.20000000018626","img/land4.png","75","158.09999999962747","2","1","1","1,0.7,0.7,0.7,1,0.7,0.7,0.7,1","",""
"","html-keyboard-response","262","102315","0.0-262.0","3K5TEWLKGWX2ENZ752HDGPFXIFOIVE","A2E0LU8V4EUX5C","3VJ4PFXFJ3TL96TFXMATEMT7KJHUAI","","null","<img src=""img/land4.png"" style=""width:200px; border:14px solid green;"">","null","","","","","","",""
"","image-keyboard-response","263","102551","0.0-263.0","3K5TEWLKGWX2ENZ752HDGPFXIFOIVE","A2E0LU8V4EUX5C","3VJ4PFXFJ3TL96TFXMATEMT7KJHUAI","","234.1000000005588","img/land4.png","75","235.20000000018626","2","1","1","1,0.7,0.7,0.7,1,0.7,0.7,0.7,1","",""
"","html-keyboard-response","264","102854","0.0-264.0","3K5TEWLKGWX2ENZ752HDGPFXIFOIVE","A2E0LU8V4EUX5C","3VJ4PFXFJ3TL96TFXMATEMT7KJHUAI","","null","<img src=""img/land4.png"" style=""width:200px; border:14px solid green;"">","null","","","","","","",""
"","image-keyboard-response","265","102937","0.0-265.0","3K5TEWLKGWX2ENZ752HDGPFXIFOIVE","A2E0LU8V4EUX5C","3VJ4PFXFJ3TL96TFXMATEMT7KJHUAI","","81.20000000018626","img/land6.png","76","82.09999999962747","3","1","3","1,0.7,0.7,0.7,1,0.7,0.7,0.7,1","",""
"","html-keyboard-response","266","103239","0.0-266.0","3K5TEWLKGWX2ENZ752HDGPFXIFOIVE","A2E0LU8V4EUX5C","3VJ4PFXFJ3TL96TFXMATEMT7KJHUAI","","null","<img src=""img/land6.png"" style=""width:200px; border:14px solid green;"">","null","","","","","","",""
"","image-keyboard-response","267","103481","0.0-267.0","3K5TEWLKGWX2ENZ752HDGPFXIFOIVE","A2E0LU8V4EUX5C","3VJ4PFXFJ3TL96TFXMATEMT7KJHUAI","","241.20000000018626","img/land5.png","76","242.19999999925494","3","1","2","1,0.7,0.7,0.7,1,0.7,0.7,0.7,1","",""
"","html-keyboard-response","268","103795","0.0-268.0","3K5TEWLKGWX2ENZ752HDGPFXIFOIVE","A2E0LU8V4EUX5C","3VJ4PFXFJ3TL96TFXMATEMT7KJHUAI","","null","<img src=""img/land5.png"" style=""width:200px; border:14px solid green;"">","null","","","","","","",""
"","image-keyboard-response","269","103940","0.0-269.0","3K5TEWLKGWX2ENZ752HDGPFXIFOIVE","A2E0LU8V4EUX5C","3VJ4PFXFJ3TL96TFXMATEMT7KJHUAI","","143.70000000018626","img/land4.png","75","144.59999999962747","2","1","1","1,0.7,0.7,0.7,1,0.7,0.7,0.7,1","",""
"","html-keyboard-response","270","104242","0.0-270.0","3K5TEWLKGWX2ENZ752HDGPFXIFOIVE","A2E0LU8V4EUX5C","3VJ4PFXFJ3TL96TFXMATEMT7KJHUAI","","null","<img src=""img/land4.png"" style=""width:200px; border:14px solid green;"">","null","","","","","","",""
"","image-keyboard-response","271","104421","0.0-271.0","3K5TEWLKGWX2ENZ752HDGPFXIFOIVE","A2E0LU8V4EUX5C","3VJ4PFXFJ3TL96TFXMATEMT7KJHUAI","","178.1000000005588","img/land6.png","75","179","2","0","3","1,0.7,0.7,0.7,1,0.7,0.7,0.7,1","",""
"","html-keyboard-response","272","104723","0.0-272.0","3K5TEWLKGWX2ENZ752HDGPFXIFOIVE","A2E0LU8V4EUX5C","3VJ4PFXFJ3TL96TFXMATEMT7KJHUAI","","null","<img src=""img/land6.png"" style=""width:200px;border:14px solid red;"">","null","","","","","","",""
"","image-keyboard-response","273","104920","0.0-273.0","3K5TEWLKGWX2ENZ752HDGPFXIFOIVE","A2E0LU8V4EUX5C","3VJ4PFXFJ3TL96TFXMATEMT7KJHUAI","","195.79999999981374","img/land4.png","74","196.90000000037253","1","1","1","1,0.7,0.7,0.7,1,0.7,0.7,0.7,1","",""
"","html-keyboard-response","274","105222","0.0-274.0","3K5TEWLKGWX2ENZ752HDGPFXIFOIVE","A2E0LU8V4EUX5C","3VJ4PFXFJ3TL96TFXMATEMT7KJHUAI","","null","<img src=""img/land4.png"" style=""width:200px; border:14px solid green;"">","null","","","","","","",""
"","image-keyboard-response","275","105410","0.0-275.0","3K5TEWLKGWX2ENZ752HDGPFXIFOIVE","A2E0LU8V4EUX5C","3VJ4PFXFJ3TL96TFXMATEMT7KJHUAI","","187.40000000037253","img/land5.png","74","188.29999999981374","1","0","2","1,0.7,0.7,0.7,1,0.7,0.7,0.7,1","",""
"","html-keyboard-response","276","105713","0.0-276.0","3K5TEWLKGWX2ENZ752HDGPFXIFOIVE","A2E0LU8V4EUX5C","3VJ4PFXFJ3TL96TFXMATEMT7KJHUAI","","null","<img src=""img/land5.png"" style=""width:200px;border:14px solid red;"">","null","","","","","","",""
"","image-keyboard-response","277","106021","0.0-277.0","3K5TEWLKGWX2ENZ752HDGPFXIFOIVE","A2E0LU8V4EUX5C","3VJ4PFXFJ3TL96TFXMATEMT7KJHUAI","","306.20000000018626","img/land4.png","75","307.29999999981374","2","1","1","1,0.7,0.7,0.7,1,0.7,0.7,0.7,1","",""
"","html-keyboard-response","278","106324","0.0-278.0","3K5TEWLKGWX2ENZ752HDGPFXIFOIVE","A2E0LU8V4EUX5C","3VJ4PFXFJ3TL96TFXMATEMT7KJHUAI","","null","<img src=""img/land4.png"" style=""width:200px; border:14px solid green;"">","null","","","","","","",""
"","image-keyboard-response","279","106499","0.0-279.0","3K5TEWLKGWX2ENZ752HDGPFXIFOIVE","A2E0LU8V4EUX5C","3VJ4PFXFJ3TL96TFXMATEMT7KJHUAI","","173.8999999994412","img/land4.png","75","174.80000000074506","2","1","1","1,0.7,0.7,0.7,1,0.7,0.7,0.7,1","",""
"","html-keyboard-response","280","106800","0.0-280.0","3K5TEWLKGWX2ENZ752HDGPFXIFOIVE","A2E0LU8V4EUX5C","3VJ4PFXFJ3TL96TFXMATEMT7KJHUAI","","null","<img src=""img/land4.png"" style=""width:200px; border:14px solid green;"">","null","","","","","","",""
"","image-keyboard-response","281","107028","0.0-281.0","3K5TEWLKGWX2ENZ752HDGPFXIFOIVE","A2E0LU8V4EUX5C","3VJ4PFXFJ3TL96TFXMATEMT7KJHUAI","","226.79999999981374","img/land6.png","76","227.79999999981374","3","1","3","1,0.7,0.7,0.7,1,0.7,0.7,0.7,1","",""
"","html-keyboard-response","282","107336","0.0-282.0","3K5TEWLKGWX2ENZ752HDGPFXIFOIVE","A2E0LU8V4EUX5C","3VJ4PFXFJ3TL96TFXMATEMT7KJHUAI","","null","<img src=""img/land6.png"" style=""width:200px; border:14px solid green;"">","null","","","","","","",""
"","image-keyboard-response","283","107613","0.0-283.0","3K5TEWLKGWX2ENZ752HDGPFXIFOIVE","A2E0LU8V4EUX5C","3VJ4PFXFJ3TL96TFXMATEMT7KJHUAI","","275.20000000018626","img/land4.png","76","276.29999999981374","3","1","1","1,0.7,0.7,0.7,1,0.7,0.7,0.7,1","",""
"","html-keyboard-response","284","107915","0.0-284.0","3K5TEWLKGWX2ENZ752HDGPFXIFOIVE","A2E0LU8V4EUX5C","3VJ4PFXFJ3TL96TFXMATEMT7KJHUAI","","null","<img src=""img/land4.png"" style=""width:200px; border:14px solid green;"">","null","","","","","","",""
"","image-keyboard-response","285","108136","0.0-285.0","3K5TEWLKGWX2ENZ752HDGPFXIFOIVE","A2E0LU8V4EUX5C","3VJ4PFXFJ3TL96TFXMATEMT7KJHUAI","","219.5","img/land4.png","75","220.70000000018626","2","1","1","1,0.7,0.7,0.7,1,0.7,0.7,0.7,1","",""
"","html-keyboard-response","286","108438","0.0-286.0","3K5TEWLKGWX2ENZ752HDGPFXIFOIVE","A2E0LU8V4EUX5C","3VJ4PFXFJ3TL96TFXMATEMT7KJHUAI","","null","<img src=""img/land4.png"" style=""width:200px; border:14px solid green;"">","null","","","","","","",""
"","image-keyboard-response","287","108638","0.0-287.0","3K5TEWLKGWX2ENZ752HDGPFXIFOIVE","A2E0LU8V4EUX5C","3VJ4PFXFJ3TL96TFXMATEMT7KJHUAI","","198.40000000037253","img/land5.png","76","199.70000000018626","3","0","2","1,0.7,0.7,0.7,1,0.7,0.7,0.7,1","",""
"","html-keyboard-response","288","108951","0.0-288.0","3K5TEWLKGWX2ENZ752HDGPFXIFOIVE","A2E0LU8V4EUX5C","3VJ4PFXFJ3TL96TFXMATEMT7KJHUAI","","null","<img src=""img/land5.png"" style=""width:200px;border:14px solid red;"">","null","","","","","","",""
"","image-keyboard-response","289","109193","0.0-289.0","3K5TEWLKGWX2ENZ752HDGPFXIFOIVE","A2E0LU8V4EUX5C","3VJ4PFXFJ3TL96TFXMATEMT7KJHUAI","","240.80000000074506","img/land4.png","76","242","3","1","1","1,0.7,0.7,0.7,1,0.7,0.7,0.7,1","",""
"","html-keyboard-response","290","109495","0.0-290.0","3K5TEWLKGWX2ENZ752HDGPFXIFOIVE","A2E0LU8V4EUX5C","3VJ4PFXFJ3TL96TFXMATEMT7KJHUAI","","null","<img src=""img/land4.png"" style=""width:200px; border:14px solid green;"">","null","","","","","","",""
"","image-keyboard-response","291","109601","0.0-291.0","3K5TEWLKGWX2ENZ752HDGPFXIFOIVE","A2E0LU8V4EUX5C","3VJ4PFXFJ3TL96TFXMATEMT7KJHUAI","","105","img/land4.png","74","105.79999999981374","1","1","1","1,0.7,0.7,0.7,1,0.7,0.7,0.7,1","",""
"","html-keyboard-response","292","109903","0.0-292.0","3K5TEWLKGWX2ENZ752HDGPFXIFOIVE","A2E0LU8V4EUX5C","3VJ4PFXFJ3TL96TFXMATEMT7KJHUAI","","null","<img src=""img/land4.png"" style=""width:200px; border:14px solid green;"">","null","","","","","","",""
"","image-keyboard-response","293","110158","0.0-293.0","3K5TEWLKGWX2ENZ752HDGPFXIFOIVE","A2E0LU8V4EUX5C","3VJ4PFXFJ3TL96TFXMATEMT7KJHUAI","","254.20000000018626","img/land4.png","74","255","1","1","1","1,0.7,0.7,0.7,1,0.7,0.7,0.7,1","",""
"","html-keyboard-response","294","110460","0.0-294.0","3K5TEWLKGWX2ENZ752HDGPFXIFOIVE","A2E0LU8V4EUX5C","3VJ4PFXFJ3TL96TFXMATEMT7KJHUAI","","null","<img src=""img/land4.png"" style=""width:200px; border:14px solid green;"">","null","","","","","","",""
"","image-keyboard-response","295","110746","0.0-295.0","3K5TEWLKGWX2ENZ752HDGPFXIFOIVE","A2E0LU8V4EUX5C","3VJ4PFXFJ3TL96TFXMATEMT7KJHUAI","","284.20000000018626","img/land4.png","74","285.09999999962747","1","1","1","1,0.7,0.7,0.7,1,0.7,0.7,0.7,1","",""
"","html-keyboard-response","296","111047","0.0-296.0","3K5TEWLKGWX2ENZ752HDGPFXIFOIVE","A2E0LU8V4EUX5C","3VJ4PFXFJ3TL96TFXMATEMT7KJHUAI","","null","<img src=""img/land4.png"" style=""width:200px; border:14px solid green;"">","null","","","","","","",""
"","image-keyboard-response","297","111399","0.0-297.0","3K5TEWLKGWX2ENZ752HDGPFXIFOIVE","A2E0LU8V4EUX5C","3VJ4PFXFJ3TL96TFXMATEMT7KJHUAI","","350.6000000005588","img/land4.png","74","351.40000000037253","1","1","1","1,0.7,0.7,0.7,1,0.7,0.7,0.7,1","",""
"","html-keyboard-response","298","111702","0.0-298.0","3K5TEWLKGWX2ENZ752HDGPFXIFOIVE","A2E0LU8V4EUX5C","3VJ4PFXFJ3TL96TFXMATEMT7KJHUAI","","null","<img src=""img/land4.png"" style=""width:200px; border:14px solid green;"">","null","","","","","","",""
"","image-keyboard-response","299","112034","0.0-299.0","3K5TEWLKGWX2ENZ752HDGPFXIFOIVE","A2E0LU8V4EUX5C","3VJ4PFXFJ3TL96TFXMATEMT7KJHUAI","","331.20000000018626","img/land6.png","74","332.1000000005588","1","0","3","1,0.7,0.7,0.7,1,0.7,0.7,0.7,1","",""
"","html-keyboard-response","300","112336","0.0-300.0","3K5TEWLKGWX2ENZ752HDGPFXIFOIVE","A2E0LU8V4EUX5C","3VJ4PFXFJ3TL96TFXMATEMT7KJHUAI","","null","<img src=""img/land6.png"" style=""width:200px;border:14px solid red;"">","null","","","","","","",""
"","image-keyboard-response","301","112586","0.0-301.0","3K5TEWLKGWX2ENZ752HDGPFXIFOIVE","A2E0LU8V4EUX5C","3VJ4PFXFJ3TL96TFXMATEMT7KJHUAI","","248.8999999994412","img/land4.png","75","250.09999999962747","2","1","1","1,0.7,0.7,0.7,1,0.7,0.7,0.7,1","",""
"","html-keyboard-response","302","112888","0.0-302.0","3K5TEWLKGWX2ENZ752HDGPFXIFOIVE","A2E0LU8V4EUX5C","3VJ4PFXFJ3TL96TFXMATEMT7KJHUAI","","null","<img src=""img/land4.png"" style=""width:200px; border:14px solid green;"">","null","","","","","","",""
"","image-keyboard-response","303","113049","0.0-303.0","3K5TEWLKGWX2ENZ752HDGPFXIFOIVE","A2E0LU8V4EUX5C","3VJ4PFXFJ3TL96TFXMATEMT7KJHUAI","","159.90000000037253","img/land5.png","75","160.80000000074506","2","1","2","1,0.7,0.7,0.7,1,0.7,0.7,0.7,1","",""
"","html-keyboard-response","304","113351","0.0-304.0","3K5TEWLKGWX2ENZ752HDGPFXIFOIVE","A2E0LU8V4EUX5C","3VJ4PFXFJ3TL96TFXMATEMT7KJHUAI","","null","<img src=""img/land5.png"" style=""width:200px; border:14px solid green;"">","null","","","","","","",""
"","image-keyboard-response","305","113527","0.0-305.0","3K5TEWLKGWX2ENZ752HDGPFXIFOIVE","A2E0LU8V4EUX5C","3VJ4PFXFJ3TL96TFXMATEMT7KJHUAI","","175.40000000037253","img/land5.png","76","176.5","3","0","2","1,0.7,0.7,0.7,1,0.7,0.7,0.7,1","",""
"","html-keyboard-response","306","113830","0.0-306.0","3K5TEWLKGWX2ENZ752HDGPFXIFOIVE","A2E0LU8V4EUX5C","3VJ4PFXFJ3TL96TFXMATEMT7KJHUAI","","null","<img src=""img/land5.png"" style=""width:200px;border:14px solid red;"">","null","","","","","","",""
"","image-keyboard-response","307","113970","0.0-307.0","3K5TEWLKGWX2ENZ752HDGPFXIFOIVE","A2E0LU8V4EUX5C","3VJ4PFXFJ3TL96TFXMATEMT7KJHUAI","","139.6000000005588","img/land4.png","76","140.40000000037253","3","0","1","1,0.7,0.7,0.7,1,0.7,0.7,0.7,1","",""
"","html-keyboard-response","308","114272","0.0-308.0","3K5TEWLKGWX2ENZ752HDGPFXIFOIVE","A2E0LU8V4EUX5C","3VJ4PFXFJ3TL96TFXMATEMT7KJHUAI","","null","<img src=""img/land4.png"" style=""width:200px;border:14px solid red;"">","null","","","","","","",""
"","image-keyboard-response","309","114550","0.0-309.0","3K5TEWLKGWX2ENZ752HDGPFXIFOIVE","A2E0LU8V4EUX5C","3VJ4PFXFJ3TL96TFXMATEMT7KJHUAI","","277.70000000018626","img/land4.png","76","278.6000000005588","3","1","1","1,0.7,0.7,0.7,1,0.7,0.7,0.7,1","",""
"","html-keyboard-response","310","114852","0.0-310.0","3K5TEWLKGWX2ENZ752HDGPFXIFOIVE","A2E0LU8V4EUX5C","3VJ4PFXFJ3TL96TFXMATEMT7KJHUAI","","null","<img src=""img/land4.png"" style=""width:200px; border:14px solid green;"">","null","","","","","","",""
"","image-keyboard-response","311","114997","0.0-311.0","3K5TEWLKGWX2ENZ752HDGPFXIFOIVE","A2E0LU8V4EUX5C","3VJ4PFXFJ3TL96TFXMATEMT7KJHUAI","","143.1000000005588","img/land6.png","74","144.40000000037253","1","0","3","1,0.7,0.7,0.7,1,0.7,0.7,0.7,1","",""
"","html-keyboard-response","312","115299","0.0-312.0","3K5TEWLKGWX2ENZ752HDGPFXIFOIVE","A2E0LU8V4EUX5C","3VJ4PFXFJ3TL96TFXMATEMT7KJHUAI","","null","<img src=""img/land6.png"" style=""width:200px;border:14px solid red;"">","null","","","","","","",""
"","image-keyboard-response","313","115500","0.0-313.0","3K5TEWLKGWX2ENZ752HDGPFXIFOIVE","A2E0LU8V4EUX5C","3VJ4PFXFJ3TL96TFXMATEMT7KJHUAI","","199.79999999981374","img/land5.png","74","200.70000000018626","1","1","2","1,0.7,0.7,0.7,1,0.7,0.7,0.7,1","",""
"","html-keyboard-response","314","115801","0.0-314.0","3K5TEWLKGWX2ENZ752HDGPFXIFOIVE","A2E0LU8V4EUX5C","3VJ4PFXFJ3TL96TFXMATEMT7KJHUAI","","null","<img src=""img/land5.png"" style=""width:200px; border:14px solid green;"">","null","","","","","","",""
"","image-keyboard-response","315","115970","0.0-315.0","3K5TEWLKGWX2ENZ752HDGPFXIFOIVE","A2E0LU8V4EUX5C","3VJ4PFXFJ3TL96TFXMATEMT7KJHUAI","","167.69999999925494","img/land6.png","74","168.59999999962747","1","1","3","1,0.7,0.7,0.7,1,0.7,0.7,0.7,1","",""
"","html-keyboard-response","316","116272","0.0-316.0","3K5TEWLKGWX2ENZ752HDGPFXIFOIVE","A2E0LU8V4EUX5C","3VJ4PFXFJ3TL96TFXMATEMT7KJHUAI","","null","<img src=""img/land6.png"" style=""width:200px; border:14px solid green;"">","null","","","","","","",""
"","image-keyboard-response","317","116478","0.0-317.0","3K5TEWLKGWX2ENZ752HDGPFXIFOIVE","A2E0LU8V4EUX5C","3VJ4PFXFJ3TL96TFXMATEMT7KJHUAI","","204.5","img/land4.png","74","205.29999999981374","1","1","1","1,0.7,0.7,0.7,1,0.7,0.7,0.7,1","",""
"","html-keyboard-response","318","116779","0.0-318.0","3K5TEWLKGWX2ENZ752HDGPFXIFOIVE","A2E0LU8V4EUX5C","3VJ4PFXFJ3TL96TFXMATEMT7KJHUAI","","null","<img src=""img/land4.png"" style=""width:200px; border:14px solid green;"">","null","","","","","","",""
"","image-keyboard-response","319","116870","0.0-319.0","3K5TEWLKGWX2ENZ752HDGPFXIFOIVE","A2E0LU8V4EUX5C","3VJ4PFXFJ3TL96TFXMATEMT7KJHUAI","","89.79999999981374","img/land4.png","75","90.70000000018626","2","0","1","1,0.7,0.7,0.7,1,0.7,0.7,0.7,1","",""
"","html-keyboard-response","320","117172","0.0-320.0","3K5TEWLKGWX2ENZ752HDGPFXIFOIVE","A2E0LU8V4EUX5C","3VJ4PFXFJ3TL96TFXMATEMT7KJHUAI","","null","<img src=""img/land4.png"" style=""width:200px;border:14px solid red;"">","null","","","","","","",""
"","image-keyboard-response","321","117457","0.0-321.0","3K5TEWLKGWX2ENZ752HDGPFXIFOIVE","A2E0LU8V4EUX5C","3VJ4PFXFJ3TL96TFXMATEMT7KJHUAI","","284","img/land6.png","75","284.8999999994412","2","1","3","1,0.7,0.7,0.7,1,0.7,0.7,0.7,1","",""
"","html-keyboard-response","322","117759","0.0-322.0","3K5TEWLKGWX2ENZ752HDGPFXIFOIVE","A2E0LU8V4EUX5C","3VJ4PFXFJ3TL96TFXMATEMT7KJHUAI","","null","<img src=""img/land6.png"" style=""width:200px; border:14px solid green;"">","null","","","","","","",""
"","image-keyboard-response","323","117926","0.0-323.0","3K5TEWLKGWX2ENZ752HDGPFXIFOIVE","A2E0LU8V4EUX5C","3VJ4PFXFJ3TL96TFXMATEMT7KJHUAI","","166","img/land4.png","76","167.09999999962747","3","0","1","1,0.7,0.7,0.7,1,0.7,0.7,0.7,1","",""
"","html-keyboard-response","324","118229","0.0-324.0","3K5TEWLKGWX2ENZ752HDGPFXIFOIVE","A2E0LU8V4EUX5C","3VJ4PFXFJ3TL96TFXMATEMT7KJHUAI","","null","<img src=""img/land4.png"" style=""width:200px;border:14px solid red;"">","null","","","","","","",""
"","image-keyboard-response","325","118436","0.0-325.0","3K5TEWLKGWX2ENZ752HDGPFXIFOIVE","A2E0LU8V4EUX5C","3VJ4PFXFJ3TL96TFXMATEMT7KJHUAI","","206","img/land4.png","76","206.8999999994412","3","1","1","1,0.7,0.7,0.7,1,0.7,0.7,0.7,1","",""
"","html-keyboard-response","326","118738","0.0-326.0","3K5TEWLKGWX2ENZ752HDGPFXIFOIVE","A2E0LU8V4EUX5C","3VJ4PFXFJ3TL96TFXMATEMT7KJHUAI","","null","<img src=""img/land4.png"" style=""width:200px; border:14px solid green;"">","null","","","","","","",""
"","image-keyboard-response","327","118919","0.0-327.0","3K5TEWLKGWX2ENZ752HDGPFXIFOIVE","A2E0LU8V4EUX5C","3VJ4PFXFJ3TL96TFXMATEMT7KJHUAI","","180.40000000037253","img/land5.png","74","181.70000000018626","1","1","2","1,0.7,0.7,0.7,1,0.7,0.7,0.7,1","",""
"","html-keyboard-response","328","119222","0.0-328.0","3K5TEWLKGWX2ENZ752HDGPFXIFOIVE","A2E0LU8V4EUX5C","3VJ4PFXFJ3TL96TFXMATEMT7KJHUAI","","null","<img src=""img/land5.png"" style=""width:200px; border:14px solid green;"">","null","","","","","","",""
"","image-keyboard-response","329","119345","0.0-329.0","3K5TEWLKGWX2ENZ752HDGPFXIFOIVE","A2E0LU8V4EUX5C","3VJ4PFXFJ3TL96TFXMATEMT7KJHUAI","","122.40000000037253","img/land5.png","76","123.40000000037253","3","0","2","1,0.7,0.7,0.7,1,0.7,0.7,0.7,1","",""
"","html-keyboard-response","330","119647","0.0-330.0","3K5TEWLKGWX2ENZ752HDGPFXIFOIVE","A2E0LU8V4EUX5C","3VJ4PFXFJ3TL96TFXMATEMT7KJHUAI","","null","<img src=""img/land5.png"" style=""width:200px;border:14px solid red;"">","null","","","","","","",""
"","image-keyboard-response","331","119852","0.0-331.0","3K5TEWLKGWX2ENZ752HDGPFXIFOIVE","A2E0LU8V4EUX5C","3VJ4PFXFJ3TL96TFXMATEMT7KJHUAI","","203.1000000005588","img/land4.png","76","204.09999999962747","3","1","1","1,0.7,0.7,0.7,1,0.7,0.7,0.7,1","",""
"","html-keyboard-response","332","120161","0.0-332.0","3K5TEWLKGWX2ENZ752HDGPFXIFOIVE","A2E0LU8V4EUX5C","3VJ4PFXFJ3TL96TFXMATEMT7KJHUAI","","null","<img src=""img/land4.png"" style=""width:200px; border:14px solid green;"">","null","","","","","","",""
"","image-keyboard-response","333","120447","0.0-333.0","3K5TEWLKGWX2ENZ752HDGPFXIFOIVE","A2E0LU8V4EUX5C","3VJ4PFXFJ3TL96TFXMATEMT7KJHUAI","","285.09999999962747","img/land4.png","74","285.8999999994412","1","1","1","1,0.7,0.7,0.7,1,0.7,0.7,0.7,1","",""
"","html-keyboard-response","334","120750","0.0-334.0","3K5TEWLKGWX2ENZ752HDGPFXIFOIVE","A2E0LU8V4EUX5C","3VJ4PFXFJ3TL96TFXMATEMT7KJHUAI","","null","<img src=""img/land4.png"" style=""width:200px; border:14px solid green;"">","null","","","","","","",""
"","image-keyboard-response","335","120961","0.0-335.0","3K5TEWLKGWX2ENZ752HDGPFXIFOIVE","A2E0LU8V4EUX5C","3VJ4PFXFJ3TL96TFXMATEMT7KJHUAI","","209.79999999981374","img/land6.png","75","210.70000000018626","2","1","3","1,0.7,0.7,0.7,1,0.7,0.7,0.7,1","",""
"","html-keyboard-response","336","121262","0.0-336.0","3K5TEWLKGWX2ENZ752HDGPFXIFOIVE","A2E0LU8V4EUX5C","3VJ4PFXFJ3TL96TFXMATEMT7KJHUAI","","null","<img src=""img/land6.png"" style=""width:200px; border:14px solid green;"">","null","","","","","","",""
"","image-keyboard-response","337","121471","0.0-337.0","3K5TEWLKGWX2ENZ752HDGPFXIFOIVE","A2E0LU8V4EUX5C","3VJ4PFXFJ3TL96TFXMATEMT7KJHUAI","","207.70000000018626","img/land5.png","75","208.79999999981374","2","1","2","1,0.7,0.7,0.7,1,0.7,0.7,0.7,1","",""
"","html-keyboard-response","338","121773","0.0-338.0","3K5TEWLKGWX2ENZ752HDGPFXIFOIVE","A2E0LU8V4EUX5C","3VJ4PFXFJ3TL96TFXMATEMT7KJHUAI","","null","<img src=""img/land5.png"" style=""width:200px; border:14px solid green;"">","null","","","","","","",""
"","instructions","339","123638","0.0-339.0","3K5TEWLKGWX2ENZ752HDGPFXIFOIVE","A2E0LU8V4EUX5C","3VJ4PFXFJ3TL96TFXMATEMT7KJHUAI","[{""page_index"":0,""viewing_time"":1863.7999999998137}]","1864.0999999996275","","","","","","","","",""
"","survey-text","340","126751","0.0-340.0-0.0","3K5TEWLKGWX2ENZ752HDGPFXIFOIVE","A2E0LU8V4EUX5C","3VJ4PFXFJ3TL96TFXMATEMT7KJHUAI","","3109.5999999996275","","","","","","","","{""Q0"":""28""}",""
"","survey-multi-choice","341","129031","0.0-340.0-1.0","3K5TEWLKGWX2ENZ752HDGPFXIFOIVE","A2E0LU8V4EUX5C","3VJ4PFXFJ3TL96TFXMATEMT7KJHUAI","","2279","","","","","","","","{""gender"":""M""}","[0]"
"","survey-text","342","135520","0.0-341.0","3K5TEWLKGWX2ENZ752HDGPFXIFOIVE","A2E0LU8V4EUX5C","3VJ4PFXFJ3TL96TFXMATEMT7KJHUAI","","6486.0999999996275","","","","","","","","{""Q0"":""A2E0LU8V4EUX5C""}",""
