"success","trial_type","trial_index","time_elapsed","internal_node_id","assignmentID","mturkID","hitID","view_history","rt","stimulus","key_press","reactionTime","a","r","s","reward_cond","warning","responses"
"true","fullscreen","0","4057","0.0-0.0","30BUDKLTXEH90OI63S99RCN6CNU5ED","A1CPY1HLCFTIL1","329E6HTMSWO7MPPIUTRHLR63CI0K3O","","","","","","","","","","",""
"","instructions","1","22599","0.0-1.0","30BUDKLTXEH90OI63S99RCN6CNU5ED","A1CPY1HLCFTIL1","329E6HTMSWO7MPPIUTRHLR63CI0K3O","[{""page_index"":0,""viewing_time"":6128.300000011921},{""page_index"":1,""viewing_time"":2191.699999988079},{""page_index"":2,""viewing_time"":415.90000000596046},{""page_index"":3,""viewing_time"":3832},{""page_index"":4,""viewing_time"":2608},{""page_index"":5,""viewing_time"":2159.9000000059605},{""page_index"":6,""viewing_time"":1200}]","18537","","","","","","","","",""
"","image-keyboard-response","2","25518","0.0-2.0","30BUDKLTXEH90OI63S99RCN6CNU5ED","A1CPY1HLCFTIL1","329E6HTMSWO7MPPIUTRHLR63CI0K3O","","2915.5","img/food3.png","74","2918.4000000059605","1","0","3","1,0.5,0,1,0.5,0,0.5,0,1","",""
"","html-keyboard-response","3","25824","0.0-3.0","30BUDKLTXEH90OI63S99RCN6CNU5ED","A1CPY1HLCFTIL1","329E6HTMSWO7MPPIUTRHLR63CI0K3O","","null","<img src=""img/food3.png"" style=""width:200px;border:14px solid red;"">","null","","","","","","",""
"","image-keyboard-response","4","26532","0.0-4.0","30BUDKLTXEH90OI63S99RCN6CNU5ED","A1CPY1HLCFTIL1","329E6HTMSWO7MPPIUTRHLR63CI0K3O","","704.7999999821186","img/food2.png","76","707.5999999940395","3","0","2","1,0.5,0,1,0.5,0,0.5,0,1","",""
"","html-keyboard-response","5","26836","0.0-5.0","30BUDKLTXEH90OI63S99RCN6CNU5ED","A1CPY1HLCFTIL1","329E6HTMSWO7MPPIUTRHLR63CI0K3O","","null","<img src=""img/food2.png"" style=""width:200px;border:14px solid red;"">","null","","","","","","",""
"","image-keyboard-response","6","27565","0.0-6.0","30BUDKLTXEH90OI63S99RCN6CNU5ED","A1CPY1HLCFTIL1","329E6HTMSWO7MPPIUTRHLR63CI0K3O","","725.2000000178814","img/food3.png","74","728.0999999940395","1","1","3","1,0.5,0,1,0.5,0,0.5,0,1","",""
"","html-keyboard-response","7","27869","0.0-7.0","30BUDKLTXEH90OI63S99RCN6CNU5ED","A1CPY1HLCFTIL1","329E6HTMSWO7MPPIUTRHLR63CI0K3O","","null","<img src=""img/food3.png"" style=""width:200px; border:14px solid green;"">","null","","","","","","",""
"","image-keyboard-response","8","28687","0.0-8.0","30BUDKLTXEH90OI63S99RCN6CNU5ED","A1CPY1HLCFTIL1","329E6HTMSWO7MPPIUTRHLR63CI0K3O","","814.5999999940395","img/food2.png","75","817.5999999940395","2","0","2","1,0.5,0,1,0.5,0,0.5,0,1","",""
"","html-keyboard-response","9","28992","0.0-9.0","30BUDKLTXEH90OI63S99RCN6CNU5ED","A1CPY1HLCFTIL1","329E6HTMSWO7MPPIUTRHLR63CI0K3O","","null","<img src=""img/food2.png"" style=""width:200px;border:14px solid red;"">","null","","","","","","",""
"","image-keyboard-response","10","30159","0.0-10.0","30BUDKLTXEH90OI63S99RCN6CNU5ED","A1CPY1HLCFTIL1","329E6HTMSWO7MPPIUTRHLR63CI0K3O","","1164.0999999940395","img/food4.png","76","1167.0999999940395","3","0","1","1,0.5,0,1,0.5,0,0.5,0,1","",""
"","html-keyboard-response","11","30463","0.0-11.0","30BUDKLTXEH90OI63S99RCN6CNU5ED","A1CPY1HLCFTIL1","329E6HTMSWO7MPPIUTRHLR63CI0K3O","","null","<img src=""img/food4.png"" style=""width:200px;border:14px solid red;"">","null","","","","","","",""
"","image-keyboard-response","12","30851","0.0-12.0","30BUDKLTXEH90OI63S99RCN6CNU5ED","A1CPY1HLCFTIL1","329E6HTMSWO7MPPIUTRHLR63CI0K3O","","383.90000000596046","img/food4.png","74","387.09999999403954","1","1","1","1,0.5,0,1,0.5,0,0.5,0,1","",""
"","html-keyboard-response","13","31155","0.0-13.0","30BUDKLTXEH90OI63S99RCN6CNU5ED","A1CPY1HLCFTIL1","329E6HTMSWO7MPPIUTRHLR63CI0K3O","","null","<img src=""img/food4.png"" style=""width:200px; border:14px solid green;"">","null","","","","","","",""
"","image-keyboard-response","14","31607","0.0-14.0","30BUDKLTXEH90OI63S99RCN6CNU5ED","A1CPY1HLCFTIL1","329E6HTMSWO7MPPIUTRHLR63CI0K3O","","449.59999999403954","img/food4.png","74","452.40000000596046","1","1","1","1,0.5,0,1,0.5,0,0.5,0,1","",""
"","html-keyboard-response","15","31911","0.0-15.0","30BUDKLTXEH90OI63S99RCN6CNU5ED","A1CPY1HLCFTIL1","329E6HTMSWO7MPPIUTRHLR63CI0K3O","","null","<img src=""img/food4.png"" style=""width:200px; border:14px solid green;"">","null","","","","","","",""
"","image-keyboard-response","16","32799","0.0-16.0","30BUDKLTXEH90OI63S99RCN6CNU5ED","A1CPY1HLCFTIL1","329E6HTMSWO7MPPIUTRHLR63CI0K3O","","884.9000000059605","img/food3.png","74","887.2999999821186","1","0","3","1,0.5,0,1,0.5,0,0.5,0,1","",""
"","html-keyboard-response","17","33102","0.0-17.0","30BUDKLTXEH90OI63S99RCN6CNU5ED","A1CPY1HLCFTIL1","329E6HTMSWO7MPPIUTRHLR63CI0K3O","","null","<img src=""img/food3.png"" style=""width:200px;border:14px solid red;"">","null","","","","","","",""
"","image-keyboard-response","18","33879","0.0-18.0","30BUDKLTXEH90OI63S99RCN6CNU5ED","A1CPY1HLCFTIL1","329E6HTMSWO7MPPIUTRHLR63CI0K3O","","774.1999999880791","img/food2.png","76","776.2999999821186","3","0","2","1,0.5,0,1,0.5,0,0.5,0,1","",""
"","html-keyboard-response","19","34181","0.0-19.0","30BUDKLTXEH90OI63S99RCN6CNU5ED","A1CPY1HLCFTIL1","329E6HTMSWO7MPPIUTRHLR63CI0K3O","","null","<img src=""img/food2.png"" style=""width:200px;border:14px solid red;"">","null","","","","","","",""
"","image-keyboard-response","20","35455","0.0-20.0","30BUDKLTXEH90OI63S99RCN6CNU5ED","A1CPY1HLCFTIL1","329E6HTMSWO7MPPIUTRHLR63CI0K3O","","1272.300000011921","img/food3.png","75","1274.4000000059605","2","0","3","1,0.5,0,1,0.5,0,0.5,0,1","",""
"","html-keyboard-response","21","35759","0.0-21.0","30BUDKLTXEH90OI63S99RCN6CNU5ED","A1CPY1HLCFTIL1","329E6HTMSWO7MPPIUTRHLR63CI0K3O","","null","<img src=""img/food3.png"" style=""width:200px;border:14px solid red;"">","null","","","","","","",""
"","image-keyboard-response","22","36197","0.0-22.0","30BUDKLTXEH90OI63S99RCN6CNU5ED","A1CPY1HLCFTIL1","329E6HTMSWO7MPPIUTRHLR63CI0K3O","","434.7000000178814","img/food3.png","74","437.60000002384186","1","0","3","1,0.5,0,1,0.5,0,0.5,0,1","",""
"","html-keyboard-response","23","36501","0.0-23.0","30BUDKLTXEH90OI63S99RCN6CNU5ED","A1CPY1HLCFTIL1","329E6HTMSWO7MPPIUTRHLR63CI0K3O","","null","<img src=""img/food3.png"" style=""width:200px;border:14px solid red;"">","null","","","","","","",""
"","image-keyboard-response","24","38714","0.0-24.0","30BUDKLTXEH90OI63S99RCN6CNU5ED","A1CPY1HLCFTIL1","329E6HTMSWO7MPPIUTRHLR63CI0K3O","","2210.0999999940395","img/food4.png","74","2212.699999988079","1","1","1","1,0.5,0,1,0.5,0,0.5,0,1","",""
"","html-keyboard-response","25","39017","0.0-25.0","30BUDKLTXEH90OI63S99RCN6CNU5ED","A1CPY1HLCFTIL1","329E6HTMSWO7MPPIUTRHLR63CI0K3O","","null","<img src=""img/food4.png"" style=""width:200px; border:14px solid green;"">","null","","","","","","",""
"","image-keyboard-response","26","39439","0.0-26.0","30BUDKLTXEH90OI63S99RCN6CNU5ED","A1CPY1HLCFTIL1","329E6HTMSWO7MPPIUTRHLR63CI0K3O","","419","img/food4.png","74","421.80000001192093","1","1","1","1,0.5,0,1,0.5,0,0.5,0,1","",""
"","html-keyboard-response","27","39744","0.0-27.0","30BUDKLTXEH90OI63S99RCN6CNU5ED","A1CPY1HLCFTIL1","329E6HTMSWO7MPPIUTRHLR63CI0K3O","","null","<img src=""img/food4.png"" style=""width:200px; border:14px solid green;"">","null","","","","","","",""
"","image-keyboard-response","28","40127","0.0-28.0","30BUDKLTXEH90OI63S99RCN6CNU5ED","A1CPY1HLCFTIL1","329E6HTMSWO7MPPIUTRHLR63CI0K3O","","380.5","img/food4.png","74","383.09999999403954","1","1","1","1,0.5,0,1,0.5,0,0.5,0,1","",""
"","html-keyboard-response","29","40431","0.0-29.0","30BUDKLTXEH90OI63S99RCN6CNU5ED","A1CPY1HLCFTIL1","329E6HTMSWO7MPPIUTRHLR63CI0K3O","","null","<img src=""img/food4.png"" style=""width:200px; border:14px solid green;"">","null","","","","","","",""
"","image-keyboard-response","30","41148","0.0-30.0","30BUDKLTXEH90OI63S99RCN6CNU5ED","A1CPY1HLCFTIL1","329E6HTMSWO7MPPIUTRHLR63CI0K3O","","713.5999999940395","img/food3.png","76","716.0999999940395","3","1","3","1,0.5,0,1,0.5,0,0.5,0,1","",""
"","html-keyboard-response","31","41452","0.0-31.0","30BUDKLTXEH90OI63S99RCN6CNU5ED","A1CPY1HLCFTIL1","329E6HTMSWO7MPPIUTRHLR63CI0K3O","","null","<img src=""img/food3.png"" style=""width:200px; border:14px solid green;"">","null","","","","","","",""
"","image-keyboard-response","32","42310","0.0-32.0","30BUDKLTXEH90OI63S99RCN6CNU5ED","A1CPY1HLCFTIL1","329E6HTMSWO7MPPIUTRHLR63CI0K3O","","856.0999999940395","img/food4.png","75","858.3000000119209","2","1","1","1,0.5,0,1,0.5,0,0.5,0,1","",""
"","html-keyboard-response","33","42614","0.0-33.0","30BUDKLTXEH90OI63S99RCN6CNU5ED","A1CPY1HLCFTIL1","329E6HTMSWO7MPPIUTRHLR63CI0K3O","","null","<img src=""img/food4.png"" style=""width:200px; border:14px solid green;"">","null","","","","","","",""
"","image-keyboard-response","34","43521","0.0-34.0","30BUDKLTXEH90OI63S99RCN6CNU5ED","A1CPY1HLCFTIL1","329E6HTMSWO7MPPIUTRHLR63CI0K3O","","904.3000000119209","img/food2.png","76","907.0999999940395","3","0","2","1,0.5,0,1,0.5,0,0.5,0,1","",""
"","html-keyboard-response","35","43825","0.0-35.0","30BUDKLTXEH90OI63S99RCN6CNU5ED","A1CPY1HLCFTIL1","329E6HTMSWO7MPPIUTRHLR63CI0K3O","","null","<img src=""img/food2.png"" style=""width:200px;border:14px solid red;"">","null","","","","","","",""
"","image-keyboard-response","36","45446","0.0-36.0","30BUDKLTXEH90OI63S99RCN6CNU5ED","A1CPY1HLCFTIL1","329E6HTMSWO7MPPIUTRHLR63CI0K3O","","1617.300000011921","img/food4.png","75","1620.199999988079","2","0","1","1,0.5,0,1,0.5,0,0.5,0,1","",""
"","html-keyboard-response","37","45750","0.0-37.0","30BUDKLTXEH90OI63S99RCN6CNU5ED","A1CPY1HLCFTIL1","329E6HTMSWO7MPPIUTRHLR63CI0K3O","","null","<img src=""img/food4.png"" style=""width:200px;border:14px solid red;"">","null","","","","","","",""
"","image-keyboard-response","38","46161","0.0-38.0","30BUDKLTXEH90OI63S99RCN6CNU5ED","A1CPY1HLCFTIL1","329E6HTMSWO7MPPIUTRHLR63CI0K3O","","408.09999999403954","img/food4.png","76","410.69999998807907","3","0","1","1,0.5,0,1,0.5,0,0.5,0,1","",""
"","html-keyboard-response","39","46464","0.0-39.0","30BUDKLTXEH90OI63S99RCN6CNU5ED","A1CPY1HLCFTIL1","329E6HTMSWO7MPPIUTRHLR63CI0K3O","","null","<img src=""img/food4.png"" style=""width:200px;border:14px solid red;"">","null","","","","","","",""
"","image-keyboard-response","40","46786","0.0-40.0","30BUDKLTXEH90OI63S99RCN6CNU5ED","A1CPY1HLCFTIL1","329E6HTMSWO7MPPIUTRHLR63CI0K3O","","318.09999999403954","img/food4.png","74","320.69999998807907","1","1","1","1,0.5,0,1,0.5,0,0.5,0,1","",""
"","html-keyboard-response","41","47090","0.0-41.0","30BUDKLTXEH90OI63S99RCN6CNU5ED","A1CPY1HLCFTIL1","329E6HTMSWO7MPPIUTRHLR63CI0K3O","","null","<img src=""img/food4.png"" style=""width:200px; border:14px solid green;"">","null","","","","","","",""
"","image-keyboard-response","42","47446","0.0-42.0","30BUDKLTXEH90OI63S99RCN6CNU5ED","A1CPY1HLCFTIL1","329E6HTMSWO7MPPIUTRHLR63CI0K3O","","352.19999998807907","img/food4.png","74","354.90000000596046","1","1","1","1,0.5,0,1,0.5,0,0.5,0,1","",""
"","html-keyboard-response","43","47749","0.0-43.0","30BUDKLTXEH90OI63S99RCN6CNU5ED","A1CPY1HLCFTIL1","329E6HTMSWO7MPPIUTRHLR63CI0K3O","","null","<img src=""img/food4.png"" style=""width:200px; border:14px solid green;"">","null","","","","","","",""
"","image-keyboard-response","44","48424","0.0-44.0","30BUDKLTXEH90OI63S99RCN6CNU5ED","A1CPY1HLCFTIL1","329E6HTMSWO7MPPIUTRHLR63CI0K3O","","672.4000000059605","img/food2.png","76","674.5999999940395","3","0","2","1,0.5,0,1,0.5,0,0.5,0,1","",""
"","html-keyboard-response","45","48727","0.0-45.0","30BUDKLTXEH90OI63S99RCN6CNU5ED","A1CPY1HLCFTIL1","329E6HTMSWO7MPPIUTRHLR63CI0K3O","","null","<img src=""img/food2.png"" style=""width:200px;border:14px solid red;"">","null","","","","","","",""
"","image-keyboard-response","46","49679","0.0-46.0","30BUDKLTXEH90OI63S99RCN6CNU5ED","A1CPY1HLCFTIL1","329E6HTMSWO7MPPIUTRHLR63CI0K3O","","950.5","img/food3.png","75","952.7000000178814","2","0","3","1,0.5,0,1,0.5,0,0.5,0,1","",""
"","html-keyboard-response","47","49985","0.0-47.0","30BUDKLTXEH90OI63S99RCN6CNU5ED","A1CPY1HLCFTIL1","329E6HTMSWO7MPPIUTRHLR63CI0K3O","","null","<img src=""img/food3.png"" style=""width:200px;border:14px solid red;"">","null","","","","","","",""
"","image-keyboard-response","48","51419","0.0-48.0","30BUDKLTXEH90OI63S99RCN6CNU5ED","A1CPY1HLCFTIL1","329E6HTMSWO7MPPIUTRHLR63CI0K3O","","1431.5999999940395","img/food3.png","76","1434.199999988079","3","1","3","1,0.5,0,1,0.5,0,0.5,0,1","",""
"","html-keyboard-response","49","51723","0.0-49.0","30BUDKLTXEH90OI63S99RCN6CNU5ED","A1CPY1HLCFTIL1","329E6HTMSWO7MPPIUTRHLR63CI0K3O","","null","<img src=""img/food3.png"" style=""width:200px; border:14px solid green;"">","null","","","","","","",""
"","image-keyboard-response","50","52932","0.0-50.0","30BUDKLTXEH90OI63S99RCN6CNU5ED","A1CPY1HLCFTIL1","329E6HTMSWO7MPPIUTRHLR63CI0K3O","","1206.5999999940395","img/food4.png","75","1208.699999988079","2","1","1","1,0.5,0,1,0.5,0,0.5,0,1","",""
"","html-keyboard-response","51","53235","0.0-51.0","30BUDKLTXEH90OI63S99RCN6CNU5ED","A1CPY1HLCFTIL1","329E6HTMSWO7MPPIUTRHLR63CI0K3O","","null","<img src=""img/food4.png"" style=""width:200px; border:14px solid green;"">","null","","","","","","",""
"","image-keyboard-response","52","54543","0.0-52.0","30BUDKLTXEH90OI63S99RCN6CNU5ED","A1CPY1HLCFTIL1","329E6HTMSWO7MPPIUTRHLR63CI0K3O","","1305.5999999940395","img/food3.png","76","1307.699999988079","3","1","3","1,0.5,0,1,0.5,0,0.5,0,1","",""
"","html-keyboard-response","53","54851","0.0-53.0","30BUDKLTXEH90OI63S99RCN6CNU5ED","A1CPY1HLCFTIL1","329E6HTMSWO7MPPIUTRHLR63CI0K3O","","null","<img src=""img/food3.png"" style=""width:200px; border:14px solid green;"">","null","","","","","","",""
"","image-keyboard-response","54","55833","0.0-54.0","30BUDKLTXEH90OI63S99RCN6CNU5ED","A1CPY1HLCFTIL1","329E6HTMSWO7MPPIUTRHLR63CI0K3O","","977.6999999880791","img/food2.png","74","981","1","1","2","1,0.5,0,1,0.5,0,0.5,0,1","",""
"","html-keyboard-response","55","56137","0.0-55.0","30BUDKLTXEH90OI63S99RCN6CNU5ED","A1CPY1HLCFTIL1","329E6HTMSWO7MPPIUTRHLR63CI0K3O","","null","<img src=""img/food2.png"" style=""width:200px; border:14px solid green;"">","null","","","","","","",""
"","image-keyboard-response","56","56953","0.0-56.0","30BUDKLTXEH90OI63S99RCN6CNU5ED","A1CPY1HLCFTIL1","329E6HTMSWO7MPPIUTRHLR63CI0K3O","","814","img/food3.png","76","815.9000000059605","3","1","3","1,0.5,0,1,0.5,0,0.5,0,1","",""
"","html-keyboard-response","57","57256","0.0-57.0","30BUDKLTXEH90OI63S99RCN6CNU5ED","A1CPY1HLCFTIL1","329E6HTMSWO7MPPIUTRHLR63CI0K3O","","null","<img src=""img/food3.png"" style=""width:200px; border:14px solid green;"">","null","","","","","","",""
"","image-keyboard-response","58","57944","0.0-58.0","30BUDKLTXEH90OI63S99RCN6CNU5ED","A1CPY1HLCFTIL1","329E6HTMSWO7MPPIUTRHLR63CI0K3O","","684.3000000119209","img/food3.png","76","687.0999999940395","3","1","3","1,0.5,0,1,0.5,0,0.5,0,1","",""
"","html-keyboard-response","59","58246","0.0-59.0","30BUDKLTXEH90OI63S99RCN6CNU5ED","A1CPY1HLCFTIL1","329E6HTMSWO7MPPIUTRHLR63CI0K3O","","null","<img src=""img/food3.png"" style=""width:200px; border:14px solid green;"">","null","","","","","","",""
"","image-keyboard-response","60","59104","0.0-60.0","30BUDKLTXEH90OI63S99RCN6CNU5ED","A1CPY1HLCFTIL1","329E6HTMSWO7MPPIUTRHLR63CI0K3O","","856.3999999761581","img/food2.png","74","858.0999999940395","1","1","2","1,0.5,0,1,0.5,0,0.5,0,1","",""
"","html-keyboard-response","61","59407","0.0-61.0","30BUDKLTXEH90OI63S99RCN6CNU5ED","A1CPY1HLCFTIL1","329E6HTMSWO7MPPIUTRHLR63CI0K3O","","null","<img src=""img/food2.png"" style=""width:200px; border:14px solid green;"">","null","","","","","","",""
"","image-keyboard-response","62","60125","0.0-62.0","30BUDKLTXEH90OI63S99RCN6CNU5ED","A1CPY1HLCFTIL1","329E6HTMSWO7MPPIUTRHLR63CI0K3O","","714.5","img/food3.png","76","717.4000000059605","3","1","3","1,0.5,0,1,0.5,0,0.5,0,1","",""
"","html-keyboard-response","63","60429","0.0-63.0","30BUDKLTXEH90OI63S99RCN6CNU5ED","A1CPY1HLCFTIL1","329E6HTMSWO7MPPIUTRHLR63CI0K3O","","null","<img src=""img/food3.png"" style=""width:200px; border:14px solid green;"">","null","","","","","","",""
"","image-keyboard-response","64","61823","0.0-64.0","30BUDKLTXEH90OI63S99RCN6CNU5ED","A1CPY1HLCFTIL1","329E6HTMSWO7MPPIUTRHLR63CI0K3O","","1391.0999999940395","img/food3.png","74","1393.9000000059605","1","1","3","1,0.5,0,1,0.5,0,0.5,0,1","",""
"","html-keyboard-response","65","62139","0.0-65.0","30BUDKLTXEH90OI63S99RCN6CNU5ED","A1CPY1HLCFTIL1","329E6HTMSWO7MPPIUTRHLR63CI0K3O","","null","<img src=""img/food3.png"" style=""width:200px; border:14px solid green;"">","null","","","","","","",""
"","image-keyboard-response","66","63424","0.0-66.0","30BUDKLTXEH90OI63S99RCN6CNU5ED","A1CPY1HLCFTIL1","329E6HTMSWO7MPPIUTRHLR63CI0K3O","","1281.699999988079","img/food3.png","76","1284.800000011921","3","1","3","1,0.5,0,1,0.5,0,0.5,0,1","",""
"","html-keyboard-response","67","63729","0.0-67.0","30BUDKLTXEH90OI63S99RCN6CNU5ED","A1CPY1HLCFTIL1","329E6HTMSWO7MPPIUTRHLR63CI0K3O","","null","<img src=""img/food3.png"" style=""width:200px; border:14px solid green;"">","null","","","","","","",""
"","image-keyboard-response","68","64247","0.0-68.0","30BUDKLTXEH90OI63S99RCN6CNU5ED","A1CPY1HLCFTIL1","329E6HTMSWO7MPPIUTRHLR63CI0K3O","","515","img/food3.png","76","517.6999999880791","3","1","3","1,0.5,0,1,0.5,0,0.5,0,1","",""
"","html-keyboard-response","69","64551","0.0-69.0","30BUDKLTXEH90OI63S99RCN6CNU5ED","A1CPY1HLCFTIL1","329E6HTMSWO7MPPIUTRHLR63CI0K3O","","null","<img src=""img/food3.png"" style=""width:200px; border:14px solid green;"">","null","","","","","","",""
"","image-keyboard-response","70","64966","0.0-70.0","30BUDKLTXEH90OI63S99RCN6CNU5ED","A1CPY1HLCFTIL1","329E6HTMSWO7MPPIUTRHLR63CI0K3O","","410.59999999403954","img/food3.png","76","414","3","1","3","1,0.5,0,1,0.5,0,0.5,0,1","",""
"","html-keyboard-response","71","65269","0.0-71.0","30BUDKLTXEH90OI63S99RCN6CNU5ED","A1CPY1HLCFTIL1","329E6HTMSWO7MPPIUTRHLR63CI0K3O","","null","<img src=""img/food3.png"" style=""width:200px; border:14px solid green;"">","null","","","","","","",""
"","image-keyboard-response","72","66372","0.0-72.0","30BUDKLTXEH90OI63S99RCN6CNU5ED","A1CPY1HLCFTIL1","329E6HTMSWO7MPPIUTRHLR63CI0K3O","","1099.0999999940395","img/food4.png","75","1102.0999999940395","2","0","1","1,0.5,0,1,0.5,0,0.5,0,1","",""
"","html-keyboard-response","73","66676","0.0-73.0","30BUDKLTXEH90OI63S99RCN6CNU5ED","A1CPY1HLCFTIL1","329E6HTMSWO7MPPIUTRHLR63CI0K3O","","null","<img src=""img/food4.png"" style=""width:200px;border:14px solid red;"">","null","","","","","","",""
"","image-keyboard-response","74","67746","0.0-74.0","30BUDKLTXEH90OI63S99RCN6CNU5ED","A1CPY1HLCFTIL1","329E6HTMSWO7MPPIUTRHLR63CI0K3O","","1067","img/food3.png","76","1070","3","1","3","1,0.5,0,1,0.5,0,0.5,0,1","",""
"","html-keyboard-response","75","68050","0.0-75.0","30BUDKLTXEH90OI63S99RCN6CNU5ED","A1CPY1HLCFTIL1","329E6HTMSWO7MPPIUTRHLR63CI0K3O","","null","<img src=""img/food3.png"" style=""width:200px; border:14px solid green;"">","null","","","","","","",""
"","image-keyboard-response","76","68684","0.0-76.0","30BUDKLTXEH90OI63S99RCN6CNU5ED","A1CPY1HLCFTIL1","329E6HTMSWO7MPPIUTRHLR63CI0K3O","","630.7000000178814","img/food2.png","74","633.5","1","1","2","1,0.5,0,1,0.5,0,0.5,0,1","",""
"","html-keyboard-response","77","68987","0.0-77.0","30BUDKLTXEH90OI63S99RCN6CNU5ED","A1CPY1HLCFTIL1","329E6HTMSWO7MPPIUTRHLR63CI0K3O","","null","<img src=""img/food2.png"" style=""width:200px; border:14px solid green;"">","null","","","","","","",""
"","image-keyboard-response","78","69803","0.0-78.0","30BUDKLTXEH90OI63S99RCN6CNU5ED","A1CPY1HLCFTIL1","329E6HTMSWO7MPPIUTRHLR63CI0K3O","","812.6999999880791","img/food4.png","75","815.5999999940395","2","0","1","1,0.5,0,1,0.5,0,0.5,0,1","",""
"","html-keyboard-response","79","70107","0.0-79.0","30BUDKLTXEH90OI63S99RCN6CNU5ED","A1CPY1HLCFTIL1","329E6HTMSWO7MPPIUTRHLR63CI0K3O","","null","<img src=""img/food4.png"" style=""width:200px;border:14px solid red;"">","null","","","","","","",""
"","image-keyboard-response","80","71375","0.0-80.0","30BUDKLTXEH90OI63S99RCN6CNU5ED","A1CPY1HLCFTIL1","329E6HTMSWO7MPPIUTRHLR63CI0K3O","","1265.1000000238419","img/food2.png","74","1267.7000000178814","1","1","2","1,0.5,0,1,0.5,0,0.5,0,1","",""
"","html-keyboard-response","81","71679","0.0-81.0","30BUDKLTXEH90OI63S99RCN6CNU5ED","A1CPY1HLCFTIL1","329E6HTMSWO7MPPIUTRHLR63CI0K3O","","null","<img src=""img/food2.png"" style=""width:200px; border:14px solid green;"">","null","","","","","","",""
"","image-keyboard-response","82","72105","0.0-82.0","30BUDKLTXEH90OI63S99RCN6CNU5ED","A1CPY1HLCFTIL1","329E6HTMSWO7MPPIUTRHLR63CI0K3O","","421.40000000596046","img/food2.png","74","424.5","1","1","2","1,0.5,0,1,0.5,0,0.5,0,1","",""
"","html-keyboard-response","83","72408","0.0-83.0","30BUDKLTXEH90OI63S99RCN6CNU5ED","A1CPY1HLCFTIL1","329E6HTMSWO7MPPIUTRHLR63CI0K3O","","null","<img src=""img/food2.png"" style=""width:200px; border:14px solid green;"">","null","","","","","","",""
"","image-keyboard-response","84","72814","0.0-84.0","30BUDKLTXEH90OI63S99RCN6CNU5ED","A1CPY1HLCFTIL1","329E6HTMSWO7MPPIUTRHLR63CI0K3O","","403.10000002384186","img/food2.png","74","405.90000000596046","1","1","2","1,0.5,0,1,0.5,0,0.5,0,1","",""
"","html-keyboard-response","85","73118","0.0-85.0","30BUDKLTXEH90OI63S99RCN6CNU5ED","A1CPY1HLCFTIL1","329E6HTMSWO7MPPIUTRHLR63CI0K3O","","null","<img src=""img/food2.png"" style=""width:200px; border:14px solid green;"">","null","","","","","","",""
"","image-keyboard-response","86","73823","0.0-86.0","30BUDKLTXEH90OI63S99RCN6CNU5ED","A1CPY1HLCFTIL1","329E6HTMSWO7MPPIUTRHLR63CI0K3O","","701.5999999940395","img/food4.png","75","704.5999999940395","2","1","1","1,0.5,0,1,0.5,0,0.5,0,1","",""
"","html-keyboard-response","87","74127","0.0-87.0","30BUDKLTXEH90OI63S99RCN6CNU5ED","A1CPY1HLCFTIL1","329E6HTMSWO7MPPIUTRHLR63CI0K3O","","null","<img src=""img/food4.png"" style=""width:200px; border:14px solid green;"">","null","","","","","","",""
"","image-keyboard-response","88","74784","0.0-88.0","30BUDKLTXEH90OI63S99RCN6CNU5ED","A1CPY1HLCFTIL1","329E6HTMSWO7MPPIUTRHLR63CI0K3O","","654.2000000178814","img/food3.png","76","656.9000000059605","3","1","3","1,0.5,0,1,0.5,0,0.5,0,1","",""
"","html-keyboard-response","89","75089","0.0-89.0","30BUDKLTXEH90OI63S99RCN6CNU5ED","A1CPY1HLCFTIL1","329E6HTMSWO7MPPIUTRHLR63CI0K3O","","null","<img src=""img/food3.png"" style=""width:200px; border:14px solid green;"">","null","","","","","","",""
"","image-keyboard-response","90","75694","0.0-90.0","30BUDKLTXEH90OI63S99RCN6CNU5ED","A1CPY1HLCFTIL1","329E6HTMSWO7MPPIUTRHLR63CI0K3O","","601.7999999821186","img/food4.png","75","604.5999999940395","2","0","1","1,0.5,0,1,0.5,0,0.5,0,1","",""
"","html-keyboard-response","91","75998","0.0-91.0","30BUDKLTXEH90OI63S99RCN6CNU5ED","A1CPY1HLCFTIL1","329E6HTMSWO7MPPIUTRHLR63CI0K3O","","null","<img src=""img/food4.png"" style=""width:200px;border:14px solid red;"">","null","","","","","","",""
"","image-keyboard-response","92","78390","0.0-92.0","30BUDKLTXEH90OI63S99RCN6CNU5ED","A1CPY1HLCFTIL1","329E6HTMSWO7MPPIUTRHLR63CI0K3O","","2389.9000000059605","img/food4.png","75","2392","2","0","1","1,0.5,0,1,0.5,0,0.5,0,1","",""
"","html-keyboard-response","93","78694","0.0-93.0","30BUDKLTXEH90OI63S99RCN6CNU5ED","A1CPY1HLCFTIL1","329E6HTMSWO7MPPIUTRHLR63CI0K3O","","null","<img src=""img/food4.png"" style=""width:200px;border:14px solid red;"">","null","","","","","","",""
"","image-keyboard-response","94","79323","0.0-94.0","30BUDKLTXEH90OI63S99RCN6CNU5ED","A1CPY1HLCFTIL1","329E6HTMSWO7MPPIUTRHLR63CI0K3O","","625.8000000119209","img/food4.png","74","628.4000000059605","1","1","1","1,0.5,0,1,0.5,0,0.5,0,1","",""
"","html-keyboard-response","95","79627","0.0-95.0","30BUDKLTXEH90OI63S99RCN6CNU5ED","A1CPY1HLCFTIL1","329E6HTMSWO7MPPIUTRHLR63CI0K3O","","null","<img src=""img/food4.png"" style=""width:200px; border:14px solid green;"">","null","","","","","","",""
"","image-keyboard-response","96","80431","0.0-96.0","30BUDKLTXEH90OI63S99RCN6CNU5ED","A1CPY1HLCFTIL1","329E6HTMSWO7MPPIUTRHLR63CI0K3O","","801.1999999880791","img/food2.png","74","804","1","1","2","1,0.5,0,1,0.5,0,0.5,0,1","",""
"","html-keyboard-response","97","80735","0.0-97.0","30BUDKLTXEH90OI63S99RCN6CNU5ED","A1CPY1HLCFTIL1","329E6HTMSWO7MPPIUTRHLR63CI0K3O","","null","<img src=""img/food2.png"" style=""width:200px; border:14px solid green;"">","null","","","","","","",""
"","image-keyboard-response","98","81557","0.0-98.0","30BUDKLTXEH90OI63S99RCN6CNU5ED","A1CPY1HLCFTIL1","329E6HTMSWO7MPPIUTRHLR63CI0K3O","","819.1999999880791","img/food3.png","76","821.5999999940395","3","1","3","1,0.5,0,1,0.5,0,0.5,0,1","",""
"","html-keyboard-response","99","81860","0.0-99.0","30BUDKLTXEH90OI63S99RCN6CNU5ED","A1CPY1HLCFTIL1","329E6HTMSWO7MPPIUTRHLR63CI0K3O","","null","<img src=""img/food3.png"" style=""width:200px; border:14px solid green;"">","null","","","","","","",""
"","image-keyboard-response","100","84810","0.0-100.0","30BUDKLTXEH90OI63S99RCN6CNU5ED","A1CPY1HLCFTIL1","329E6HTMSWO7MPPIUTRHLR63CI0K3O","","2946.5999999940395","img/food2.png","74","2949.2999999821186","1","1","2","1,0.5,0,1,0.5,0,0.5,0,1","",""
"","html-keyboard-response","101","85114","0.0-101.0","30BUDKLTXEH90OI63S99RCN6CNU5ED","A1CPY1HLCFTIL1","329E6HTMSWO7MPPIUTRHLR63CI0K3O","","null","<img src=""img/food2.png"" style=""width:200px; border:14px solid green;"">","null","","","","","","",""
"","image-keyboard-response","102","85991","0.0-102.0","30BUDKLTXEH90OI63S99RCN6CNU5ED","A1CPY1HLCFTIL1","329E6HTMSWO7MPPIUTRHLR63CI0K3O","","870","img/food4.png","74","872.7000000178814","1","1","1","1,0.5,0,1,0.5,0,0.5,0,1","",""
"","html-keyboard-response","103","86295","0.0-103.0","30BUDKLTXEH90OI63S99RCN6CNU5ED","A1CPY1HLCFTIL1","329E6HTMSWO7MPPIUTRHLR63CI0K3O","","null","<img src=""img/food4.png"" style=""width:200px; border:14px solid green;"">","null","","","","","","",""
"","image-keyboard-response","104","86962","0.0-104.0","30BUDKLTXEH90OI63S99RCN6CNU5ED","A1CPY1HLCFTIL1","329E6HTMSWO7MPPIUTRHLR63CI0K3O","","664.6000000238419","img/food3.png","76","667.2000000178814","3","1","3","1,0.5,0,1,0.5,0,0.5,0,1","",""
"","html-keyboard-response","105","87266","0.0-105.0","30BUDKLTXEH90OI63S99RCN6CNU5ED","A1CPY1HLCFTIL1","329E6HTMSWO7MPPIUTRHLR63CI0K3O","","null","<img src=""img/food3.png"" style=""width:200px; border:14px solid green;"">","null","","","","","","",""
"","image-keyboard-response","106","88625","0.0-106.0","30BUDKLTXEH90OI63S99RCN6CNU5ED","A1CPY1HLCFTIL1","329E6HTMSWO7MPPIUTRHLR63CI0K3O","","1356.6000000238419","img/food2.png","74","1359.4000000059605","1","1","2","1,0.5,0,1,0.5,0,0.5,0,1","",""
"","html-keyboard-response","107","88929","0.0-107.0","30BUDKLTXEH90OI63S99RCN6CNU5ED","A1CPY1HLCFTIL1","329E6HTMSWO7MPPIUTRHLR63CI0K3O","","null","<img src=""img/food2.png"" style=""width:200px; border:14px solid green;"">","null","","","","","","",""
"","image-keyboard-response","108","89495","0.0-108.0","30BUDKLTXEH90OI63S99RCN6CNU5ED","A1CPY1HLCFTIL1","329E6HTMSWO7MPPIUTRHLR63CI0K3O","","563","img/food4.png","74","565.7000000178814","1","1","1","1,0.5,0,1,0.5,0,0.5,0,1","",""
"","html-keyboard-response","109","89799","0.0-109.0","30BUDKLTXEH90OI63S99RCN6CNU5ED","A1CPY1HLCFTIL1","329E6HTMSWO7MPPIUTRHLR63CI0K3O","","null","<img src=""img/food4.png"" style=""width:200px; border:14px solid green;"">","null","","","","","","",""
"","image-keyboard-response","110","90425","0.0-110.0","30BUDKLTXEH90OI63S99RCN6CNU5ED","A1CPY1HLCFTIL1","329E6HTMSWO7MPPIUTRHLR63CI0K3O","","623.8000000119209","img/food2.png","74","626.4000000059605","1","1","2","1,0.5,0,1,0.5,0,0.5,0,1","",""
"","html-keyboard-response","111","90729","0.0-111.0","30BUDKLTXEH90OI63S99RCN6CNU5ED","A1CPY1HLCFTIL1","329E6HTMSWO7MPPIUTRHLR63CI0K3O","","null","<img src=""img/food2.png"" style=""width:200px; border:14px solid green;"">","null","","","","","","",""
"","image-keyboard-response","112","91486","0.0-112.0","30BUDKLTXEH90OI63S99RCN6CNU5ED","A1CPY1HLCFTIL1","329E6HTMSWO7MPPIUTRHLR63CI0K3O","","753.5999999940395","img/food3.png","76","756.5999999940395","3","1","3","1,0.5,0,1,0.5,0,0.5,0,1","",""
"","html-keyboard-response","113","91790","0.0-113.0","30BUDKLTXEH90OI63S99RCN6CNU5ED","A1CPY1HLCFTIL1","329E6HTMSWO7MPPIUTRHLR63CI0K3O","","null","<img src=""img/food3.png"" style=""width:200px; border:14px solid green;"">","null","","","","","","",""
"","image-keyboard-response","114","93552","0.0-114.0","30BUDKLTXEH90OI63S99RCN6CNU5ED","A1CPY1HLCFTIL1","329E6HTMSWO7MPPIUTRHLR63CI0K3O","","1759.4000000059605","img/food2.png","74","1762.199999988079","1","1","2","1,0.5,0,1,0.5,0,0.5,0,1","",""
"","html-keyboard-response","115","93857","0.0-115.0","30BUDKLTXEH90OI63S99RCN6CNU5ED","A1CPY1HLCFTIL1","329E6HTMSWO7MPPIUTRHLR63CI0K3O","","null","<img src=""img/food2.png"" style=""width:200px; border:14px solid green;"">","null","","","","","","",""
"","image-keyboard-response","116","94574","0.0-116.0","30BUDKLTXEH90OI63S99RCN6CNU5ED","A1CPY1HLCFTIL1","329E6HTMSWO7MPPIUTRHLR63CI0K3O","","713.9000000059605","img/food3.png","76","716.6000000238419","3","1","3","1,0.5,0,1,0.5,0,0.5,0,1","",""
"","html-keyboard-response","117","94878","0.0-117.0","30BUDKLTXEH90OI63S99RCN6CNU5ED","A1CPY1HLCFTIL1","329E6HTMSWO7MPPIUTRHLR63CI0K3O","","null","<img src=""img/food3.png"" style=""width:200px; border:14px solid green;"">","null","","","","","","",""
"","image-keyboard-response","118","95407","0.0-118.0","30BUDKLTXEH90OI63S99RCN6CNU5ED","A1CPY1HLCFTIL1","329E6HTMSWO7MPPIUTRHLR63CI0K3O","","526.0999999940395","img/food3.png","76","528.8000000119209","3","1","3","1,0.5,0,1,0.5,0,0.5,0,1","",""
"","html-keyboard-response","119","95711","0.0-119.0","30BUDKLTXEH90OI63S99RCN6CNU5ED","A1CPY1HLCFTIL1","329E6HTMSWO7MPPIUTRHLR63CI0K3O","","null","<img src=""img/food3.png"" style=""width:200px; border:14px solid green;"">","null","","","","","","",""
"","image-keyboard-response","120","96095","0.0-120.0","30BUDKLTXEH90OI63S99RCN6CNU5ED","A1CPY1HLCFTIL1","329E6HTMSWO7MPPIUTRHLR63CI0K3O","","380.59999999403954","img/food3.png","76","383.30000001192093","3","1","3","1,0.5,0,1,0.5,0,0.5,0,1","",""
"","html-keyboard-response","121","96398","0.0-121.0","30BUDKLTXEH90OI63S99RCN6CNU5ED","A1CPY1HLCFTIL1","329E6HTMSWO7MPPIUTRHLR63CI0K3O","","null","<img src=""img/food3.png"" style=""width:200px; border:14px solid green;"">","null","","","","","","",""
"","image-keyboard-response","122","96838","0.0-122.0","30BUDKLTXEH90OI63S99RCN6CNU5ED","A1CPY1HLCFTIL1","329E6HTMSWO7MPPIUTRHLR63CI0K3O","","438.59999999403954","img/food4.png","74","440.19999998807907","1","1","1","1,0.5,0,1,0.5,0,0.5,0,1","",""
"","html-keyboard-response","123","97142","0.0-123.0","30BUDKLTXEH90OI63S99RCN6CNU5ED","A1CPY1HLCFTIL1","329E6HTMSWO7MPPIUTRHLR63CI0K3O","","null","<img src=""img/food4.png"" style=""width:200px; border:14px solid green;"">","null","","","","","","",""
"","image-keyboard-response","124","97545","0.0-124.0","30BUDKLTXEH90OI63S99RCN6CNU5ED","A1CPY1HLCFTIL1","329E6HTMSWO7MPPIUTRHLR63CI0K3O","","399.7000000178814","img/food4.png","74","402.59999999403954","1","1","1","1,0.5,0,1,0.5,0,0.5,0,1","",""
"","html-keyboard-response","125","97849","0.0-125.0","30BUDKLTXEH90OI63S99RCN6CNU5ED","A1CPY1HLCFTIL1","329E6HTMSWO7MPPIUTRHLR63CI0K3O","","null","<img src=""img/food4.png"" style=""width:200px; border:14px solid green;"">","null","","","","","","",""
"","image-keyboard-response","126","98253","0.0-126.0","30BUDKLTXEH90OI63S99RCN6CNU5ED","A1CPY1HLCFTIL1","329E6HTMSWO7MPPIUTRHLR63CI0K3O","","401.19999998807907","img/food4.png","74","404","1","1","1","1,0.5,0,1,0.5,0,0.5,0,1","",""
"","html-keyboard-response","127","98557","0.0-127.0","30BUDKLTXEH90OI63S99RCN6CNU5ED","A1CPY1HLCFTIL1","329E6HTMSWO7MPPIUTRHLR63CI0K3O","","null","<img src=""img/food4.png"" style=""width:200px; border:14px solid green;"">","null","","","","","","",""
"","image-keyboard-response","128","99119","0.0-128.0","30BUDKLTXEH90OI63S99RCN6CNU5ED","A1CPY1HLCFTIL1","329E6HTMSWO7MPPIUTRHLR63CI0K3O","","559.2000000178814","img/food2.png","74","562","1","1","2","1,0.5,0,1,0.5,0,0.5,0,1","",""
"","html-keyboard-response","129","99422","0.0-129.0","30BUDKLTXEH90OI63S99RCN6CNU5ED","A1CPY1HLCFTIL1","329E6HTMSWO7MPPIUTRHLR63CI0K3O","","null","<img src=""img/food2.png"" style=""width:200px; border:14px solid green;"">","null","","","","","","",""
"","image-keyboard-response","130","99778","0.0-130.0","30BUDKLTXEH90OI63S99RCN6CNU5ED","A1CPY1HLCFTIL1","329E6HTMSWO7MPPIUTRHLR63CI0K3O","","352.90000000596046","img/food2.png","74","355.59999999403954","1","1","2","1,0.5,0,1,0.5,0,0.5,0,1","",""
"","html-keyboard-response","131","100081","0.0-131.0","30BUDKLTXEH90OI63S99RCN6CNU5ED","A1CPY1HLCFTIL1","329E6HTMSWO7MPPIUTRHLR63CI0K3O","","null","<img src=""img/food2.png"" style=""width:200px; border:14px solid green;"">","null","","","","","","",""
"","image-keyboard-response","132","100729","0.0-132.0","30BUDKLTXEH90OI63S99RCN6CNU5ED","A1CPY1HLCFTIL1","329E6HTMSWO7MPPIUTRHLR63CI0K3O","","644.0999999940395","img/food3.png","76","646.8999999761581","3","1","3","1,0.5,0,1,0.5,0,0.5,0,1","",""
"","html-keyboard-response","133","101033","0.0-133.0","30BUDKLTXEH90OI63S99RCN6CNU5ED","A1CPY1HLCFTIL1","329E6HTMSWO7MPPIUTRHLR63CI0K3O","","null","<img src=""img/food3.png"" style=""width:200px; border:14px solid green;"">","null","","","","","","",""
"","image-keyboard-response","134","101587","0.0-134.0","30BUDKLTXEH90OI63S99RCN6CNU5ED","A1CPY1HLCFTIL1","329E6HTMSWO7MPPIUTRHLR63CI0K3O","","550.5999999940395","img/food2.png","74","553.8000000119209","1","1","2","1,0.5,0,1,0.5,0,0.5,0,1","",""
"","html-keyboard-response","135","101891","0.0-135.0","30BUDKLTXEH90OI63S99RCN6CNU5ED","A1CPY1HLCFTIL1","329E6HTMSWO7MPPIUTRHLR63CI0K3O","","null","<img src=""img/food2.png"" style=""width:200px; border:14px solid green;"">","null","","","","","","",""
"","image-keyboard-response","136","102245","0.0-136.0","30BUDKLTXEH90OI63S99RCN6CNU5ED","A1CPY1HLCFTIL1","329E6HTMSWO7MPPIUTRHLR63CI0K3O","","350.59999999403954","img/food2.png","74","353.09999999403954","1","1","2","1,0.5,0,1,0.5,0,0.5,0,1","",""
"","html-keyboard-response","137","102548","0.0-137.0","30BUDKLTXEH90OI63S99RCN6CNU5ED","A1CPY1HLCFTIL1","329E6HTMSWO7MPPIUTRHLR63CI0K3O","","null","<img src=""img/food2.png"" style=""width:200px; border:14px solid green;"">","null","","","","","","",""
"","image-keyboard-response","138","103191","0.0-138.0","30BUDKLTXEH90OI63S99RCN6CNU5ED","A1CPY1HLCFTIL1","329E6HTMSWO7MPPIUTRHLR63CI0K3O","","639.2000000178814","img/food3.png","76","642.0999999940395","3","1","3","1,0.5,0,1,0.5,0,0.5,0,1","",""
"","html-keyboard-response","139","103504","0.0-139.0","30BUDKLTXEH90OI63S99RCN6CNU5ED","A1CPY1HLCFTIL1","329E6HTMSWO7MPPIUTRHLR63CI0K3O","","null","<img src=""img/food3.png"" style=""width:200px; border:14px solid green;"">","null","","","","","","",""
"","image-keyboard-response","140","104087","0.0-140.0","30BUDKLTXEH90OI63S99RCN6CNU5ED","A1CPY1HLCFTIL1","329E6HTMSWO7MPPIUTRHLR63CI0K3O","","580.2000000178814","img/food2.png","74","582.8000000119209","1","1","2","1,0.5,0,1,0.5,0,0.5,0,1","",""
"","html-keyboard-response","141","104391","0.0-141.0","30BUDKLTXEH90OI63S99RCN6CNU5ED","A1CPY1HLCFTIL1","329E6HTMSWO7MPPIUTRHLR63CI0K3O","","null","<img src=""img/food2.png"" style=""width:200px; border:14px solid green;"">","null","","","","","","",""
"","image-keyboard-response","142","104968","0.0-142.0","30BUDKLTXEH90OI63S99RCN6CNU5ED","A1CPY1HLCFTIL1","329E6HTMSWO7MPPIUTRHLR63CI0K3O","","573.2999999821186","img/food3.png","76","576.2000000178814","3","1","3","1,0.5,0,1,0.5,0,0.5,0,1","",""
"","html-keyboard-response","143","105272","0.0-143.0","30BUDKLTXEH90OI63S99RCN6CNU5ED","A1CPY1HLCFTIL1","329E6HTMSWO7MPPIUTRHLR63CI0K3O","","null","<img src=""img/food3.png"" style=""width:200px; border:14px solid green;"">","null","","","","","","",""
"","image-keyboard-response","144","105819","0.0-144.0","30BUDKLTXEH90OI63S99RCN6CNU5ED","A1CPY1HLCFTIL1","329E6HTMSWO7MPPIUTRHLR63CI0K3O","","543.1999999880791","img/food2.png","74","546","1","1","2","1,0.5,0,1,0.5,0,0.5,0,1","",""
"","html-keyboard-response","145","106123","0.0-145.0","30BUDKLTXEH90OI63S99RCN6CNU5ED","A1CPY1HLCFTIL1","329E6HTMSWO7MPPIUTRHLR63CI0K3O","","null","<img src=""img/food2.png"" style=""width:200px; border:14px solid green;"">","null","","","","","","",""
"","image-keyboard-response","146","106610","0.0-146.0","30BUDKLTXEH90OI63S99RCN6CNU5ED","A1CPY1HLCFTIL1","329E6HTMSWO7MPPIUTRHLR63CI0K3O","","483.80000001192093","img/food3.png","76","486.5","3","1","3","1,0.5,0,1,0.5,0,0.5,0,1","",""
"","html-keyboard-response","147","106914","0.0-147.0","30BUDKLTXEH90OI63S99RCN6CNU5ED","A1CPY1HLCFTIL1","329E6HTMSWO7MPPIUTRHLR63CI0K3O","","null","<img src=""img/food3.png"" style=""width:200px; border:14px solid green;"">","null","","","","","","",""
"","image-keyboard-response","148","107547","0.0-148.0","30BUDKLTXEH90OI63S99RCN6CNU5ED","A1CPY1HLCFTIL1","329E6HTMSWO7MPPIUTRHLR63CI0K3O","","629.0999999940395","img/food4.png","74","632.6000000238419","1","1","1","1,0.5,0,1,0.5,0,0.5,0,1","",""
"","html-keyboard-response","149","107851","0.0-149.0","30BUDKLTXEH90OI63S99RCN6CNU5ED","A1CPY1HLCFTIL1","329E6HTMSWO7MPPIUTRHLR63CI0K3O","","null","<img src=""img/food4.png"" style=""width:200px; border:14px solid green;"">","null","","","","","","",""
"","image-keyboard-response","150","108268","0.0-150.0","30BUDKLTXEH90OI63S99RCN6CNU5ED","A1CPY1HLCFTIL1","329E6HTMSWO7MPPIUTRHLR63CI0K3O","","414.09999999403954","img/food4.png","74","416.69999998807907","1","1","1","1,0.5,0,1,0.5,0,0.5,0,1","",""
"","html-keyboard-response","151","108572","0.0-151.0","30BUDKLTXEH90OI63S99RCN6CNU5ED","A1CPY1HLCFTIL1","329E6HTMSWO7MPPIUTRHLR63CI0K3O","","null","<img src=""img/food4.png"" style=""width:200px; border:14px solid green;"">","null","","","","","","",""
"","image-keyboard-response","152","109165","0.0-152.0","30BUDKLTXEH90OI63S99RCN6CNU5ED","A1CPY1HLCFTIL1","329E6HTMSWO7MPPIUTRHLR63CI0K3O","","589.3000000119209","img/food2.png","74","592.1999999880791","1","1","2","1,0.5,0,1,0.5,0,0.5,0,1","",""
"","html-keyboard-response","153","109470","0.0-153.0","30BUDKLTXEH90OI63S99RCN6CNU5ED","A1CPY1HLCFTIL1","329E6HTMSWO7MPPIUTRHLR63CI0K3O","","null","<img src=""img/food2.png"" style=""width:200px; border:14px solid green;"">","null","","","","","","",""
"","image-keyboard-response","154","109866","0.0-154.0","30BUDKLTXEH90OI63S99RCN6CNU5ED","A1CPY1HLCFTIL1","329E6HTMSWO7MPPIUTRHLR63CI0K3O","","391.59999999403954","img/food2.png","74","395","1","1","2","1,0.5,0,1,0.5,0,0.5,0,1","",""
"","html-keyboard-response","155","110169","0.0-155.0","30BUDKLTXEH90OI63S99RCN6CNU5ED","A1CPY1HLCFTIL1","329E6HTMSWO7MPPIUTRHLR63CI0K3O","","null","<img src=""img/food2.png"" style=""width:200px; border:14px solid green;"">","null","","","","","","",""
"","image-keyboard-response","156","110545","0.0-156.0","30BUDKLTXEH90OI63S99RCN6CNU5ED","A1CPY1HLCFTIL1","329E6HTMSWO7MPPIUTRHLR63CI0K3O","","373.7999999821186","img/food2.png","74","375.90000000596046","1","1","2","1,0.5,0,1,0.5,0,0.5,0,1","",""
"","html-keyboard-response","157","110849","0.0-157.0","30BUDKLTXEH90OI63S99RCN6CNU5ED","A1CPY1HLCFTIL1","329E6HTMSWO7MPPIUTRHLR63CI0K3O","","null","<img src=""img/food2.png"" style=""width:200px; border:14px solid green;"">","null","","","","","","",""
"","image-keyboard-response","158","111266","0.0-158.0","30BUDKLTXEH90OI63S99RCN6CNU5ED","A1CPY1HLCFTIL1","329E6HTMSWO7MPPIUTRHLR63CI0K3O","","413.80000001192093","img/food2.png","74","416.40000000596046","1","1","2","1,0.5,0,1,0.5,0,0.5,0,1","",""
"","html-keyboard-response","159","111569","0.0-159.0","30BUDKLTXEH90OI63S99RCN6CNU5ED","A1CPY1HLCFTIL1","329E6HTMSWO7MPPIUTRHLR63CI0K3O","","null","<img src=""img/food2.png"" style=""width:200px; border:14px solid green;"">","null","","","","","","",""
"","image-keyboard-response","160","112227","0.0-160.0","30BUDKLTXEH90OI63S99RCN6CNU5ED","A1CPY1HLCFTIL1","329E6HTMSWO7MPPIUTRHLR63CI0K3O","","654.7999999821186","img/food3.png","76","657.0999999940395","3","1","3","1,0.5,0,1,0.5,0,0.5,0,1","",""
"","html-keyboard-response","161","112531","0.0-161.0","30BUDKLTXEH90OI63S99RCN6CNU5ED","A1CPY1HLCFTIL1","329E6HTMSWO7MPPIUTRHLR63CI0K3O","","null","<img src=""img/food3.png"" style=""width:200px; border:14px solid green;"">","null","","","","","","",""
"","image-keyboard-response","162","113101","0.0-162.0","30BUDKLTXEH90OI63S99RCN6CNU5ED","A1CPY1HLCFTIL1","329E6HTMSWO7MPPIUTRHLR63CI0K3O","","567.3000000119209","img/food4.png","74","569.9000000059605","1","1","1","1,0.5,0,1,0.5,0,0.5,0,1","",""
"","html-keyboard-response","163","113404","0.0-163.0","30BUDKLTXEH90OI63S99RCN6CNU5ED","A1CPY1HLCFTIL1","329E6HTMSWO7MPPIUTRHLR63CI0K3O","","null","<img src=""img/food4.png"" style=""width:200px; border:14px solid green;"">","null","","","","","","",""
"","image-keyboard-response","164","113962","0.0-164.0","30BUDKLTXEH90OI63S99RCN6CNU5ED","A1CPY1HLCFTIL1","329E6HTMSWO7MPPIUTRHLR63CI0K3O","","554.6999999880791","img/food2.png","74","557.2999999821186","1","1","2","1,0.5,0,1,0.5,0,0.5,0,1","",""
"","html-keyboard-response","165","114266","0.0-165.0","30BUDKLTXEH90OI63S99RCN6CNU5ED","A1CPY1HLCFTIL1","329E6HTMSWO7MPPIUTRHLR63CI0K3O","","null","<img src=""img/food2.png"" style=""width:200px; border:14px solid green;"">","null","","","","","","",""
"","image-keyboard-response","166","114632","0.0-166.0","30BUDKLTXEH90OI63S99RCN6CNU5ED","A1CPY1HLCFTIL1","329E6HTMSWO7MPPIUTRHLR63CI0K3O","","362.7999999821186","img/food4.png","74","365.69999998807907","1","1","1","1,0.5,0,1,0.5,0,0.5,0,1","",""
"","html-keyboard-response","167","114936","0.0-167.0","30BUDKLTXEH90OI63S99RCN6CNU5ED","A1CPY1HLCFTIL1","329E6HTMSWO7MPPIUTRHLR63CI0K3O","","null","<img src=""img/food4.png"" style=""width:200px; border:14px solid green;"">","null","","","","","","",""
"","image-keyboard-response","168","115333","0.0-168.0","30BUDKLTXEH90OI63S99RCN6CNU5ED","A1CPY1HLCFTIL1","329E6HTMSWO7MPPIUTRHLR63CI0K3O","","393.7000000178814","img/food2.png","74","396.40000000596046","1","1","2","1,0.5,0,1,0.5,0,0.5,0,1","",""
"","html-keyboard-response","169","115637","0.0-169.0","30BUDKLTXEH90OI63S99RCN6CNU5ED","A1CPY1HLCFTIL1","329E6HTMSWO7MPPIUTRHLR63CI0K3O","","null","<img src=""img/food2.png"" style=""width:200px; border:14px solid green;"">","null","","","","","","",""
"","image-keyboard-response","170","116108","0.0-170.0","30BUDKLTXEH90OI63S99RCN6CNU5ED","A1CPY1HLCFTIL1","329E6HTMSWO7MPPIUTRHLR63CI0K3O","","468.2000000178814","img/food2.png","74","470.90000000596046","1","1","2","1,0.5,0,1,0.5,0,0.5,0,1","",""
"","html-keyboard-response","171","116412","0.0-171.0","30BUDKLTXEH90OI63S99RCN6CNU5ED","A1CPY1HLCFTIL1","329E6HTMSWO7MPPIUTRHLR63CI0K3O","","null","<img src=""img/food2.png"" style=""width:200px; border:14px solid green;"">","null","","","","","","",""
"","image-keyboard-response","172","116863","0.0-172.0","30BUDKLTXEH90OI63S99RCN6CNU5ED","A1CPY1HLCFTIL1","329E6HTMSWO7MPPIUTRHLR63CI0K3O","","447.69999998807907","img/food2.png","74","450.2999999821186","1","1","2","1,0.5,0,1,0.5,0,0.5,0,1","",""
"","html-keyboard-response","173","117167","0.0-173.0","30BUDKLTXEH90OI63S99RCN6CNU5ED","A1CPY1HLCFTIL1","329E6HTMSWO7MPPIUTRHLR63CI0K3O","","null","<img src=""img/food2.png"" style=""width:200px; border:14px solid green;"">","null","","","","","","",""
"","image-keyboard-response","174","117680","0.0-174.0","30BUDKLTXEH90OI63S99RCN6CNU5ED","A1CPY1HLCFTIL1","329E6HTMSWO7MPPIUTRHLR63CI0K3O","","509.89999997615814","img/food4.png","74","513","1","1","1","1,0.5,0,1,0.5,0,0.5,0,1","",""
"","html-keyboard-response","175","117985","0.0-175.0","30BUDKLTXEH90OI63S99RCN6CNU5ED","A1CPY1HLCFTIL1","329E6HTMSWO7MPPIUTRHLR63CI0K3O","","null","<img src=""img/food4.png"" style=""width:200px; border:14px solid green;"">","null","","","","","","",""
"","image-keyboard-response","176","118369","0.0-176.0","30BUDKLTXEH90OI63S99RCN6CNU5ED","A1CPY1HLCFTIL1","329E6HTMSWO7MPPIUTRHLR63CI0K3O","","380.69999998807907","img/food4.png","74","383.7000000178814","1","1","1","1,0.5,0,1,0.5,0,0.5,0,1","",""
"","html-keyboard-response","177","118672","0.0-177.0","30BUDKLTXEH90OI63S99RCN6CNU5ED","A1CPY1HLCFTIL1","329E6HTMSWO7MPPIUTRHLR63CI0K3O","","null","<img src=""img/food4.png"" style=""width:200px; border:14px solid green;"">","null","","","","","","",""
"","image-keyboard-response","178","119207","0.0-178.0","30BUDKLTXEH90OI63S99RCN6CNU5ED","A1CPY1HLCFTIL1","329E6HTMSWO7MPPIUTRHLR63CI0K3O","","532.8000000119209","img/food3.png","74","534.6999999880791","1","0","3","1,0.5,0,1,0.5,0,0.5,0,1","",""
"","html-keyboard-response","179","119511","0.0-179.0","30BUDKLTXEH90OI63S99RCN6CNU5ED","A1CPY1HLCFTIL1","329E6HTMSWO7MPPIUTRHLR63CI0K3O","","null","<img src=""img/food3.png"" style=""width:200px;border:14px solid red;"">","null","","","","","","",""
"","image-keyboard-response","180","120273","0.0-180.0","30BUDKLTXEH90OI63S99RCN6CNU5ED","A1CPY1HLCFTIL1","329E6HTMSWO7MPPIUTRHLR63CI0K3O","","758.5","img/food4.png","74","761.0999999940395","1","1","1","1,0.5,0,1,0.5,0,0.5,0,1","",""
"","html-keyboard-response","181","120577","0.0-181.0","30BUDKLTXEH90OI63S99RCN6CNU5ED","A1CPY1HLCFTIL1","329E6HTMSWO7MPPIUTRHLR63CI0K3O","","null","<img src=""img/food4.png"" style=""width:200px; border:14px solid green;"">","null","","","","","","",""
"","html-keyboard-response","182","124478","0.0-182.0","30BUDKLTXEH90OI63S99RCN6CNU5ED","A1CPY1HLCFTIL1","329E6HTMSWO7MPPIUTRHLR63CI0K3O","","","","","","","","","","",""
"","instructions","183","152564","0.0-183.0","30BUDKLTXEH90OI63S99RCN6CNU5ED","A1CPY1HLCFTIL1","329E6HTMSWO7MPPIUTRHLR63CI0K3O","[{""page_index"":0,""viewing_time"":22166.69999998808},{""page_index"":1,""viewing_time"":5918.5}]","28085.69999998808","","","","","","","","",""
"","image-keyboard-response","184","153314","0.0-184.0","30BUDKLTXEH90OI63S99RCN6CNU5ED","A1CPY1HLCFTIL1","329E6HTMSWO7MPPIUTRHLR63CI0K3O","","748.4000000059605","img/food5.png","74","751.2000000178814","1","1","1","1,0.5,0,1,0.5,0,0.5,0,1","false",""
"","html-keyboard-response","185","153620","0.0-185.0","30BUDKLTXEH90OI63S99RCN6CNU5ED","A1CPY1HLCFTIL1","329E6HTMSWO7MPPIUTRHLR63CI0K3O","","null","<img src=""img/food5.png"" style=""width:200px; border:14px solid green;"">","null","","","","","","",""
"","image-keyboard-response","186","153959","0.0-187.0","30BUDKLTXEH90OI63S99RCN6CNU5ED","A1CPY1HLCFTIL1","329E6HTMSWO7MPPIUTRHLR63CI0K3O","","334.5","img/food5.png","74","337.2000000178814","1","1","1","1,0.5,0,1,0.5,0,0.5,0,1","false",""
"","html-keyboard-response","187","154263","0.0-188.0","30BUDKLTXEH90OI63S99RCN6CNU5ED","A1CPY1HLCFTIL1","329E6HTMSWO7MPPIUTRHLR63CI0K3O","","null","<img src=""img/food5.png"" style=""width:200px; border:14px solid green;"">","null","","","","","","",""
"","image-keyboard-response","188","154577","0.0-190.0","30BUDKLTXEH90OI63S99RCN6CNU5ED","A1CPY1HLCFTIL1","329E6HTMSWO7MPPIUTRHLR63CI0K3O","","309.2999999821186","img/food5.png","74","312.09999999403954","1","1","1","1,0.5,0,1,0.5,0,0.5,0,1","false",""
"","html-keyboard-response","189","154881","0.0-191.0","30BUDKLTXEH90OI63S99RCN6CNU5ED","A1CPY1HLCFTIL1","329E6HTMSWO7MPPIUTRHLR63CI0K3O","","null","<img src=""img/food5.png"" style=""width:200px; border:14px solid green;"">","null","","","","","","",""
"","image-keyboard-response","190","155222","0.0-193.0","30BUDKLTXEH90OI63S99RCN6CNU5ED","A1CPY1HLCFTIL1","329E6HTMSWO7MPPIUTRHLR63CI0K3O","","337.2999999821186","img/food5.png","74","340.2000000178814","1","1","1","1,0.5,0,1,0.5,0,0.5,0,1","false",""
"","html-keyboard-response","191","155527","0.0-194.0","30BUDKLTXEH90OI63S99RCN6CNU5ED","A1CPY1HLCFTIL1","329E6HTMSWO7MPPIUTRHLR63CI0K3O","","null","<img src=""img/food5.png"" style=""width:200px; border:14px solid green;"">","null","","","","","","",""
"","image-keyboard-response","192","156103","0.0-196.0","30BUDKLTXEH90OI63S99RCN6CNU5ED","A1CPY1HLCFTIL1","329E6HTMSWO7MPPIUTRHLR63CI0K3O","","571.7999999821186","img/food6.png","76","574.7000000178814","3","1","3","1,0.5,0,1,0.5,0,0.5,0,1","false",""
"","html-keyboard-response","193","156407","0.0-197.0","30BUDKLTXEH90OI63S99RCN6CNU5ED","A1CPY1HLCFTIL1","329E6HTMSWO7MPPIUTRHLR63CI0K3O","","null","<img src=""img/food6.png"" style=""width:200px; border:14px solid green;"">","null","","","","","","",""
"","image-keyboard-response","194","156786","0.0-199.0","30BUDKLTXEH90OI63S99RCN6CNU5ED","A1CPY1HLCFTIL1","329E6HTMSWO7MPPIUTRHLR63CI0K3O","","376.2000000178814","img/food6.png","76","379.09999999403954","3","1","3","1,0.5,0,1,0.5,0,0.5,0,1","false",""
"","html-keyboard-response","195","157091","0.0-200.0","30BUDKLTXEH90OI63S99RCN6CNU5ED","A1CPY1HLCFTIL1","329E6HTMSWO7MPPIUTRHLR63CI0K3O","","null","<img src=""img/food6.png"" style=""width:200px; border:14px solid green;"">","null","","","","","","",""
"","image-keyboard-response","196","157447","0.0-202.0","30BUDKLTXEH90OI63S99RCN6CNU5ED","A1CPY1HLCFTIL1","329E6HTMSWO7MPPIUTRHLR63CI0K3O","","352.5","img/food6.png","76","355.40000000596046","3","1","3","1,0.5,0,1,0.5,0,0.5,0,1","false",""
"","html-keyboard-response","197","157750","0.0-203.0","30BUDKLTXEH90OI63S99RCN6CNU5ED","A1CPY1HLCFTIL1","329E6HTMSWO7MPPIUTRHLR63CI0K3O","","null","<img src=""img/food6.png"" style=""width:200px; border:14px solid green;"">","null","","","","","","",""
"","image-keyboard-response","198","158106","0.0-205.0","30BUDKLTXEH90OI63S99RCN6CNU5ED","A1CPY1HLCFTIL1","329E6HTMSWO7MPPIUTRHLR63CI0K3O","","353.89999997615814","img/food6.png","76","355.90000000596046","3","1","3","1,0.5,0,1,0.5,0,0.5,0,1","false",""
"","html-keyboard-response","199","158411","0.0-206.0","30BUDKLTXEH90OI63S99RCN6CNU5ED","A1CPY1HLCFTIL1","329E6HTMSWO7MPPIUTRHLR63CI0K3O","","null","<img src=""img/food6.png"" style=""width:200px; border:14px solid green;"">","null","","","","","","",""
"","image-keyboard-response","200","158778","0.0-208.0","30BUDKLTXEH90OI63S99RCN6CNU5ED","A1CPY1HLCFTIL1","329E6HTMSWO7MPPIUTRHLR63CI0K3O","","364.19999998807907","img/food6.png","76","366.5","3","1","3","1,0.5,0,1,0.5,0,0.5,0,1","false",""
"","html-keyboard-response","201","159082","0.0-209.0","30BUDKLTXEH90OI63S99RCN6CNU5ED","A1CPY1HLCFTIL1","329E6HTMSWO7MPPIUTRHLR63CI0K3O","","null","<img src=""img/food6.png"" style=""width:200px; border:14px solid green;"">","null","","","","","","",""
"","image-keyboard-response","202","159679","0.0-211.0","30BUDKLTXEH90OI63S99RCN6CNU5ED","A1CPY1HLCFTIL1","329E6HTMSWO7MPPIUTRHLR63CI0K3O","","593.7999999821186","img/food1.png","74","596.9000000059605","1","1","2","1,0.5,0,1,0.5,0,0.5,0,1","false",""
"","html-keyboard-response","203","159983","0.0-212.0","30BUDKLTXEH90OI63S99RCN6CNU5ED","A1CPY1HLCFTIL1","329E6HTMSWO7MPPIUTRHLR63CI0K3O","","null","<img src=""img/food1.png"" style=""width:200px; border:14px solid green;"">","null","","","","","","",""
"","image-keyboard-response","204","160457","0.0-214.0","30BUDKLTXEH90OI63S99RCN6CNU5ED","A1CPY1HLCFTIL1","329E6HTMSWO7MPPIUTRHLR63CI0K3O","","470.19999998807907","img/food5.png","74","473.2999999821186","1","1","1","1,0.5,0,1,0.5,0,0.5,0,1","false",""
"","html-keyboard-response","205","160761","0.0-215.0","30BUDKLTXEH90OI63S99RCN6CNU5ED","A1CPY1HLCFTIL1","329E6HTMSWO7MPPIUTRHLR63CI0K3O","","null","<img src=""img/food5.png"" style=""width:200px; border:14px solid green;"">","null","","","","","","",""
"","image-keyboard-response","206","161016","0.0-217.0","30BUDKLTXEH90OI63S99RCN6CNU5ED","A1CPY1HLCFTIL1","329E6HTMSWO7MPPIUTRHLR63CI0K3O","","250.69999998807907","img/food1.png","74","253.5","1","1","2","1,0.5,0,1,0.5,0,0.5,0,1","false",""
"","html-keyboard-response","207","161319","0.0-218.0","30BUDKLTXEH90OI63S99RCN6CNU5ED","A1CPY1HLCFTIL1","329E6HTMSWO7MPPIUTRHLR63CI0K3O","","null","<img src=""img/food1.png"" style=""width:200px; border:14px solid green;"">","null","","","","","","",""
"","image-keyboard-response","208","161897","0.0-220.0","30BUDKLTXEH90OI63S99RCN6CNU5ED","A1CPY1HLCFTIL1","329E6HTMSWO7MPPIUTRHLR63CI0K3O","","573.7000000178814","img/food6.png","76","576.6999999880791","3","1","3","1,0.5,0,1,0.5,0,0.5,0,1","false",""
"","html-keyboard-response","209","162212","0.0-221.0","30BUDKLTXEH90OI63S99RCN6CNU5ED","A1CPY1HLCFTIL1","329E6HTMSWO7MPPIUTRHLR63CI0K3O","","null","<img src=""img/food6.png"" style=""width:200px; border:14px solid green;"">","null","","","","","","",""
"","image-keyboard-response","210","162548","0.0-223.0","30BUDKLTXEH90OI63S99RCN6CNU5ED","A1CPY1HLCFTIL1","329E6HTMSWO7MPPIUTRHLR63CI0K3O","","332.5","img/food6.png","76","335.19999998807907","3","1","3","1,0.5,0,1,0.5,0,0.5,0,1","false",""
"","html-keyboard-response","211","162852","0.0-224.0","30BUDKLTXEH90OI63S99RCN6CNU5ED","A1CPY1HLCFTIL1","329E6HTMSWO7MPPIUTRHLR63CI0K3O","","null","<img src=""img/food6.png"" style=""width:200px; border:14px solid green;"">","null","","","","","","",""
"","image-keyboard-response","212","163200","0.0-226.0","30BUDKLTXEH90OI63S99RCN6CNU5ED","A1CPY1HLCFTIL1","329E6HTMSWO7MPPIUTRHLR63CI0K3O","","344.09999999403954","img/food6.png","76","347.09999999403954","3","1","3","1,0.5,0,1,0.5,0,0.5,0,1","false",""
"","html-keyboard-response","213","163504","0.0-227.0","30BUDKLTXEH90OI63S99RCN6CNU5ED","A1CPY1HLCFTIL1","329E6HTMSWO7MPPIUTRHLR63CI0K3O","","null","<img src=""img/food6.png"" style=""width:200px; border:14px solid green;"">","null","","","","","","",""
"","image-keyboard-response","214","163994","0.0-229.0","30BUDKLTXEH90OI63S99RCN6CNU5ED","A1CPY1HLCFTIL1","329E6HTMSWO7MPPIUTRHLR63CI0K3O","","486.5","img/food1.png","74","489.30000001192093","1","1","2","1,0.5,0,1,0.5,0,0.5,0,1","false",""
"","html-keyboard-response","215","164297","0.0-230.0","30BUDKLTXEH90OI63S99RCN6CNU5ED","A1CPY1HLCFTIL1","329E6HTMSWO7MPPIUTRHLR63CI0K3O","","null","<img src=""img/food1.png"" style=""width:200px; border:14px solid green;"">","null","","","","","","",""
"","image-keyboard-response","216","164652","0.0-232.0","30BUDKLTXEH90OI63S99RCN6CNU5ED","A1CPY1HLCFTIL1","329E6HTMSWO7MPPIUTRHLR63CI0K3O","","351","img/food6.png","74","353.89999997615814","1","0","3","1,0.5,0,1,0.5,0,0.5,0,1","false",""
"","html-keyboard-response","217","164956","0.0-233.0","30BUDKLTXEH90OI63S99RCN6CNU5ED","A1CPY1HLCFTIL1","329E6HTMSWO7MPPIUTRHLR63CI0K3O","","null","<img src=""img/food6.png"" style=""width:200px;border:14px solid red;"">","null","","","","","","",""
"","image-keyboard-response","218","165525","0.0-235.0","30BUDKLTXEH90OI63S99RCN6CNU5ED","A1CPY1HLCFTIL1","329E6HTMSWO7MPPIUTRHLR63CI0K3O","","565.5","img/food1.png","74","568.5","1","1","2","1,0.5,0,1,0.5,0,0.5,0,1","false",""
"","html-keyboard-response","219","165829","0.0-236.0","30BUDKLTXEH90OI63S99RCN6CNU5ED","A1CPY1HLCFTIL1","329E6HTMSWO7MPPIUTRHLR63CI0K3O","","null","<img src=""img/food1.png"" style=""width:200px; border:14px solid green;"">","null","","","","","","",""
"","image-keyboard-response","220","166404","0.0-238.0","30BUDKLTXEH90OI63S99RCN6CNU5ED","A1CPY1HLCFTIL1","329E6HTMSWO7MPPIUTRHLR63CI0K3O","","570.5","img/food5.png","74","573.1999999880791","1","1","1","1,0.5,0,1,0.5,0,0.5,0,1","false",""
"","html-keyboard-response","221","166708","0.0-239.0","30BUDKLTXEH90OI63S99RCN6CNU5ED","A1CPY1HLCFTIL1","329E6HTMSWO7MPPIUTRHLR63CI0K3O","","null","<img src=""img/food5.png"" style=""width:200px; border:14px solid green;"">","null","","","","","","",""
"","image-keyboard-response","222","167375","0.0-241.0","30BUDKLTXEH90OI63S99RCN6CNU5ED","A1CPY1HLCFTIL1","329E6HTMSWO7MPPIUTRHLR63CI0K3O","","663.8000000119209","img/food1.png","74","666.2999999821186","1","1","2","1,0.5,0,1,0.5,0,0.5,0,1","false",""
"","html-keyboard-response","223","167680","0.0-242.0","30BUDKLTXEH90OI63S99RCN6CNU5ED","A1CPY1HLCFTIL1","329E6HTMSWO7MPPIUTRHLR63CI0K3O","","null","<img src=""img/food1.png"" style=""width:200px; border:14px solid green;"">","null","","","","","","",""
"","image-keyboard-response","224","168342","0.0-244.0","30BUDKLTXEH90OI63S99RCN6CNU5ED","A1CPY1HLCFTIL1","329E6HTMSWO7MPPIUTRHLR63CI0K3O","","659.5999999940395","img/food6.png","76","661.5999999940395","3","1","3","1,0.5,0,1,0.5,0,0.5,0,1","false",""
"","html-keyboard-response","225","168645","0.0-245.0","30BUDKLTXEH90OI63S99RCN6CNU5ED","A1CPY1HLCFTIL1","329E6HTMSWO7MPPIUTRHLR63CI0K3O","","null","<img src=""img/food6.png"" style=""width:200px; border:14px solid green;"">","null","","","","","","",""
"","image-keyboard-response","226","169001","0.0-247.0","30BUDKLTXEH90OI63S99RCN6CNU5ED","A1CPY1HLCFTIL1","329E6HTMSWO7MPPIUTRHLR63CI0K3O","","352.80000001192093","img/food6.png","76","355.5","3","1","3","1,0.5,0,1,0.5,0,0.5,0,1","false",""
"","html-keyboard-response","227","169309","0.0-248.0","30BUDKLTXEH90OI63S99RCN6CNU5ED","A1CPY1HLCFTIL1","329E6HTMSWO7MPPIUTRHLR63CI0K3O","","null","<img src=""img/food6.png"" style=""width:200px; border:14px solid green;"">","null","","","","","","",""
"","image-keyboard-response","228","169730","0.0-250.0","30BUDKLTXEH90OI63S99RCN6CNU5ED","A1CPY1HLCFTIL1","329E6HTMSWO7MPPIUTRHLR63CI0K3O","","417.5","img/food1.png","74","420.2000000178814","1","1","2","1,0.5,0,1,0.5,0,0.5,0,1","false",""
"","html-keyboard-response","229","170034","0.0-251.0","30BUDKLTXEH90OI63S99RCN6CNU5ED","A1CPY1HLCFTIL1","329E6HTMSWO7MPPIUTRHLR63CI0K3O","","null","<img src=""img/food1.png"" style=""width:200px; border:14px solid green;"">","null","","","","","","",""
"","image-keyboard-response","230","170350","0.0-253.0","30BUDKLTXEH90OI63S99RCN6CNU5ED","A1CPY1HLCFTIL1","329E6HTMSWO7MPPIUTRHLR63CI0K3O","","311.7999999821186","img/food1.png","74","314.7000000178814","1","1","2","1,0.5,0,1,0.5,0,0.5,0,1","false",""
"","html-keyboard-response","231","170654","0.0-254.0","30BUDKLTXEH90OI63S99RCN6CNU5ED","A1CPY1HLCFTIL1","329E6HTMSWO7MPPIUTRHLR63CI0K3O","","null","<img src=""img/food1.png"" style=""width:200px; border:14px solid green;"">","null","","","","","","",""
"","image-keyboard-response","232","171388","0.0-256.0","30BUDKLTXEH90OI63S99RCN6CNU5ED","A1CPY1HLCFTIL1","329E6HTMSWO7MPPIUTRHLR63CI0K3O","","731.3000000119209","img/food6.png","76","733.9000000059605","3","1","3","1,0.5,0,1,0.5,0,0.5,0,1","false",""
"","html-keyboard-response","233","171692","0.0-257.0","30BUDKLTXEH90OI63S99RCN6CNU5ED","A1CPY1HLCFTIL1","329E6HTMSWO7MPPIUTRHLR63CI0K3O","","null","<img src=""img/food6.png"" style=""width:200px; border:14px solid green;"">","null","","","","","","",""
"","image-keyboard-response","234","172211","0.0-259.0","30BUDKLTXEH90OI63S99RCN6CNU5ED","A1CPY1HLCFTIL1","329E6HTMSWO7MPPIUTRHLR63CI0K3O","","515.8000000119209","img/food5.png","74","518.5","1","1","1","1,0.5,0,1,0.5,0,0.5,0,1","false",""
"","html-keyboard-response","235","172515","0.0-260.0","30BUDKLTXEH90OI63S99RCN6CNU5ED","A1CPY1HLCFTIL1","329E6HTMSWO7MPPIUTRHLR63CI0K3O","","null","<img src=""img/food5.png"" style=""width:200px; border:14px solid green;"">","null","","","","","","",""
"","image-keyboard-response","236","172890","0.0-262.0","30BUDKLTXEH90OI63S99RCN6CNU5ED","A1CPY1HLCFTIL1","329E6HTMSWO7MPPIUTRHLR63CI0K3O","","370.90000000596046","img/food5.png","74","374.19999998807907","1","1","1","1,0.5,0,1,0.5,0,0.5,0,1","false",""
"","html-keyboard-response","237","173201","0.0-263.0","30BUDKLTXEH90OI63S99RCN6CNU5ED","A1CPY1HLCFTIL1","329E6HTMSWO7MPPIUTRHLR63CI0K3O","","null","<img src=""img/food5.png"" style=""width:200px; border:14px solid green;"">","null","","","","","","",""
"","image-keyboard-response","238","173746","0.0-265.0","30BUDKLTXEH90OI63S99RCN6CNU5ED","A1CPY1HLCFTIL1","329E6HTMSWO7MPPIUTRHLR63CI0K3O","","542","img/food6.png","76","544.6999999880791","3","1","3","1,0.5,0,1,0.5,0,0.5,0,1","false",""
"","html-keyboard-response","239","174051","0.0-266.0","30BUDKLTXEH90OI63S99RCN6CNU5ED","A1CPY1HLCFTIL1","329E6HTMSWO7MPPIUTRHLR63CI0K3O","","null","<img src=""img/food6.png"" style=""width:200px; border:14px solid green;"">","null","","","","","","",""
"","image-keyboard-response","240","174318","0.0-268.0","30BUDKLTXEH90OI63S99RCN6CNU5ED","A1CPY1HLCFTIL1","329E6HTMSWO7MPPIUTRHLR63CI0K3O","","263.7000000178814","img/food1.png","76","266.30000001192093","3","0","2","1,0.5,0,1,0.5,0,0.5,0,1","false",""
"","html-keyboard-response","241","174622","0.0-269.0","30BUDKLTXEH90OI63S99RCN6CNU5ED","A1CPY1HLCFTIL1","329E6HTMSWO7MPPIUTRHLR63CI0K3O","","null","<img src=""img/food1.png"" style=""width:200px;border:14px solid red;"">","null","","","","","","",""
"","image-keyboard-response","242","174838","0.0-271.0","30BUDKLTXEH90OI63S99RCN6CNU5ED","A1CPY1HLCFTIL1","329E6HTMSWO7MPPIUTRHLR63CI0K3O","","212.7000000178814","img/food5.png","74","215.40000000596046","1","1","1","1,0.5,0,1,0.5,0,0.5,0,1","false",""
"","html-keyboard-response","243","175141","0.0-272.0","30BUDKLTXEH90OI63S99RCN6CNU5ED","A1CPY1HLCFTIL1","329E6HTMSWO7MPPIUTRHLR63CI0K3O","","null","<img src=""img/food5.png"" style=""width:200px; border:14px solid green;"">","null","","","","","","",""
"","image-keyboard-response","244","175455","0.0-274.0","30BUDKLTXEH90OI63S99RCN6CNU5ED","A1CPY1HLCFTIL1","329E6HTMSWO7MPPIUTRHLR63CI0K3O","","310.30000001192093","img/food6.png","74","313","1","0","3","1,0.5,0,1,0.5,0,0.5,0,1","false",""
"","html-keyboard-response","245","175760","0.0-275.0","30BUDKLTXEH90OI63S99RCN6CNU5ED","A1CPY1HLCFTIL1","329E6HTMSWO7MPPIUTRHLR63CI0K3O","","null","<img src=""img/food6.png"" style=""width:200px;border:14px solid red;"">","null","","","","","","",""
"","image-keyboard-response","246","176180","0.0-277.0","30BUDKLTXEH90OI63S99RCN6CNU5ED","A1CPY1HLCFTIL1","329E6HTMSWO7MPPIUTRHLR63CI0K3O","","417.40000000596046","img/food6.png","76","419.59999999403954","3","1","3","1,0.5,0,1,0.5,0,0.5,0,1","false",""
"","html-keyboard-response","247","176484","0.0-278.0","30BUDKLTXEH90OI63S99RCN6CNU5ED","A1CPY1HLCFTIL1","329E6HTMSWO7MPPIUTRHLR63CI0K3O","","null","<img src=""img/food6.png"" style=""width:200px; border:14px solid green;"">","null","","","","","","",""
"","image-keyboard-response","248","177190","0.0-280.0","30BUDKLTXEH90OI63S99RCN6CNU5ED","A1CPY1HLCFTIL1","329E6HTMSWO7MPPIUTRHLR63CI0K3O","","703.2000000178814","img/food1.png","74","705.4000000059605","1","1","2","1,0.5,0,1,0.5,0,0.5,0,1","false",""
"","html-keyboard-response","249","177494","0.0-281.0","30BUDKLTXEH90OI63S99RCN6CNU5ED","A1CPY1HLCFTIL1","329E6HTMSWO7MPPIUTRHLR63CI0K3O","","null","<img src=""img/food1.png"" style=""width:200px; border:14px solid green;"">","null","","","","","","",""
"","image-keyboard-response","250","177972","0.0-283.0","30BUDKLTXEH90OI63S99RCN6CNU5ED","A1CPY1HLCFTIL1","329E6HTMSWO7MPPIUTRHLR63CI0K3O","","474.19999998807907","img/food1.png","74","476.80000001192093","1","1","2","1,0.5,0,1,0.5,0,0.5,0,1","false",""
"","html-keyboard-response","251","178276","0.0-284.0","30BUDKLTXEH90OI63S99RCN6CNU5ED","A1CPY1HLCFTIL1","329E6HTMSWO7MPPIUTRHLR63CI0K3O","","null","<img src=""img/food1.png"" style=""width:200px; border:14px solid green;"">","null","","","","","","",""
"","image-keyboard-response","252","178812","0.0-286.0","30BUDKLTXEH90OI63S99RCN6CNU5ED","A1CPY1HLCFTIL1","329E6HTMSWO7MPPIUTRHLR63CI0K3O","","532.7999999821186","img/food5.png","74","535.5999999940395","1","1","1","1,0.5,0,1,0.5,0,0.5,0,1","false",""
"","html-keyboard-response","253","179116","0.0-287.0","30BUDKLTXEH90OI63S99RCN6CNU5ED","A1CPY1HLCFTIL1","329E6HTMSWO7MPPIUTRHLR63CI0K3O","","null","<img src=""img/food5.png"" style=""width:200px; border:14px solid green;"">","null","","","","","","",""
"","image-keyboard-response","254","179549","0.0-289.0","30BUDKLTXEH90OI63S99RCN6CNU5ED","A1CPY1HLCFTIL1","329E6HTMSWO7MPPIUTRHLR63CI0K3O","","430","img/food1.png","74","432.69999998807907","1","1","2","1,0.5,0,1,0.5,0,0.5,0,1","false",""
"","html-keyboard-response","255","179853","0.0-290.0","30BUDKLTXEH90OI63S99RCN6CNU5ED","A1CPY1HLCFTIL1","329E6HTMSWO7MPPIUTRHLR63CI0K3O","","null","<img src=""img/food1.png"" style=""width:200px; border:14px solid green;"">","null","","","","","","",""
"","image-keyboard-response","256","180256","0.0-292.0","30BUDKLTXEH90OI63S99RCN6CNU5ED","A1CPY1HLCFTIL1","329E6HTMSWO7MPPIUTRHLR63CI0K3O","","399.60000002384186","img/food5.png","74","402.30000001192093","1","1","1","1,0.5,0,1,0.5,0,0.5,0,1","false",""
"","html-keyboard-response","257","180560","0.0-293.0","30BUDKLTXEH90OI63S99RCN6CNU5ED","A1CPY1HLCFTIL1","329E6HTMSWO7MPPIUTRHLR63CI0K3O","","null","<img src=""img/food5.png"" style=""width:200px; border:14px solid green;"">","null","","","","","","",""
"","image-keyboard-response","258","180925","0.0-295.0","30BUDKLTXEH90OI63S99RCN6CNU5ED","A1CPY1HLCFTIL1","329E6HTMSWO7MPPIUTRHLR63CI0K3O","","361.40000000596046","img/food1.png","74","364.30000001192093","1","1","2","1,0.5,0,1,0.5,0,0.5,0,1","false",""
"","html-keyboard-response","259","181229","0.0-296.0","30BUDKLTXEH90OI63S99RCN6CNU5ED","A1CPY1HLCFTIL1","329E6HTMSWO7MPPIUTRHLR63CI0K3O","","null","<img src=""img/food1.png"" style=""width:200px; border:14px solid green;"">","null","","","","","","",""
"","image-keyboard-response","260","181637","0.0-298.0","30BUDKLTXEH90OI63S99RCN6CNU5ED","A1CPY1HLCFTIL1","329E6HTMSWO7MPPIUTRHLR63CI0K3O","","403.5","img/food6.png","74","406.40000000596046","1","0","3","1,0.5,0,1,0.5,0,0.5,0,1","false",""
"","html-keyboard-response","261","181941","0.0-299.0","30BUDKLTXEH90OI63S99RCN6CNU5ED","A1CPY1HLCFTIL1","329E6HTMSWO7MPPIUTRHLR63CI0K3O","","null","<img src=""img/food6.png"" style=""width:200px;border:14px solid red;"">","null","","","","","","",""
"","image-keyboard-response","262","182274","0.0-301.0","30BUDKLTXEH90OI63S99RCN6CNU5ED","A1CPY1HLCFTIL1","329E6HTMSWO7MPPIUTRHLR63CI0K3O","","329.09999999403954","img/food6.png","76","332","3","1","3","1,0.5,0,1,0.5,0,0.5,0,1","false",""
"","html-keyboard-response","263","182578","0.0-302.0","30BUDKLTXEH90OI63S99RCN6CNU5ED","A1CPY1HLCFTIL1","329E6HTMSWO7MPPIUTRHLR63CI0K3O","","null","<img src=""img/food6.png"" style=""width:200px; border:14px solid green;"">","null","","","","","","",""
"","image-keyboard-response","264","183581","0.0-304.0","30BUDKLTXEH90OI63S99RCN6CNU5ED","A1CPY1HLCFTIL1","329E6HTMSWO7MPPIUTRHLR63CI0K3O","","","img/food5.png","","1002.6999999880791","-1","0","1","1,0.5,0,1,0.5,0,0.5,0,1","true",""
"","html-keyboard-response","265","183885","0.0-305.0","30BUDKLTXEH90OI63S99RCN6CNU5ED","A1CPY1HLCFTIL1","329E6HTMSWO7MPPIUTRHLR63CI0K3O","","null","<img src=""img/food5.png"" style=""width:200px;border:14px solid red;"">","null","","","","","","",""
"","html-keyboard-response","266","188481","0.0-306.0-0.0","30BUDKLTXEH90OI63S99RCN6CNU5ED","A1CPY1HLCFTIL1","329E6HTMSWO7MPPIUTRHLR63CI0K3O","","","","","","","","","","",""
"","image-keyboard-response","267","188946","0.0-307.0","30BUDKLTXEH90OI63S99RCN6CNU5ED","A1CPY1HLCFTIL1","329E6HTMSWO7MPPIUTRHLR63CI0K3O","","461.90000000596046","img/food5.png","74","464","1","1","1","1,0.5,0,1,0.5,0,0.5,0,1","false",""
"","html-keyboard-response","268","189250","0.0-308.0","30BUDKLTXEH90OI63S99RCN6CNU5ED","A1CPY1HLCFTIL1","329E6HTMSWO7MPPIUTRHLR63CI0K3O","","null","<img src=""img/food5.png"" style=""width:200px; border:14px solid green;"">","null","","","","","","",""
"","image-keyboard-response","269","189462","0.0-310.0","30BUDKLTXEH90OI63S99RCN6CNU5ED","A1CPY1HLCFTIL1","329E6HTMSWO7MPPIUTRHLR63CI0K3O","","208.5","img/food5.png","74","211.2000000178814","1","1","1","1,0.5,0,1,0.5,0,0.5,0,1","false",""
"","html-keyboard-response","270","189767","0.0-311.0","30BUDKLTXEH90OI63S99RCN6CNU5ED","A1CPY1HLCFTIL1","329E6HTMSWO7MPPIUTRHLR63CI0K3O","","null","<img src=""img/food5.png"" style=""width:200px; border:14px solid green;"">","null","","","","","","",""
"","image-keyboard-response","271","190068","0.0-313.0","30BUDKLTXEH90OI63S99RCN6CNU5ED","A1CPY1HLCFTIL1","329E6HTMSWO7MPPIUTRHLR63CI0K3O","","297.59999999403954","img/food5.png","74","300.59999999403954","1","1","1","1,0.5,0,1,0.5,0,0.5,0,1","false",""
"","html-keyboard-response","272","190371","0.0-314.0","30BUDKLTXEH90OI63S99RCN6CNU5ED","A1CPY1HLCFTIL1","329E6HTMSWO7MPPIUTRHLR63CI0K3O","","null","<img src=""img/food5.png"" style=""width:200px; border:14px solid green;"">","null","","","","","","",""
"","image-keyboard-response","273","190575","0.0-316.0","30BUDKLTXEH90OI63S99RCN6CNU5ED","A1CPY1HLCFTIL1","329E6HTMSWO7MPPIUTRHLR63CI0K3O","","200.59999999403954","img/food6.png","74","202.59999999403954","1","0","3","1,0.5,0,1,0.5,0,0.5,0,1","false",""
"","html-keyboard-response","274","190877","0.0-317.0","30BUDKLTXEH90OI63S99RCN6CNU5ED","A1CPY1HLCFTIL1","329E6HTMSWO7MPPIUTRHLR63CI0K3O","","null","<img src=""img/food6.png"" style=""width:200px;border:14px solid red;"">","null","","","","","","",""
"","image-keyboard-response","275","191455","0.0-319.0","30BUDKLTXEH90OI63S99RCN6CNU5ED","A1CPY1HLCFTIL1","329E6HTMSWO7MPPIUTRHLR63CI0K3O","","575","img/food5.png","76","577.6999999880791","3","0","1","1,0.5,0,1,0.5,0,0.5,0,1","false",""
"","html-keyboard-response","276","191759","0.0-320.0","30BUDKLTXEH90OI63S99RCN6CNU5ED","A1CPY1HLCFTIL1","329E6HTMSWO7MPPIUTRHLR63CI0K3O","","null","<img src=""img/food5.png"" style=""width:200px;border:14px solid red;"">","null","","","","","","",""
"","image-keyboard-response","277","191905","0.0-322.0","30BUDKLTXEH90OI63S99RCN6CNU5ED","A1CPY1HLCFTIL1","329E6HTMSWO7MPPIUTRHLR63CI0K3O","","141.59999999403954","img/food5.png","74","144.69999998807907","1","1","1","1,0.5,0,1,0.5,0,0.5,0,1","false",""
"","html-keyboard-response","278","192209","0.0-323.0","30BUDKLTXEH90OI63S99RCN6CNU5ED","A1CPY1HLCFTIL1","329E6HTMSWO7MPPIUTRHLR63CI0K3O","","null","<img src=""img/food5.png"" style=""width:200px; border:14px solid green;"">","null","","","","","","",""
"","image-keyboard-response","279","192271","0.0-325.0","30BUDKLTXEH90OI63S99RCN6CNU5ED","A1CPY1HLCFTIL1","329E6HTMSWO7MPPIUTRHLR63CI0K3O","","59","img/food1.png","74","61.69999998807907","1","1","2","1,0.5,0,1,0.5,0,0.5,0,1","false",""
"","html-keyboard-response","280","192583","0.0-326.0","30BUDKLTXEH90OI63S99RCN6CNU5ED","A1CPY1HLCFTIL1","329E6HTMSWO7MPPIUTRHLR63CI0K3O","","null","<img src=""img/food1.png"" style=""width:200px; border:14px solid green;"">","null","","","","","","",""
"","image-keyboard-response","281","192998","0.0-328.0","30BUDKLTXEH90OI63S99RCN6CNU5ED","A1CPY1HLCFTIL1","329E6HTMSWO7MPPIUTRHLR63CI0K3O","","410.59999999403954","img/food5.png","74","413.69999998807907","1","1","1","1,0.5,0,1,0.5,0,0.5,0,1","false",""
"","html-keyboard-response","282","193302","0.0-329.0","30BUDKLTXEH90OI63S99RCN6CNU5ED","A1CPY1HLCFTIL1","329E6HTMSWO7MPPIUTRHLR63CI0K3O","","null","<img src=""img/food5.png"" style=""width:200px; border:14px solid green;"">","null","","","","","","",""
"","image-keyboard-response","283","193596","0.0-331.0","30BUDKLTXEH90OI63S99RCN6CNU5ED","A1CPY1HLCFTIL1","329E6HTMSWO7MPPIUTRHLR63CI0K3O","","291.2000000178814","img/food5.png","74","294.2000000178814","1","1","1","1,0.5,0,1,0.5,0,0.5,0,1","false",""
"","html-keyboard-response","284","193902","0.0-332.0","30BUDKLTXEH90OI63S99RCN6CNU5ED","A1CPY1HLCFTIL1","329E6HTMSWO7MPPIUTRHLR63CI0K3O","","null","<img src=""img/food5.png"" style=""width:200px; border:14px solid green;"">","null","","","","","","",""
"","image-keyboard-response","285","194163","0.0-334.0","30BUDKLTXEH90OI63S99RCN6CNU5ED","A1CPY1HLCFTIL1","329E6HTMSWO7MPPIUTRHLR63CI0K3O","","257.60000002384186","img/food1.png","74","260.5","1","1","2","1,0.5,0,1,0.5,0,0.5,0,1","false",""
"","html-keyboard-response","286","194468","0.0-335.0","30BUDKLTXEH90OI63S99RCN6CNU5ED","A1CPY1HLCFTIL1","329E6HTMSWO7MPPIUTRHLR63CI0K3O","","null","<img src=""img/food1.png"" style=""width:200px; border:14px solid green;"">","null","","","","","","",""
"","image-keyboard-response","287","194732","0.0-337.0","30BUDKLTXEH90OI63S99RCN6CNU5ED","A1CPY1HLCFTIL1","329E6HTMSWO7MPPIUTRHLR63CI0K3O","","260.19999998807907","img/food1.png","74","262.89999997615814","1","1","2","1,0.5,0,1,0.5,0,0.5,0,1","false",""
"","html-keyboard-response","288","195036","0.0-338.0","30BUDKLTXEH90OI63S99RCN6CNU5ED","A1CPY1HLCFTIL1","329E6HTMSWO7MPPIUTRHLR63CI0K3O","","null","<img src=""img/food1.png"" style=""width:200px; border:14px solid green;"">","null","","","","","","",""
"","image-keyboard-response","289","195489","0.0-340.0","30BUDKLTXEH90OI63S99RCN6CNU5ED","A1CPY1HLCFTIL1","329E6HTMSWO7MPPIUTRHLR63CI0K3O","","450","img/food5.png","74","452.7000000178814","1","1","1","1,0.5,0,1,0.5,0,0.5,0,1","false",""
"","html-keyboard-response","290","195795","0.0-341.0","30BUDKLTXEH90OI63S99RCN6CNU5ED","A1CPY1HLCFTIL1","329E6HTMSWO7MPPIUTRHLR63CI0K3O","","null","<img src=""img/food5.png"" style=""width:200px; border:14px solid green;"">","null","","","","","","",""
"","image-keyboard-response","291","196126","0.0-343.0","30BUDKLTXEH90OI63S99RCN6CNU5ED","A1CPY1HLCFTIL1","329E6HTMSWO7MPPIUTRHLR63CI0K3O","","327.7999999821186","img/food5.png","74","330.59999999403954","1","1","1","1,0.5,0,1,0.5,0,0.5,0,1","false",""
"","html-keyboard-response","292","196431","0.0-344.0","30BUDKLTXEH90OI63S99RCN6CNU5ED","A1CPY1HLCFTIL1","329E6HTMSWO7MPPIUTRHLR63CI0K3O","","null","<img src=""img/food5.png"" style=""width:200px; border:14px solid green;"">","null","","","","","","",""
"","image-keyboard-response","293","197049","0.0-346.0","30BUDKLTXEH90OI63S99RCN6CNU5ED","A1CPY1HLCFTIL1","329E6HTMSWO7MPPIUTRHLR63CI0K3O","","614.1999999880791","img/food1.png","74","617.0999999940395","1","1","2","1,0.5,0,1,0.5,0,0.5,0,1","false",""
"","html-keyboard-response","294","197352","0.0-347.0","30BUDKLTXEH90OI63S99RCN6CNU5ED","A1CPY1HLCFTIL1","329E6HTMSWO7MPPIUTRHLR63CI0K3O","","null","<img src=""img/food1.png"" style=""width:200px; border:14px solid green;"">","null","","","","","","",""
"","image-keyboard-response","295","197759","0.0-349.0","30BUDKLTXEH90OI63S99RCN6CNU5ED","A1CPY1HLCFTIL1","329E6HTMSWO7MPPIUTRHLR63CI0K3O","","403.5","img/food5.png","74","406.09999999403954","1","1","1","1,0.5,0,1,0.5,0,0.5,0,1","false",""
"","html-keyboard-response","296","198063","0.0-350.0","30BUDKLTXEH90OI63S99RCN6CNU5ED","A1CPY1HLCFTIL1","329E6HTMSWO7MPPIUTRHLR63CI0K3O","","null","<img src=""img/food5.png"" style=""width:200px; border:14px solid green;"">","null","","","","","","",""
"","image-keyboard-response","297","198365","0.0-352.0","30BUDKLTXEH90OI63S99RCN6CNU5ED","A1CPY1HLCFTIL1","329E6HTMSWO7MPPIUTRHLR63CI0K3O","","298.90000000596046","img/food6.png","74","301.80000001192093","1","1","3","1,0.5,0,1,0.5,0,0.5,0,1","false",""
"","html-keyboard-response","298","198669","0.0-353.0","30BUDKLTXEH90OI63S99RCN6CNU5ED","A1CPY1HLCFTIL1","329E6HTMSWO7MPPIUTRHLR63CI0K3O","","null","<img src=""img/food6.png"" style=""width:200px; border:14px solid green;"">","null","","","","","","",""
"","image-keyboard-response","299","199041","0.0-355.0","30BUDKLTXEH90OI63S99RCN6CNU5ED","A1CPY1HLCFTIL1","329E6HTMSWO7MPPIUTRHLR63CI0K3O","","369.19999998807907","img/food6.png","74","371.19999998807907","1","0","3","1,0.5,0,1,0.5,0,0.5,0,1","false",""
"","html-keyboard-response","300","199344","0.0-356.0","30BUDKLTXEH90OI63S99RCN6CNU5ED","A1CPY1HLCFTIL1","329E6HTMSWO7MPPIUTRHLR63CI0K3O","","null","<img src=""img/food6.png"" style=""width:200px;border:14px solid red;"">","null","","","","","","",""
"","image-keyboard-response","301","199854","0.0-358.0","30BUDKLTXEH90OI63S99RCN6CNU5ED","A1CPY1HLCFTIL1","329E6HTMSWO7MPPIUTRHLR63CI0K3O","","505.90000000596046","img/food1.png","74","508.89999997615814","1","1","2","1,0.5,0,1,0.5,0,0.5,0,1","false",""
"","html-keyboard-response","302","200157","0.0-359.0","30BUDKLTXEH90OI63S99RCN6CNU5ED","A1CPY1HLCFTIL1","329E6HTMSWO7MPPIUTRHLR63CI0K3O","","null","<img src=""img/food1.png"" style=""width:200px; border:14px solid green;"">","null","","","","","","",""
"","image-keyboard-response","303","200610","0.0-361.0","30BUDKLTXEH90OI63S99RCN6CNU5ED","A1CPY1HLCFTIL1","329E6HTMSWO7MPPIUTRHLR63CI0K3O","","449.7999999821186","img/food6.png","76","452.5","3","1","3","1,0.5,0,1,0.5,0,0.5,0,1","false",""
"","html-keyboard-response","304","200914","0.0-362.0","30BUDKLTXEH90OI63S99RCN6CNU5ED","A1CPY1HLCFTIL1","329E6HTMSWO7MPPIUTRHLR63CI0K3O","","null","<img src=""img/food6.png"" style=""width:200px; border:14px solid green;"">","null","","","","","","",""
"","image-keyboard-response","305","201217","0.0-364.0","30BUDKLTXEH90OI63S99RCN6CNU5ED","A1CPY1HLCFTIL1","329E6HTMSWO7MPPIUTRHLR63CI0K3O","","299.5","img/food6.png","76","302.09999999403954","3","1","3","1,0.5,0,1,0.5,0,0.5,0,1","false",""
"","html-keyboard-response","306","201521","0.0-365.0","30BUDKLTXEH90OI63S99RCN6CNU5ED","A1CPY1HLCFTIL1","329E6HTMSWO7MPPIUTRHLR63CI0K3O","","null","<img src=""img/food6.png"" style=""width:200px; border:14px solid green;"">","null","","","","","","",""
"","image-keyboard-response","307","201967","0.0-367.0","30BUDKLTXEH90OI63S99RCN6CNU5ED","A1CPY1HLCFTIL1","329E6HTMSWO7MPPIUTRHLR63CI0K3O","","442.69999998807907","img/food1.png","74","445.5","1","1","2","1,0.5,0,1,0.5,0,0.5,0,1","false",""
"","html-keyboard-response","308","202271","0.0-368.0","30BUDKLTXEH90OI63S99RCN6CNU5ED","A1CPY1HLCFTIL1","329E6HTMSWO7MPPIUTRHLR63CI0K3O","","null","<img src=""img/food1.png"" style=""width:200px; border:14px solid green;"">","null","","","","","","",""
"","image-keyboard-response","309","202636","0.0-370.0","30BUDKLTXEH90OI63S99RCN6CNU5ED","A1CPY1HLCFTIL1","329E6HTMSWO7MPPIUTRHLR63CI0K3O","","361.60000002384186","img/food6.png","74","364.2000000178814","1","0","3","1,0.5,0,1,0.5,0,0.5,0,1","false",""
"","html-keyboard-response","310","202939","0.0-371.0","30BUDKLTXEH90OI63S99RCN6CNU5ED","A1CPY1HLCFTIL1","329E6HTMSWO7MPPIUTRHLR63CI0K3O","","null","<img src=""img/food6.png"" style=""width:200px;border:14px solid red;"">","null","","","","","","",""
"","image-keyboard-response","311","203386","0.0-373.0","30BUDKLTXEH90OI63S99RCN6CNU5ED","A1CPY1HLCFTIL1","329E6HTMSWO7MPPIUTRHLR63CI0K3O","","444.69999998807907","img/food1.png","74","446.59999999403954","1","1","2","1,0.5,0,1,0.5,0,0.5,0,1","false",""
"","html-keyboard-response","312","203691","0.0-374.0","30BUDKLTXEH90OI63S99RCN6CNU5ED","A1CPY1HLCFTIL1","329E6HTMSWO7MPPIUTRHLR63CI0K3O","","null","<img src=""img/food1.png"" style=""width:200px; border:14px solid green;"">","null","","","","","","",""
"","image-keyboard-response","313","204342","0.0-376.0","30BUDKLTXEH90OI63S99RCN6CNU5ED","A1CPY1HLCFTIL1","329E6HTMSWO7MPPIUTRHLR63CI0K3O","","647.9000000059605","img/food5.png","74","650.0999999940395","1","1","1","1,0.5,0,1,0.5,0,0.5,0,1","false",""
"","html-keyboard-response","314","204645","0.0-377.0","30BUDKLTXEH90OI63S99RCN6CNU5ED","A1CPY1HLCFTIL1","329E6HTMSWO7MPPIUTRHLR63CI0K3O","","null","<img src=""img/food5.png"" style=""width:200px; border:14px solid green;"">","null","","","","","","",""
"","image-keyboard-response","315","205361","0.0-379.0","30BUDKLTXEH90OI63S99RCN6CNU5ED","A1CPY1HLCFTIL1","329E6HTMSWO7MPPIUTRHLR63CI0K3O","","713.0999999940395","img/food1.png","74","715.3000000119209","1","1","2","1,0.5,0,1,0.5,0,0.5,0,1","false",""
"","html-keyboard-response","316","205664","0.0-380.0","30BUDKLTXEH90OI63S99RCN6CNU5ED","A1CPY1HLCFTIL1","329E6HTMSWO7MPPIUTRHLR63CI0K3O","","null","<img src=""img/food1.png"" style=""width:200px; border:14px solid green;"">","null","","","","","","",""
"","image-keyboard-response","317","205960","0.0-382.0","30BUDKLTXEH90OI63S99RCN6CNU5ED","A1CPY1HLCFTIL1","329E6HTMSWO7MPPIUTRHLR63CI0K3O","","292.2000000178814","img/food1.png","74","295.10000002384186","1","1","2","1,0.5,0,1,0.5,0,0.5,0,1","false",""
"","html-keyboard-response","318","206264","0.0-383.0","30BUDKLTXEH90OI63S99RCN6CNU5ED","A1CPY1HLCFTIL1","329E6HTMSWO7MPPIUTRHLR63CI0K3O","","null","<img src=""img/food1.png"" style=""width:200px; border:14px solid green;"">","null","","","","","","",""
"","image-keyboard-response","319","206841","0.0-385.0","30BUDKLTXEH90OI63S99RCN6CNU5ED","A1CPY1HLCFTIL1","329E6HTMSWO7MPPIUTRHLR63CI0K3O","","572.6999999880791","img/food6.png","76","575.7000000178814","3","1","3","1,0.5,0,1,0.5,0,0.5,0,1","false",""
"","html-keyboard-response","320","207145","0.0-386.0","30BUDKLTXEH90OI63S99RCN6CNU5ED","A1CPY1HLCFTIL1","329E6HTMSWO7MPPIUTRHLR63CI0K3O","","null","<img src=""img/food6.png"" style=""width:200px; border:14px solid green;"">","null","","","","","","",""
"","image-keyboard-response","321","207389","0.0-388.0","30BUDKLTXEH90OI63S99RCN6CNU5ED","A1CPY1HLCFTIL1","329E6HTMSWO7MPPIUTRHLR63CI0K3O","","239.7999999821186","img/food5.png","76","242.5","3","0","1","1,0.5,0,1,0.5,0,0.5,0,1","false",""
"","html-keyboard-response","322","207693","0.0-389.0","30BUDKLTXEH90OI63S99RCN6CNU5ED","A1CPY1HLCFTIL1","329E6HTMSWO7MPPIUTRHLR63CI0K3O","","null","<img src=""img/food5.png"" style=""width:200px;border:14px solid red;"">","null","","","","","","",""
"","image-keyboard-response","323","207787","0.0-391.0","30BUDKLTXEH90OI63S99RCN6CNU5ED","A1CPY1HLCFTIL1","329E6HTMSWO7MPPIUTRHLR63CI0K3O","","90.09999999403954","img/food6.png","74","92.89999997615814","1","1","3","1,0.5,0,1,0.5,0,0.5,0,1","false",""
"","html-keyboard-response","324","208092","0.0-392.0","30BUDKLTXEH90OI63S99RCN6CNU5ED","A1CPY1HLCFTIL1","329E6HTMSWO7MPPIUTRHLR63CI0K3O","","null","<img src=""img/food6.png"" style=""width:200px; border:14px solid green;"">","null","","","","","","",""
"","image-keyboard-response","325","208769","0.0-394.0","30BUDKLTXEH90OI63S99RCN6CNU5ED","A1CPY1HLCFTIL1","329E6HTMSWO7MPPIUTRHLR63CI0K3O","","673.7999999821186","img/food1.png","74","676.7999999821186","1","1","2","1,0.5,0,1,0.5,0,0.5,0,1","false",""
"","html-keyboard-response","326","209073","0.0-395.0","30BUDKLTXEH90OI63S99RCN6CNU5ED","A1CPY1HLCFTIL1","329E6HTMSWO7MPPIUTRHLR63CI0K3O","","null","<img src=""img/food1.png"" style=""width:200px; border:14px solid green;"">","null","","","","","","",""
"","image-keyboard-response","327","209398","0.0-397.0","30BUDKLTXEH90OI63S99RCN6CNU5ED","A1CPY1HLCFTIL1","329E6HTMSWO7MPPIUTRHLR63CI0K3O","","321.10000002384186","img/food1.png","74","324.59999999403954","1","1","2","1,0.5,0,1,0.5,0,0.5,0,1","false",""
"","html-keyboard-response","328","209703","0.0-398.0","30BUDKLTXEH90OI63S99RCN6CNU5ED","A1CPY1HLCFTIL1","329E6HTMSWO7MPPIUTRHLR63CI0K3O","","null","<img src=""img/food1.png"" style=""width:200px; border:14px solid green;"">","null","","","","","","",""
"","image-keyboard-response","329","210174","0.0-400.0","30BUDKLTXEH90OI63S99RCN6CNU5ED","A1CPY1HLCFTIL1","329E6HTMSWO7MPPIUTRHLR63CI0K3O","","467.80000001192093","img/food5.png","74","470.80000001192093","1","1","1","1,0.5,0,1,0.5,0,0.5,0,1","false",""
"","html-keyboard-response","330","210478","0.0-401.0","30BUDKLTXEH90OI63S99RCN6CNU5ED","A1CPY1HLCFTIL1","329E6HTMSWO7MPPIUTRHLR63CI0K3O","","null","<img src=""img/food5.png"" style=""width:200px; border:14px solid green;"">","null","","","","","","",""
"","image-keyboard-response","331","210784","0.0-403.0","30BUDKLTXEH90OI63S99RCN6CNU5ED","A1CPY1HLCFTIL1","329E6HTMSWO7MPPIUTRHLR63CI0K3O","","302.59999999403954","img/food1.png","74","305.39999997615814","1","1","2","1,0.5,0,1,0.5,0,0.5,0,1","false",""
"","html-keyboard-response","332","211089","0.0-404.0","30BUDKLTXEH90OI63S99RCN6CNU5ED","A1CPY1HLCFTIL1","329E6HTMSWO7MPPIUTRHLR63CI0K3O","","null","<img src=""img/food1.png"" style=""width:200px; border:14px solid green;"">","null","","","","","","",""
"","image-keyboard-response","333","211615","0.0-406.0","30BUDKLTXEH90OI63S99RCN6CNU5ED","A1CPY1HLCFTIL1","329E6HTMSWO7MPPIUTRHLR63CI0K3O","","524.5","img/food6.png","76","526.5999999940395","3","1","3","1,0.5,0,1,0.5,0,0.5,0,1","false",""
"","html-keyboard-response","334","211920","0.0-407.0","30BUDKLTXEH90OI63S99RCN6CNU5ED","A1CPY1HLCFTIL1","329E6HTMSWO7MPPIUTRHLR63CI0K3O","","null","<img src=""img/food6.png"" style=""width:200px; border:14px solid green;"">","null","","","","","","",""
"","image-keyboard-response","335","212333","0.0-409.0","30BUDKLTXEH90OI63S99RCN6CNU5ED","A1CPY1HLCFTIL1","329E6HTMSWO7MPPIUTRHLR63CI0K3O","","409.7999999821186","img/food6.png","74","412.80000001192093","1","1","3","1,0.5,0,1,0.5,0,0.5,0,1","false",""
"","html-keyboard-response","336","212637","0.0-410.0","30BUDKLTXEH90OI63S99RCN6CNU5ED","A1CPY1HLCFTIL1","329E6HTMSWO7MPPIUTRHLR63CI0K3O","","null","<img src=""img/food6.png"" style=""width:200px; border:14px solid green;"">","null","","","","","","",""
"","image-keyboard-response","337","213184","0.0-412.0","30BUDKLTXEH90OI63S99RCN6CNU5ED","A1CPY1HLCFTIL1","329E6HTMSWO7MPPIUTRHLR63CI0K3O","","543.5","img/food6.png","76","546.2999999821186","3","1","3","1,0.5,0,1,0.5,0,0.5,0,1","false",""
"","html-keyboard-response","338","213488","0.0-413.0","30BUDKLTXEH90OI63S99RCN6CNU5ED","A1CPY1HLCFTIL1","329E6HTMSWO7MPPIUTRHLR63CI0K3O","","null","<img src=""img/food6.png"" style=""width:200px; border:14px solid green;"">","null","","","","","","",""
"","image-keyboard-response","339","213925","0.0-415.0","30BUDKLTXEH90OI63S99RCN6CNU5ED","A1CPY1HLCFTIL1","329E6HTMSWO7MPPIUTRHLR63CI0K3O","","433.40000000596046","img/food5.png","74","435.40000000596046","1","1","1","1,0.5,0,1,0.5,0,0.5,0,1","false",""
"","html-keyboard-response","340","214228","0.0-416.0","30BUDKLTXEH90OI63S99RCN6CNU5ED","A1CPY1HLCFTIL1","329E6HTMSWO7MPPIUTRHLR63CI0K3O","","null","<img src=""img/food5.png"" style=""width:200px; border:14px solid green;"">","null","","","","","","",""
"","image-keyboard-response","341","214775","0.0-418.0","30BUDKLTXEH90OI63S99RCN6CNU5ED","A1CPY1HLCFTIL1","329E6HTMSWO7MPPIUTRHLR63CI0K3O","","543.2000000178814","img/food1.png","74","548.2000000178814","1","1","2","1,0.5,0,1,0.5,0,0.5,0,1","false",""
"","html-keyboard-response","342","215083","0.0-419.0","30BUDKLTXEH90OI63S99RCN6CNU5ED","A1CPY1HLCFTIL1","329E6HTMSWO7MPPIUTRHLR63CI0K3O","","null","<img src=""img/food1.png"" style=""width:200px; border:14px solid green;"">","null","","","","","","",""
"","image-keyboard-response","343","215613","0.0-421.0","30BUDKLTXEH90OI63S99RCN6CNU5ED","A1CPY1HLCFTIL1","329E6HTMSWO7MPPIUTRHLR63CI0K3O","","526.7999999821186","img/food5.png","74","529.5999999940395","1","1","1","1,0.5,0,1,0.5,0,0.5,0,1","false",""
"","html-keyboard-response","344","215917","0.0-422.0","30BUDKLTXEH90OI63S99RCN6CNU5ED","A1CPY1HLCFTIL1","329E6HTMSWO7MPPIUTRHLR63CI0K3O","","null","<img src=""img/food5.png"" style=""width:200px; border:14px solid green;"">","null","","","","","","",""
"","image-keyboard-response","345","216333","0.0-424.0","30BUDKLTXEH90OI63S99RCN6CNU5ED","A1CPY1HLCFTIL1","329E6HTMSWO7MPPIUTRHLR63CI0K3O","","412.2999999821186","img/food1.png","74","415.2000000178814","1","1","2","1,0.5,0,1,0.5,0,0.5,0,1","false",""
"","html-keyboard-response","346","216638","0.0-425.0","30BUDKLTXEH90OI63S99RCN6CNU5ED","A1CPY1HLCFTIL1","329E6HTMSWO7MPPIUTRHLR63CI0K3O","","null","<img src=""img/food1.png"" style=""width:200px; border:14px solid green;"">","null","","","","","","",""
"","image-keyboard-response","347","217011","0.0-427.0","30BUDKLTXEH90OI63S99RCN6CNU5ED","A1CPY1HLCFTIL1","329E6HTMSWO7MPPIUTRHLR63CI0K3O","","369.7000000178814","img/food1.png","74","372.5","1","1","2","1,0.5,0,1,0.5,0,0.5,0,1","false",""
"","html-keyboard-response","348","217330","0.0-428.0","30BUDKLTXEH90OI63S99RCN6CNU5ED","A1CPY1HLCFTIL1","329E6HTMSWO7MPPIUTRHLR63CI0K3O","","null","<img src=""img/food1.png"" style=""width:200px; border:14px solid green;"">","null","","","","","","",""
"","image-keyboard-response","349","217889","0.0-430.0","30BUDKLTXEH90OI63S99RCN6CNU5ED","A1CPY1HLCFTIL1","329E6HTMSWO7MPPIUTRHLR63CI0K3O","","555.9000000059605","img/food6.png","76","558.5999999940395","3","1","3","1,0.5,0,1,0.5,0,0.5,0,1","false",""
"","html-keyboard-response","350","218193","0.0-431.0","30BUDKLTXEH90OI63S99RCN6CNU5ED","A1CPY1HLCFTIL1","329E6HTMSWO7MPPIUTRHLR63CI0K3O","","null","<img src=""img/food6.png"" style=""width:200px; border:14px solid green;"">","null","","","","","","",""
"","image-keyboard-response","351","218548","0.0-433.0","30BUDKLTXEH90OI63S99RCN6CNU5ED","A1CPY1HLCFTIL1","329E6HTMSWO7MPPIUTRHLR63CI0K3O","","351.5","img/food6.png","76","354.40000000596046","3","1","3","1,0.5,0,1,0.5,0,0.5,0,1","false",""
"","html-keyboard-response","352","218853","0.0-434.0","30BUDKLTXEH90OI63S99RCN6CNU5ED","A1CPY1HLCFTIL1","329E6HTMSWO7MPPIUTRHLR63CI0K3O","","null","<img src=""img/food6.png"" style=""width:200px; border:14px solid green;"">","null","","","","","","",""
"","image-keyboard-response","353","219194","0.0-436.0","30BUDKLTXEH90OI63S99RCN6CNU5ED","A1CPY1HLCFTIL1","329E6HTMSWO7MPPIUTRHLR63CI0K3O","","337.5","img/food5.png","74","339.90000000596046","1","1","1","1,0.5,0,1,0.5,0,0.5,0,1","false",""
"","html-keyboard-response","354","219497","0.0-437.0","30BUDKLTXEH90OI63S99RCN6CNU5ED","A1CPY1HLCFTIL1","329E6HTMSWO7MPPIUTRHLR63CI0K3O","","null","<img src=""img/food5.png"" style=""width:200px; border:14px solid green;"">","null","","","","","","",""
"","image-keyboard-response","355","220026","0.0-439.0","30BUDKLTXEH90OI63S99RCN6CNU5ED","A1CPY1HLCFTIL1","329E6HTMSWO7MPPIUTRHLR63CI0K3O","","525.3999999761581","img/food1.png","74","528.0999999940395","1","1","2","1,0.5,0,1,0.5,0,0.5,0,1","false",""
"","html-keyboard-response","356","220329","0.0-440.0","30BUDKLTXEH90OI63S99RCN6CNU5ED","A1CPY1HLCFTIL1","329E6HTMSWO7MPPIUTRHLR63CI0K3O","","null","<img src=""img/food1.png"" style=""width:200px; border:14px solid green;"">","null","","","","","","",""
"","image-keyboard-response","357","220766","0.0-442.0","30BUDKLTXEH90OI63S99RCN6CNU5ED","A1CPY1HLCFTIL1","329E6HTMSWO7MPPIUTRHLR63CI0K3O","","433.59999999403954","img/food5.png","74","436.5","1","1","1","1,0.5,0,1,0.5,0,0.5,0,1","false",""
"","html-keyboard-response","358","221071","0.0-443.0","30BUDKLTXEH90OI63S99RCN6CNU5ED","A1CPY1HLCFTIL1","329E6HTMSWO7MPPIUTRHLR63CI0K3O","","null","<img src=""img/food5.png"" style=""width:200px; border:14px solid green;"">","null","","","","","","",""
"","image-keyboard-response","359","221635","0.0-445.0","30BUDKLTXEH90OI63S99RCN6CNU5ED","A1CPY1HLCFTIL1","329E6HTMSWO7MPPIUTRHLR63CI0K3O","","560.3000000119209","img/food1.png","74","563.5","1","1","2","1,0.5,0,1,0.5,0,0.5,0,1","false",""
"","html-keyboard-response","360","221940","0.0-446.0","30BUDKLTXEH90OI63S99RCN6CNU5ED","A1CPY1HLCFTIL1","329E6HTMSWO7MPPIUTRHLR63CI0K3O","","null","<img src=""img/food1.png"" style=""width:200px; border:14px solid green;"">","null","","","","","","",""
"","image-keyboard-response","361","222324","0.0-448.0","30BUDKLTXEH90OI63S99RCN6CNU5ED","A1CPY1HLCFTIL1","329E6HTMSWO7MPPIUTRHLR63CI0K3O","","379.40000000596046","img/food5.png","74","382.80000001192093","1","1","1","1,0.5,0,1,0.5,0,0.5,0,1","false",""
"","html-keyboard-response","362","222628","0.0-449.0","30BUDKLTXEH90OI63S99RCN6CNU5ED","A1CPY1HLCFTIL1","329E6HTMSWO7MPPIUTRHLR63CI0K3O","","null","<img src=""img/food5.png"" style=""width:200px; border:14px solid green;"">","null","","","","","","",""
"","image-keyboard-response","363","223000","0.0-451.0","30BUDKLTXEH90OI63S99RCN6CNU5ED","A1CPY1HLCFTIL1","329E6HTMSWO7MPPIUTRHLR63CI0K3O","","368.09999999403954","img/food1.png","74","371.30000001192093","1","1","2","1,0.5,0,1,0.5,0,0.5,0,1","false",""
"","html-keyboard-response","364","223303","0.0-452.0","30BUDKLTXEH90OI63S99RCN6CNU5ED","A1CPY1HLCFTIL1","329E6HTMSWO7MPPIUTRHLR63CI0K3O","","null","<img src=""img/food1.png"" style=""width:200px; border:14px solid green;"">","null","","","","","","",""
"","instructions","365","227356","0.0-454.0","30BUDKLTXEH90OI63S99RCN6CNU5ED","A1CPY1HLCFTIL1","329E6HTMSWO7MPPIUTRHLR63CI0K3O","[{""page_index"":0,""viewing_time"":4050.199999988079}]","4050.699999988079","","","","","","","","",""
"","survey-text","366","232214","0.0-455.0","30BUDKLTXEH90OI63S99RCN6CNU5ED","A1CPY1HLCFTIL1","329E6HTMSWO7MPPIUTRHLR63CI0K3O","","4853.9000000059605","","","","","","","","","{""Q0"":""A1CPY1HLCFTIL1""}"
